region,ci_name,ci_frequency,standard_name,units,mid_month,FD_year_4C_rcp85_ensemble-robustness
01001_Flensburg,FD,year,days_with_air_temperature_below_threshold,days,7,-2
01002_Kiel,FD,year,days_with_air_temperature_below_threshold,days,7,-2
01003_Lübeck,FD,year,days_with_air_temperature_below_threshold,days,7,-2
01004_Neumünster,FD,year,days_with_air_temperature_below_threshold,days,7,-2
01051_Dithmarschen,FD,year,days_with_air_temperature_below_threshold,days,7,-2
01053_Herzogtum Lauenburg,FD,year,days_with_air_temperature_below_threshold,days,7,-2
01054_Nordfriesland,FD,year,days_with_air_temperature_below_threshold,days,7,-2
01055_Ostholstein,FD,year,days_with_air_temperature_below_threshold,days,7,-2
01057_Plön,FD,year,days_with_air_temperature_below_threshold,days,7,-2
01058_Rendsburg-Eckernförde,FD,year,days_with_air_temperature_below_threshold,days,7,-2
01059_Schleswig-Flensburg,FD,year,days_with_air_temperature_below_threshold,days,7,-2
01060_Segeberg,FD,year,days_with_air_temperature_below_threshold,days,7,-2
01061_Steinburg,FD,year,days_with_air_temperature_below_threshold,days,7,-2
01062_Stormarn,FD,year,days_with_air_temperature_below_threshold,days,7,-2
02000_Hamburg,FD,year,days_with_air_temperature_below_threshold,days,7,-2
03101_Braunschweig,FD,year,days_with_air_temperature_below_threshold,days,7,-2
03102_Salzgitter,FD,year,days_with_air_temperature_below_threshold,days,7,-2
03103_Wolfsburg,FD,year,days_with_air_temperature_below_threshold,days,7,-2
03151_Gifhorn,FD,year,days_with_air_temperature_below_threshold,days,7,-2
03159_Göttingen,FD,year,days_with_air_temperature_below_threshold,days,7,-2
03153_Goslar,FD,year,days_with_air_temperature_below_threshold,days,7,-2
03154_Helmstedt,FD,year,days_with_air_temperature_below_threshold,days,7,-2
03155_Northeim,FD,year,days_with_air_temperature_below_threshold,days,7,-2
03157_Peine,FD,year,days_with_air_temperature_below_threshold,days,7,-2
03158_Wolfenbüttel,FD,year,days_with_air_temperature_below_threshold,days,7,-2
03241_Region Hannover,FD,year,days_with_air_temperature_below_threshold,days,7,-2
03251_Diepholz,FD,year,days_with_air_temperature_below_threshold,days,7,-2
03252_Hameln-Pyrmont,FD,year,days_with_air_temperature_below_threshold,days,7,-2
03254_Hildesheim,FD,year,days_with_air_temperature_below_threshold,days,7,-2
03255_Holzminden,FD,year,days_with_air_temperature_below_threshold,days,7,-2
01056_Pinneberg,FD,year,days_with_air_temperature_below_threshold,days,7,-2
03256_Nienburg (Weser),FD,year,days_with_air_temperature_below_threshold,days,7,-2
03257_Schaumburg,FD,year,days_with_air_temperature_below_threshold,days,7,-2
03351_Celle,FD,year,days_with_air_temperature_below_threshold,days,7,-2
03352_Cuxhaven,FD,year,days_with_air_temperature_below_threshold,days,7,-2
03353_Harburg,FD,year,days_with_air_temperature_below_threshold,days,7,-2
03354_Lüchow-Dannenberg,FD,year,days_with_air_temperature_below_threshold,days,7,-2
03355_Lüneburg,FD,year,days_with_air_temperature_below_threshold,days,7,-2
03356_Osterholz,FD,year,days_with_air_temperature_below_threshold,days,7,-2
03357_Rotenburg (Wümme),FD,year,days_with_air_temperature_below_threshold,days,7,-2
03358_Heidekreis,FD,year,days_with_air_temperature_below_threshold,days,7,-2
03359_Stade,FD,year,days_with_air_temperature_below_threshold,days,7,-2
03360_Uelzen,FD,year,days_with_air_temperature_below_threshold,days,7,-2
03361_Verden,FD,year,days_with_air_temperature_below_threshold,days,7,-2
03401_Delmenhorst,FD,year,days_with_air_temperature_below_threshold,days,7,-2
03402_Emden,FD,year,days_with_air_temperature_below_threshold,days,7,-2
03403_Oldenburg (Oldb),FD,year,days_with_air_temperature_below_threshold,days,7,-2
03404_Osnabrück,FD,year,days_with_air_temperature_below_threshold,days,7,-2
03405_Wilhelmshaven,FD,year,days_with_air_temperature_below_threshold,days,7,-2
03451_Ammerland,FD,year,days_with_air_temperature_below_threshold,days,7,-2
03452_Aurich,FD,year,days_with_air_temperature_below_threshold,days,7,-2
03453_Cloppenburg,FD,year,days_with_air_temperature_below_threshold,days,7,-2
03454_Emsland,FD,year,days_with_air_temperature_below_threshold,days,7,-2
03455_Friesland,FD,year,days_with_air_temperature_below_threshold,days,7,-2
03456_Grafschaft Bentheim,FD,year,days_with_air_temperature_below_threshold,days,7,-2
03457_Leer,FD,year,days_with_air_temperature_below_threshold,days,7,-2
03458_Oldenburg,FD,year,days_with_air_temperature_below_threshold,days,7,-2
03459_Osnabrück,FD,year,days_with_air_temperature_below_threshold,days,7,-2
03460_Vechta,FD,year,days_with_air_temperature_below_threshold,days,7,-2
03461_Wesermarsch,FD,year,days_with_air_temperature_below_threshold,days,7,-2
03462_Wittmund,FD,year,days_with_air_temperature_below_threshold,days,7,-2
04011_Bremen,FD,year,days_with_air_temperature_below_threshold,days,7,-2
04012_Bremerhaven,FD,year,days_with_air_temperature_below_threshold,days,7,-2
05111_Düsseldorf,FD,year,days_with_air_temperature_below_threshold,days,7,-2
05112_Duisburg,FD,year,days_with_air_temperature_below_threshold,days,7,-2
05113_Essen,FD,year,days_with_air_temperature_below_threshold,days,7,-2
05114_Krefeld,FD,year,days_with_air_temperature_below_threshold,days,7,-2
05116_Mönchengladbach,FD,year,days_with_air_temperature_below_threshold,days,7,-2
05117_Mülheim an der Ruhr,FD,year,days_with_air_temperature_below_threshold,days,7,-2
05119_Oberhausen,FD,year,days_with_air_temperature_below_threshold,days,7,-2
05120_Remscheid,FD,year,days_with_air_temperature_below_threshold,days,7,-2
05122_Solingen,FD,year,days_with_air_temperature_below_threshold,days,7,-2
05124_Wuppertal,FD,year,days_with_air_temperature_below_threshold,days,7,-2
05154_Kleve,FD,year,days_with_air_temperature_below_threshold,days,7,-2
05158_Mettmann,FD,year,days_with_air_temperature_below_threshold,days,7,-2
05162_Rhein-Kreis Neuss,FD,year,days_with_air_temperature_below_threshold,days,7,-2
05166_Viersen,FD,year,days_with_air_temperature_below_threshold,days,7,-2
05170_Wesel,FD,year,days_with_air_temperature_below_threshold,days,7,-2
05314_Bonn,FD,year,days_with_air_temperature_below_threshold,days,7,-2
05315_Köln,FD,year,days_with_air_temperature_below_threshold,days,7,-2
05316_Leverkusen,FD,year,days_with_air_temperature_below_threshold,days,7,-2
05334_Städteregion Aachen,FD,year,days_with_air_temperature_below_threshold,days,7,-2
05358_Düren,FD,year,days_with_air_temperature_below_threshold,days,7,-2
05362_Rhein-Erft-Kreis,FD,year,days_with_air_temperature_below_threshold,days,7,-2
05366_Euskirchen,FD,year,days_with_air_temperature_below_threshold,days,7,-2
05370_Heinsberg,FD,year,days_with_air_temperature_below_threshold,days,7,-2
05374_Oberbergischer Kreis,FD,year,days_with_air_temperature_below_threshold,days,7,-2
05378_Rheinisch-Bergischer Kreis,FD,year,days_with_air_temperature_below_threshold,days,7,-2
05382_Rhein-Sieg-Kreis,FD,year,days_with_air_temperature_below_threshold,days,7,-2
05512_Bottrop,FD,year,days_with_air_temperature_below_threshold,days,7,-2
05513_Gelsenkirchen,FD,year,days_with_air_temperature_below_threshold,days,7,-2
05515_Münster,FD,year,days_with_air_temperature_below_threshold,days,7,-2
05554_Borken,FD,year,days_with_air_temperature_below_threshold,days,7,-2
05558_Coesfeld,FD,year,days_with_air_temperature_below_threshold,days,7,-2
05562_Recklinghausen,FD,year,days_with_air_temperature_below_threshold,days,7,-2
05566_Steinfurt,FD,year,days_with_air_temperature_below_threshold,days,7,-2
05570_Warendorf,FD,year,days_with_air_temperature_below_threshold,days,7,-2
05711_Bielefeld,FD,year,days_with_air_temperature_below_threshold,days,7,-2
05754_Gütersloh,FD,year,days_with_air_temperature_below_threshold,days,7,-2
05758_Herford,FD,year,days_with_air_temperature_below_threshold,days,7,-2
05762_Höxter,FD,year,days_with_air_temperature_below_threshold,days,7,-2
05766_Lippe,FD,year,days_with_air_temperature_below_threshold,days,7,-2
05770_Minden-Lübbecke,FD,year,days_with_air_temperature_below_threshold,days,7,-2
05774_Paderborn,FD,year,days_with_air_temperature_below_threshold,days,7,-2
05911_Bochum,FD,year,days_with_air_temperature_below_threshold,days,7,-2
05913_Dortmund,FD,year,days_with_air_temperature_below_threshold,days,7,-2
05914_Hagen,FD,year,days_with_air_temperature_below_threshold,days,7,-2
05915_Hamm,FD,year,days_with_air_temperature_below_threshold,days,7,-2
05916_Herne,FD,year,days_with_air_temperature_below_threshold,days,7,-2
05954_Ennepe-Ruhr-Kreis,FD,year,days_with_air_temperature_below_threshold,days,7,-2
05958_Hochsauerlandkreis,FD,year,days_with_air_temperature_below_threshold,days,7,-2
05962_Märkischer Kreis,FD,year,days_with_air_temperature_below_threshold,days,7,-2
05966_Olpe,FD,year,days_with_air_temperature_below_threshold,days,7,-2
05970_Siegen-Wittgenstein,FD,year,days_with_air_temperature_below_threshold,days,7,-2
05974_Soest,FD,year,days_with_air_temperature_below_threshold,days,7,-2
05978_Unna,FD,year,days_with_air_temperature_below_threshold,days,7,-2
06411_Darmstadt,FD,year,days_with_air_temperature_below_threshold,days,7,-2
06412_Frankfurt am Main,FD,year,days_with_air_temperature_below_threshold,days,7,-2
06413_Offenbach am Main,FD,year,days_with_air_temperature_below_threshold,days,7,-2
06414_Wiesbaden,FD,year,days_with_air_temperature_below_threshold,days,7,-2
06431_Bergstraße,FD,year,days_with_air_temperature_below_threshold,days,7,-2
06432_Darmstadt-Dieburg,FD,year,days_with_air_temperature_below_threshold,days,7,-2
06433_Groß-Gerau,FD,year,days_with_air_temperature_below_threshold,days,7,-2
06434_Hochtaunuskreis,FD,year,days_with_air_temperature_below_threshold,days,7,-2
06435_Main-Kinzig-Kreis,FD,year,days_with_air_temperature_below_threshold,days,7,-2
06436_Main-Taunus-Kreis,FD,year,days_with_air_temperature_below_threshold,days,7,-2
06437_Odenwaldkreis,FD,year,days_with_air_temperature_below_threshold,days,7,-2
06438_Offenbach,FD,year,days_with_air_temperature_below_threshold,days,7,-2
06439_Rheingau-Taunus-Kreis,FD,year,days_with_air_temperature_below_threshold,days,7,-2
06440_Wetteraukreis,FD,year,days_with_air_temperature_below_threshold,days,7,-2
06531_Gießen,FD,year,days_with_air_temperature_below_threshold,days,7,-2
06532_Lahn-Dill-Kreis,FD,year,days_with_air_temperature_below_threshold,days,7,-2
06533_Limburg-Weilburg,FD,year,days_with_air_temperature_below_threshold,days,7,-2
06534_Marburg-Biedenkopf,FD,year,days_with_air_temperature_below_threshold,days,7,-2
06535_Vogelsbergkreis,FD,year,days_with_air_temperature_below_threshold,days,7,-2
06611_Kassel,FD,year,days_with_air_temperature_below_threshold,days,7,-2
06631_Fulda,FD,year,days_with_air_temperature_below_threshold,days,7,-2
06632_Hersfeld-Rotenburg,FD,year,days_with_air_temperature_below_threshold,days,7,-2
06633_Kassel,FD,year,days_with_air_temperature_below_threshold,days,7,-2
06634_Schwalm-Eder-Kreis,FD,year,days_with_air_temperature_below_threshold,days,7,-2
06635_Waldeck-Frankenberg,FD,year,days_with_air_temperature_below_threshold,days,7,-2
06636_Werra-Meißner-Kreis,FD,year,days_with_air_temperature_below_threshold,days,7,-2
07111_Koblenz,FD,year,days_with_air_temperature_below_threshold,days,7,-2
07131_Ahrweiler,FD,year,days_with_air_temperature_below_threshold,days,7,-2
07132_Altenkirchen (Westerwald),FD,year,days_with_air_temperature_below_threshold,days,7,-2
07133_Bad Kreuznach,FD,year,days_with_air_temperature_below_threshold,days,7,-2
07134_Birkenfeld,FD,year,days_with_air_temperature_below_threshold,days,7,-2
07135_Cochem-Zell,FD,year,days_with_air_temperature_below_threshold,days,7,-2
07137_Mayen-Koblenz,FD,year,days_with_air_temperature_below_threshold,days,7,-2
07138_Neuwied,FD,year,days_with_air_temperature_below_threshold,days,7,-2
07140_Rhein-Hunsrück-Kreis,FD,year,days_with_air_temperature_below_threshold,days,7,-2
07141_Rhein-Lahn-Kreis,FD,year,days_with_air_temperature_below_threshold,days,7,-2
07143_Westerwaldkreis,FD,year,days_with_air_temperature_below_threshold,days,7,-2
07211_Trier,FD,year,days_with_air_temperature_below_threshold,days,7,-2
07231_Bernkastel-Wittlich,FD,year,days_with_air_temperature_below_threshold,days,7,-2
07232_Eifelkreis Bitburg-Prüm,FD,year,days_with_air_temperature_below_threshold,days,7,-2
07233_Vulkaneifel,FD,year,days_with_air_temperature_below_threshold,days,7,-2
07235_Trier-Saarburg,FD,year,days_with_air_temperature_below_threshold,days,7,-2
07311_Frankenthal (Pfalz),FD,year,days_with_air_temperature_below_threshold,days,7,-2
07312_Kaiserslautern,FD,year,days_with_air_temperature_below_threshold,days,7,-2
07313_Landau in der Pfalz,FD,year,days_with_air_temperature_below_threshold,days,7,-2
07314_Ludwigshafen am Rhein,FD,year,days_with_air_temperature_below_threshold,days,7,-2
07315_Mainz,FD,year,days_with_air_temperature_below_threshold,days,7,-2
07316_Neustadt an der Weinstraße,FD,year,days_with_air_temperature_below_threshold,days,7,-2
07317_Pirmasens,FD,year,days_with_air_temperature_below_threshold,days,7,-2
07318_Speyer,FD,year,days_with_air_temperature_below_threshold,days,7,-2
07319_Worms,FD,year,days_with_air_temperature_below_threshold,days,7,-2
07320_Zweibrücken,FD,year,days_with_air_temperature_below_threshold,days,7,-2
07331_Alzey-Worms,FD,year,days_with_air_temperature_below_threshold,days,7,-2
07332_Bad Dürkheim,FD,year,days_with_air_temperature_below_threshold,days,7,-2
07333_Donnersbergkreis,FD,year,days_with_air_temperature_below_threshold,days,7,-2
07334_Germersheim,FD,year,days_with_air_temperature_below_threshold,days,7,-2
07335_Kaiserslautern,FD,year,days_with_air_temperature_below_threshold,days,7,-2
07336_Kusel,FD,year,days_with_air_temperature_below_threshold,days,7,-2
07337_Südliche Weinstraße,FD,year,days_with_air_temperature_below_threshold,days,7,-2
07338_Rhein-Pfalz-Kreis,FD,year,days_with_air_temperature_below_threshold,days,7,-2
07339_Mainz-Bingen,FD,year,days_with_air_temperature_below_threshold,days,7,-2
07340_Südwestpfalz,FD,year,days_with_air_temperature_below_threshold,days,7,-2
08111_Stuttgart,FD,year,days_with_air_temperature_below_threshold,days,7,-2
08115_Böblingen,FD,year,days_with_air_temperature_below_threshold,days,7,-2
08116_Esslingen,FD,year,days_with_air_temperature_below_threshold,days,7,-2
08117_Göppingen,FD,year,days_with_air_temperature_below_threshold,days,7,-2
08118_Ludwigsburg,FD,year,days_with_air_temperature_below_threshold,days,7,-2
08119_Rems-Murr-Kreis,FD,year,days_with_air_temperature_below_threshold,days,7,-2
08121_Heilbronn,FD,year,days_with_air_temperature_below_threshold,days,7,-2
08125_Heilbronn,FD,year,days_with_air_temperature_below_threshold,days,7,-2
08126_Hohenlohekreis,FD,year,days_with_air_temperature_below_threshold,days,7,-2
08127_Schwäbisch Hall,FD,year,days_with_air_temperature_below_threshold,days,7,-2
08128_Main-Tauber-Kreis,FD,year,days_with_air_temperature_below_threshold,days,7,-2
08135_Heidenheim,FD,year,days_with_air_temperature_below_threshold,days,7,-2
08136_Ostalbkreis,FD,year,days_with_air_temperature_below_threshold,days,7,-2
08211_Baden-Baden,FD,year,days_with_air_temperature_below_threshold,days,7,-2
08212_Karlsruhe,FD,year,days_with_air_temperature_below_threshold,days,7,-2
08215_Karlsruhe,FD,year,days_with_air_temperature_below_threshold,days,7,-2
08216_Rastatt,FD,year,days_with_air_temperature_below_threshold,days,7,-2
08221_Heidelberg,FD,year,days_with_air_temperature_below_threshold,days,7,-2
08222_Mannheim,FD,year,days_with_air_temperature_below_threshold,days,7,-2
08225_Neckar-Odenwald-Kreis,FD,year,days_with_air_temperature_below_threshold,days,7,-2
08226_Rhein-Neckar-Kreis,FD,year,days_with_air_temperature_below_threshold,days,7,-2
08231_Pforzheim,FD,year,days_with_air_temperature_below_threshold,days,7,-2
08235_Calw,FD,year,days_with_air_temperature_below_threshold,days,7,-2
08236_Enzkreis,FD,year,days_with_air_temperature_below_threshold,days,7,-2
08237_Freudenstadt,FD,year,days_with_air_temperature_below_threshold,days,7,-2
08311_Freiburg im Breisgau,FD,year,days_with_air_temperature_below_threshold,days,7,-2
08315_Breisgau-Hochschwarzwald,FD,year,days_with_air_temperature_below_threshold,days,7,-2
08316_Emmendingen,FD,year,days_with_air_temperature_below_threshold,days,7,-2
08317_Ortenaukreis,FD,year,days_with_air_temperature_below_threshold,days,7,-2
08325_Rottweil,FD,year,days_with_air_temperature_below_threshold,days,7,-2
08326_Schwarzwald-Baar-Kreis,FD,year,days_with_air_temperature_below_threshold,days,7,-2
08327_Tuttlingen,FD,year,days_with_air_temperature_below_threshold,days,7,-2
08335_Konstanz,FD,year,days_with_air_temperature_below_threshold,days,7,-2
08336_Lörrach,FD,year,days_with_air_temperature_below_threshold,days,7,-2
08337_Waldshut,FD,year,days_with_air_temperature_below_threshold,days,7,-2
08415_Reutlingen,FD,year,days_with_air_temperature_below_threshold,days,7,-2
08416_Tübingen,FD,year,days_with_air_temperature_below_threshold,days,7,-2
08417_Zollernalbkreis,FD,year,days_with_air_temperature_below_threshold,days,7,-2
08421_Ulm,FD,year,days_with_air_temperature_below_threshold,days,7,-2
08425_Alb-Donau-Kreis,FD,year,days_with_air_temperature_below_threshold,days,7,-2
08426_Biberach,FD,year,days_with_air_temperature_below_threshold,days,7,-2
08435_Bodenseekreis,FD,year,days_with_air_temperature_below_threshold,days,7,-2
08436_Ravensburg,FD,year,days_with_air_temperature_below_threshold,days,7,-2
08437_Sigmaringen,FD,year,days_with_air_temperature_below_threshold,days,7,-2
09161_Ingolstadt,FD,year,days_with_air_temperature_below_threshold,days,7,-2
09162_München,FD,year,days_with_air_temperature_below_threshold,days,7,-2
09163_Rosenheim,FD,year,days_with_air_temperature_below_threshold,days,7,-2
09171_Altötting,FD,year,days_with_air_temperature_below_threshold,days,7,-2
09172_Berchtesgadener Land,FD,year,days_with_air_temperature_below_threshold,days,7,-2
09173_Bad Tölz-Wolfratshausen,FD,year,days_with_air_temperature_below_threshold,days,7,-2
09174_Dachau,FD,year,days_with_air_temperature_below_threshold,days,7,-2
09175_Ebersberg,FD,year,days_with_air_temperature_below_threshold,days,7,-2
09176_Eichstätt,FD,year,days_with_air_temperature_below_threshold,days,7,-2
09177_Erding,FD,year,days_with_air_temperature_below_threshold,days,7,-2
09178_Freising,FD,year,days_with_air_temperature_below_threshold,days,7,-2
09179_Fürstenfeldbruck,FD,year,days_with_air_temperature_below_threshold,days,7,-2
09180_Garmisch-Partenkirchen,FD,year,days_with_air_temperature_below_threshold,days,7,-2
09181_Landsberg am Lech,FD,year,days_with_air_temperature_below_threshold,days,7,-2
09182_Miesbach,FD,year,days_with_air_temperature_below_threshold,days,7,-2
09183_Mühldorf a. Inn,FD,year,days_with_air_temperature_below_threshold,days,7,-2
09184_München,FD,year,days_with_air_temperature_below_threshold,days,7,-2
09185_Neuburg-Schrobenhausen,FD,year,days_with_air_temperature_below_threshold,days,7,-2
09186_Pfaffenhofen a.d. Ilm,FD,year,days_with_air_temperature_below_threshold,days,7,-2
09187_Rosenheim,FD,year,days_with_air_temperature_below_threshold,days,7,-2
09188_Starnberg,FD,year,days_with_air_temperature_below_threshold,days,7,-2
09189_Traunstein,FD,year,days_with_air_temperature_below_threshold,days,7,-2
09190_Weilheim-Schongau,FD,year,days_with_air_temperature_below_threshold,days,7,-2
09261_Landshut,FD,year,days_with_air_temperature_below_threshold,days,7,-2
09262_Passau,FD,year,days_with_air_temperature_below_threshold,days,7,-2
09263_Straubing,FD,year,days_with_air_temperature_below_threshold,days,7,-2
09271_Deggendorf,FD,year,days_with_air_temperature_below_threshold,days,7,-2
09272_Freyung-Grafenau,FD,year,days_with_air_temperature_below_threshold,days,7,-2
09273_Kelheim,FD,year,days_with_air_temperature_below_threshold,days,7,-2
09274_Landshut,FD,year,days_with_air_temperature_below_threshold,days,7,-2
09275_Passau,FD,year,days_with_air_temperature_below_threshold,days,7,-2
09276_Regen,FD,year,days_with_air_temperature_below_threshold,days,7,-2
09277_Rottal-Inn,FD,year,days_with_air_temperature_below_threshold,days,7,-2
09278_Straubing-Bogen,FD,year,days_with_air_temperature_below_threshold,days,7,-2
09279_Dingolfing-Landau,FD,year,days_with_air_temperature_below_threshold,days,7,-2
09361_Amberg,FD,year,days_with_air_temperature_below_threshold,days,7,-2
09362_Regensburg,FD,year,days_with_air_temperature_below_threshold,days,7,-2
09363_Weiden i.d. OPf.,FD,year,days_with_air_temperature_below_threshold,days,7,-2
09371_Amberg-Sulzbach,FD,year,days_with_air_temperature_below_threshold,days,7,-2
09372_Cham,FD,year,days_with_air_temperature_below_threshold,days,7,-2
09373_Neumarkt i.d. OPf.,FD,year,days_with_air_temperature_below_threshold,days,7,-2
09374_Neustadt a.d. Waldnaab,FD,year,days_with_air_temperature_below_threshold,days,7,-2
09375_Regensburg,FD,year,days_with_air_temperature_below_threshold,days,7,-2
09376_Schwandorf,FD,year,days_with_air_temperature_below_threshold,days,7,-2
09377_Tirschenreuth,FD,year,days_with_air_temperature_below_threshold,days,7,-2
09461_Bamberg,FD,year,days_with_air_temperature_below_threshold,days,7,-2
09462_Bayreuth,FD,year,days_with_air_temperature_below_threshold,days,7,-2
09463_Coburg,FD,year,days_with_air_temperature_below_threshold,days,7,-2
09464_Hof,FD,year,days_with_air_temperature_below_threshold,days,7,-2
09471_Bamberg,FD,year,days_with_air_temperature_below_threshold,days,7,-2
09472_Bayreuth,FD,year,days_with_air_temperature_below_threshold,days,7,-2
09473_Coburg,FD,year,days_with_air_temperature_below_threshold,days,7,-2
09474_Forchheim,FD,year,days_with_air_temperature_below_threshold,days,7,-2
09475_Hof,FD,year,days_with_air_temperature_below_threshold,days,7,-2
09476_Kronach,FD,year,days_with_air_temperature_below_threshold,days,7,-2
09477_Kulmbach,FD,year,days_with_air_temperature_below_threshold,days,7,-2
09478_Lichtenfels,FD,year,days_with_air_temperature_below_threshold,days,7,-2
09479_Wunsiedel i. Fichtelgebirge,FD,year,days_with_air_temperature_below_threshold,days,7,-2
09561_Ansbach,FD,year,days_with_air_temperature_below_threshold,days,7,-2
09562_Erlangen,FD,year,days_with_air_temperature_below_threshold,days,7,-2
09563_Fürth,FD,year,days_with_air_temperature_below_threshold,days,7,-2
09564_Nürnberg,FD,year,days_with_air_temperature_below_threshold,days,7,-2
09565_Schwabach,FD,year,days_with_air_temperature_below_threshold,days,7,-2
09571_Ansbach,FD,year,days_with_air_temperature_below_threshold,days,7,-2
09572_Erlangen-Höchstadt,FD,year,days_with_air_temperature_below_threshold,days,7,-2
09573_Fürth,FD,year,days_with_air_temperature_below_threshold,days,7,-2
09574_Nürnberger Land,FD,year,days_with_air_temperature_below_threshold,days,7,-2
09575_Neustadt a.d. Aisch-Bad Windsheim,FD,year,days_with_air_temperature_below_threshold,days,7,-2
09576_Roth,FD,year,days_with_air_temperature_below_threshold,days,7,-2
09577_Weißenburg-Gunzenhausen,FD,year,days_with_air_temperature_below_threshold,days,7,-2
09661_Aschaffenburg,FD,year,days_with_air_temperature_below_threshold,days,7,-2
09662_Schweinfurt,FD,year,days_with_air_temperature_below_threshold,days,7,-2
09663_Würzburg,FD,year,days_with_air_temperature_below_threshold,days,7,-2
09671_Aschaffenburg,FD,year,days_with_air_temperature_below_threshold,days,7,-2
09672_Bad Kissingen,FD,year,days_with_air_temperature_below_threshold,days,7,-2
09673_Rhön-Grabfeld,FD,year,days_with_air_temperature_below_threshold,days,7,-2
09674_Haßberge,FD,year,days_with_air_temperature_below_threshold,days,7,-2
09675_Kitzingen,FD,year,days_with_air_temperature_below_threshold,days,7,-2
09676_Miltenberg,FD,year,days_with_air_temperature_below_threshold,days,7,-2
09677_Main-Spessart,FD,year,days_with_air_temperature_below_threshold,days,7,-2
09678_Schweinfurt,FD,year,days_with_air_temperature_below_threshold,days,7,-2
09679_Würzburg,FD,year,days_with_air_temperature_below_threshold,days,7,-2
09761_Augsburg,FD,year,days_with_air_temperature_below_threshold,days,7,-2
09762_Kaufbeuren,FD,year,days_with_air_temperature_below_threshold,days,7,-2
09763_Kempten (Allgäu),FD,year,days_with_air_temperature_below_threshold,days,7,-2
09764_Memmingen,FD,year,days_with_air_temperature_below_threshold,days,7,-2
09771_Aichach-Friedberg,FD,year,days_with_air_temperature_below_threshold,days,7,-2
09772_Augsburg,FD,year,days_with_air_temperature_below_threshold,days,7,-2
09773_Dillingen a.d. Donau,FD,year,days_with_air_temperature_below_threshold,days,7,-2
09774_Günzburg,FD,year,days_with_air_temperature_below_threshold,days,7,-2
09775_Neu-Ulm,FD,year,days_with_air_temperature_below_threshold,days,7,-2
09776_Lindau (Bodensee),FD,year,days_with_air_temperature_below_threshold,days,7,-2
09777_Ostallgäu,FD,year,days_with_air_temperature_below_threshold,days,7,-2
09778_Unterallgäu,FD,year,days_with_air_temperature_below_threshold,days,7,-2
09779_Donau-Ries,FD,year,days_with_air_temperature_below_threshold,days,7,-2
09780_Oberallgäu,FD,year,days_with_air_temperature_below_threshold,days,7,-2
10041_Regionalverband Saarbrücken,FD,year,days_with_air_temperature_below_threshold,days,7,-2
10042_Merzig-Wadern,FD,year,days_with_air_temperature_below_threshold,days,7,-2
10043_Neunkirchen,FD,year,days_with_air_temperature_below_threshold,days,7,-2
10044_Saarlouis,FD,year,days_with_air_temperature_below_threshold,days,7,-2
10045_Saarpfalz-Kreis,FD,year,days_with_air_temperature_below_threshold,days,7,-2
10046_St. Wendel,FD,year,days_with_air_temperature_below_threshold,days,7,-2
11000_Berlin,FD,year,days_with_air_temperature_below_threshold,days,7,-2
12051_Brandenburg an der Havel,FD,year,days_with_air_temperature_below_threshold,days,7,-2
12052_Cottbus,FD,year,days_with_air_temperature_below_threshold,days,7,-2
12053_Frankfurt (Oder),FD,year,days_with_air_temperature_below_threshold,days,7,-2
12054_Potsdam,FD,year,days_with_air_temperature_below_threshold,days,7,-2
12060_Barnim,FD,year,days_with_air_temperature_below_threshold,days,7,-2
12061_Dahme-Spreewald,FD,year,days_with_air_temperature_below_threshold,days,7,-2
12062_Elbe-Elster,FD,year,days_with_air_temperature_below_threshold,days,7,-2
12063_Havelland,FD,year,days_with_air_temperature_below_threshold,days,7,-2
12064_Märkisch-Oderland,FD,year,days_with_air_temperature_below_threshold,days,7,-2
12065_Oberhavel,FD,year,days_with_air_temperature_below_threshold,days,7,-2
12066_Oberspreewald-Lausitz,FD,year,days_with_air_temperature_below_threshold,days,7,-2
12067_Oder-Spree,FD,year,days_with_air_temperature_below_threshold,days,7,-2
12068_Ostprignitz-Ruppin,FD,year,days_with_air_temperature_below_threshold,days,7,-2
12069_Potsdam-Mittelmark,FD,year,days_with_air_temperature_below_threshold,days,7,-2
12070_Prignitz,FD,year,days_with_air_temperature_below_threshold,days,7,-2
12071_Spree-Neiße,FD,year,days_with_air_temperature_below_threshold,days,7,-2
12072_Teltow-Fläming,FD,year,days_with_air_temperature_below_threshold,days,7,-2
12073_Uckermark,FD,year,days_with_air_temperature_below_threshold,days,7,-2
13003_Rostock,FD,year,days_with_air_temperature_below_threshold,days,7,-2
13004_Schwerin,FD,year,days_with_air_temperature_below_threshold,days,7,-2
13072_Rostock,FD,year,days_with_air_temperature_below_threshold,days,7,-2
13076_Ludwigslust-Parchim,FD,year,days_with_air_temperature_below_threshold,days,7,-2
13071_Mecklenburgische Seenplatte,FD,year,days_with_air_temperature_below_threshold,days,7,-2
13073_Vorpommern-Rügen,FD,year,days_with_air_temperature_below_threshold,days,7,-2
13074_Nordwestmecklenburg,FD,year,days_with_air_temperature_below_threshold,days,7,-2
13075_Vorpommern-Greifswald,FD,year,days_with_air_temperature_below_threshold,days,7,-2
14511_Chemnitz,FD,year,days_with_air_temperature_below_threshold,days,7,-2
14522_Mittelsachsen,FD,year,days_with_air_temperature_below_threshold,days,7,-2
14523_Vogtlandkreis,FD,year,days_with_air_temperature_below_threshold,days,7,-2
14521_Erzgebirgskreis,FD,year,days_with_air_temperature_below_threshold,days,7,-2
14524_Zwickau,FD,year,days_with_air_temperature_below_threshold,days,7,-2
14612_Dresden,FD,year,days_with_air_temperature_below_threshold,days,7,-2
14626_Görlitz,FD,year,days_with_air_temperature_below_threshold,days,7,-2
14625_Bautzen,FD,year,days_with_air_temperature_below_threshold,days,7,-2
14627_Meißen,FD,year,days_with_air_temperature_below_threshold,days,7,-2
14628_Sächsische Schweiz-Osterzgebirge,FD,year,days_with_air_temperature_below_threshold,days,7,-2
14713_Leipzig,FD,year,days_with_air_temperature_below_threshold,days,7,-2
14729_Leipzig,FD,year,days_with_air_temperature_below_threshold,days,7,-2
14730_Nordsachsen,FD,year,days_with_air_temperature_below_threshold,days,7,-2
15001_Dessau-Roßlau,FD,year,days_with_air_temperature_below_threshold,days,7,-2
15082_Anhalt-Bitterfeld,FD,year,days_with_air_temperature_below_threshold,days,7,-2
15091_Wittenberg,FD,year,days_with_air_temperature_below_threshold,days,7,-2
15002_Halle (Saale),FD,year,days_with_air_temperature_below_threshold,days,7,-2
15084_Burgenlandkreis,FD,year,days_with_air_temperature_below_threshold,days,7,-2
15088_Saalekreis,FD,year,days_with_air_temperature_below_threshold,days,7,-2
15087_Mansfeld-Südharz,FD,year,days_with_air_temperature_below_threshold,days,7,-2
15003_Magdeburg,FD,year,days_with_air_temperature_below_threshold,days,7,-2
15085_Harz,FD,year,days_with_air_temperature_below_threshold,days,7,-2
15086_Jerichower Land,FD,year,days_with_air_temperature_below_threshold,days,7,-2
15083_Börde,FD,year,days_with_air_temperature_below_threshold,days,7,-2
15090_Stendal,FD,year,days_with_air_temperature_below_threshold,days,7,-2
15089_Salzlandkreis,FD,year,days_with_air_temperature_below_threshold,days,7,-2
15081_Altmarkkreis Salzwedel,FD,year,days_with_air_temperature_below_threshold,days,7,-2
16051_Erfurt,FD,year,days_with_air_temperature_below_threshold,days,7,-2
16052_Gera,FD,year,days_with_air_temperature_below_threshold,days,7,-2
16053_Jena,FD,year,days_with_air_temperature_below_threshold,days,7,-2
16054_Suhl,FD,year,days_with_air_temperature_below_threshold,days,7,-2
16055_Weimar,FD,year,days_with_air_temperature_below_threshold,days,7,-2
16056_Eisenach,FD,year,days_with_air_temperature_below_threshold,days,7,-2
16061_Eichsfeld,FD,year,days_with_air_temperature_below_threshold,days,7,-2
16062_Nordhausen,FD,year,days_with_air_temperature_below_threshold,days,7,-2
16063_Wartburgkreis,FD,year,days_with_air_temperature_below_threshold,days,7,-2
16064_Unstrut-Hainich-Kreis,FD,year,days_with_air_temperature_below_threshold,days,7,-2
16065_Kyffhäuserkreis,FD,year,days_with_air_temperature_below_threshold,days,7,-2
16066_Schmalkalden-Meiningen,FD,year,days_with_air_temperature_below_threshold,days,7,-2
16067_Gotha,FD,year,days_with_air_temperature_below_threshold,days,7,-2
16068_Sömmerda,FD,year,days_with_air_temperature_below_threshold,days,7,-2
16069_Hildburghausen,FD,year,days_with_air_temperature_below_threshold,days,7,-2
16070_Ilm-Kreis,FD,year,days_with_air_temperature_below_threshold,days,7,-2
16071_Weimarer Land,FD,year,days_with_air_temperature_below_threshold,days,7,-2
16072_Sonneberg,FD,year,days_with_air_temperature_below_threshold,days,7,-2
16073_Saalfeld-Rudolstadt,FD,year,days_with_air_temperature_below_threshold,days,7,-2
16074_Saale-Holzland-Kreis,FD,year,days_with_air_temperature_below_threshold,days,7,-2
16075_Saale-Orla-Kreis,FD,year,days_with_air_temperature_below_threshold,days,7,-2
16076_Greiz,FD,year,days_with_air_temperature_below_threshold,days,7,-2
16077_Altenburger Land,FD,year,days_with_air_temperature_below_threshold,days,7,-2
01001_01059_Region_um_Flensburg,FD,year,days_with_air_temperature_below_threshold,days,7,-2
01002_01057_01058_Region_um_Kiel,FD,year,days_with_air_temperature_below_threshold,days,7,-2
01003_13074_01055_01053_01062_Region_um_Lübeck,FD,year,days_with_air_temperature_below_threshold,days,7,-2
01004_01058_01060_01057_01002_Region_um_Neumünster,FD,year,days_with_air_temperature_below_threshold,days,7,-2
03101_03157_03154_03151_03102_03158_03103_Region_um_Braunschweig,FD,year,days_with_air_temperature_below_threshold,days,7,-2
03102_03254_03157_03158_03153_03101_Region_um_Salzgitter,FD,year,days_with_air_temperature_below_threshold,days,7,-2
03103_03154_03151_Region_um_Wolfsburg,FD,year,days_with_air_temperature_below_threshold,days,7,-2
03401_03458_04011_03251_03461_Region_um_Delmenhorst,FD,year,days_with_air_temperature_below_threshold,days,7,-2
03402_03452_03457_Region_um_Emden,FD,year,days_with_air_temperature_below_threshold,days,7,-2
03403_03458_03451_03461_Region_um_Oldenburg_(Oldenburg),FD,year,days_with_air_temperature_below_threshold,days,7,-2
03404_03459_05566_Region_um_Osnabrück,FD,year,days_with_air_temperature_below_threshold,days,7,-2
03405_03455_Region_um_Wilhelmshaven,FD,year,days_with_air_temperature_below_threshold,days,7,-2
04011_03361_03251_03401_03461_03356_03352_04012_Region_um_Bremen,FD,year,days_with_air_temperature_below_threshold,days,7,-2
04012_03352_03461_Region_um_Bremerhaven,FD,year,days_with_air_temperature_below_threshold,days,7,-2
05111_05162_05158_05112_Region_um_Düsseldorf,FD,year,days_with_air_temperature_below_threshold,days,7,-2
05112_05114_05119_05117_05170_05158_05111_Region_um_Duisburg,FD,year,days_with_air_temperature_below_threshold,days,7,-2
05113_05119_05117_05513_05512_05158_05911_05954_05562_05513_05916_Region_um_Essen,FD,year,days_with_air_temperature_below_threshold,days,7,-2
05114_05112_05162_05166_05170_Region_um_Krefeld,FD,year,days_with_air_temperature_below_threshold,days,7,-2
05116_05370_05166_05162_Region_um_Mönchengladbach,FD,year,days_with_air_temperature_below_threshold,days,7,-2
05117_05112_05158_05119_05113_Region_um_Mülheim_an_der_Ruhr,FD,year,days_with_air_temperature_below_threshold,days,7,-2
05119_05170_05512_05113_05117_05112_Region_um_Oberhausen,FD,year,days_with_air_temperature_below_threshold,days,7,-2
05120_05124_05122_05378_05374_Region_um_Remscheid,FD,year,days_with_air_temperature_below_threshold,days,7,-2
05122_05158_05124_05378_05120_Region_um_Solingen,FD,year,days_with_air_temperature_below_threshold,days,7,-2
05124_05122_05120_05158_05954_05374_Region_um_Wuppertal,FD,year,days_with_air_temperature_below_threshold,days,7,-2
05314_05382_Region_um_Bonn,FD,year,days_with_air_temperature_below_threshold,days,7,-2
05316_05315_05378_05158_Region_um_Leverkusen,FD,year,days_with_air_temperature_below_threshold,days,7,-2
05512_05119_05513_05113_05170_05562_Region_um_Bottrop,FD,year,days_with_air_temperature_below_threshold,days,7,-2
05513_05113_05916_05911_05562_05512_Region_um_Gelsenkirchen,FD,year,days_with_air_temperature_below_threshold,days,7,-2
05515_05566_05558_05570_Region_um_Münster,FD,year,days_with_air_temperature_below_threshold,days,7,-2
05711_05754_05758_05766_Region_um_Bielefeld,FD,year,days_with_air_temperature_below_threshold,days,7,-2
05911_05954_05913_05513_05113_05916_05562_Region_um_Bochum,FD,year,days_with_air_temperature_below_threshold,days,7,-2
05913_05914_05911_05916_05978_05954_05562_Region_um_Dortmund,FD,year,days_with_air_temperature_below_threshold,days,7,-2
05914_05954_05913_05978_05962_Region_um_Hagen,FD,year,days_with_air_temperature_below_threshold,days,7,-2
05915_05978_05974_05570_05558_Region_um_Hamm,FD,year,days_with_air_temperature_below_threshold,days,7,-2
05916_05513_05562_05911_Region_um_Herne,FD,year,days_with_air_temperature_below_threshold,days,7,-2
06411_06432_06438_Region_um_Darmstadt,FD,year,days_with_air_temperature_below_threshold,days,7,-2
06412_06413_06436_06434_06440_06435_06438_06433_Region_um_Frankfurt_am_Main,FD,year,days_with_air_temperature_below_threshold,days,7,-2
06413_06438_06435_06412_Region_um_Offenbach_am_Main,FD,year,days_with_air_temperature_below_threshold,days,7,-2
06414_07315_07339_06439_06436_06433_Region_um_Wiesbaden,FD,year,days_with_air_temperature_below_threshold,days,7,-2
06436_06412_06414_06433_06439_06434_Region_um_Main-Taunus-Kreis,FD,year,days_with_air_temperature_below_threshold,days,7,-2
06438_06432_06411_06433_06413_06435_06412_09671_Region_um_Offenbach,FD,year,days_with_air_temperature_below_threshold,days,7,-2
06611_06633_03159_Region_um_Kassel,FD,year,days_with_air_temperature_below_threshold,days,7,-2
07111_07137_07141_07143_Region_um_Koblenz,FD,year,days_with_air_temperature_below_threshold,days,7,-2
07211_07235_Region_um_Trier,FD,year,days_with_air_temperature_below_threshold,days,7,-2
07311_07318_07314_07338_08222_Region_um_Frankenthal_(Pfalz),FD,year,days_with_air_temperature_below_threshold,days,7,-2
07312_07335_07332_Region_um_Kaiserslautern,FD,year,days_with_air_temperature_below_threshold,days,7,-2
07313_07337_Region_um_Landau_in_der_Pfalz,FD,year,days_with_air_temperature_below_threshold,days,7,-2
07314_07311_07338_08222_Region_um_Ludwigshafen_am_Rhein,FD,year,days_with_air_temperature_below_threshold,days,7,-2
07315_07339_06414_06433_Region_um_Mainz,FD,year,days_with_air_temperature_below_threshold,days,7,-2
07316_07337_07332_07313_Region_um_Neustadt_an_der_Weinstraße,FD,year,days_with_air_temperature_below_threshold,days,7,-2
07317_07340_Region_um_Pirmasens,FD,year,days_with_air_temperature_below_threshold,days,7,-2
07318_07311_07314_07338_08215_08226_08212_Region_um_Speyer,FD,year,days_with_air_temperature_below_threshold,days,7,-2
07319_07331_07332_06431_07338_07311_07318_07314_Region_um_Worms,FD,year,days_with_air_temperature_below_threshold,days,7,-2
07320_07340_10045_07317_Region_um_Zweibrücken,FD,year,days_with_air_temperature_below_threshold,days,7,-2
07338_07311_07318_07314_08222_08226_08215_07334_07337_07313_07316_07332_07319_08221_08212_Region_um_Rhein-Pfalz-Kreis,FD,year,days_with_air_temperature_below_threshold,days,7,-2
08111_08115_08116_08118_08119_Region_um_Stuttgart,FD,year,days_with_air_temperature_below_threshold,days,7,-2
08121_08125_Region_um_Heilbronn,FD,year,days_with_air_temperature_below_threshold,days,7,-2
08211_08216_Region_um_Baden-Baden,FD,year,days_with_air_temperature_below_threshold,days,7,-2
08212_08215_07334_Region_um_Karlsruhe,FD,year,days_with_air_temperature_below_threshold,days,7,-2
08221_08226_08222_Region_um_Heidelberg,FD,year,days_with_air_temperature_below_threshold,days,7,-2
08222_08221_08226_06431_07338_07311_07318_07314_Region_um_Mannheim,FD,year,days_with_air_temperature_below_threshold,days,7,-2
08231_08236_08235_Region_um_Pforzheim,FD,year,days_with_air_temperature_below_threshold,days,7,-2
08311_08316_08315_Region_um_Freiburg_im_Breisgau,FD,year,days_with_air_temperature_below_threshold,days,7,-2
08421_08425_09775_Region_um_Ulm,FD,year,days_with_air_temperature_below_threshold,days,7,-2
09161_09176_09185_09186_Region_um_Ingolstadt,FD,year,days_with_air_temperature_below_threshold,days,7,-2
09162_09184_09179_09174_Region_um_München,FD,year,days_with_air_temperature_below_threshold,days,7,-2
09163_09187_Region_um_Rosenheim,FD,year,days_with_air_temperature_below_threshold,days,7,-2
09261_09274_Region_um_Landshut,FD,year,days_with_air_temperature_below_threshold,days,7,-2
09262_09275_Region_um_Passau,FD,year,days_with_air_temperature_below_threshold,days,7,-2
09263_09278_Region_um_Straubing,FD,year,days_with_air_temperature_below_threshold,days,7,-2
09361_09371_Region_um_Amberg,FD,year,days_with_air_temperature_below_threshold,days,7,-2
09362_09375_Region_um_Regensburg,FD,year,days_with_air_temperature_below_threshold,days,7,-2
09363_09374_Region_um_Weiden_in_der_Oberpfalz,FD,year,days_with_air_temperature_below_threshold,days,7,-2
09461_09471_Region_um_Bamberg,FD,year,days_with_air_temperature_below_threshold,days,7,-2
09462_09472_Region_um_Bayreuth,FD,year,days_with_air_temperature_below_threshold,days,7,-2
09463_09473_Region_um_Coburg,FD,year,days_with_air_temperature_below_threshold,days,7,-2
09464_09475_Region_um_Hof,FD,year,days_with_air_temperature_below_threshold,days,7,-2
09561_09571_Region_um_Ansbach,FD,year,days_with_air_temperature_below_threshold,days,7,-2
09562_09572_09564_09563_Region_um_Erlangen,FD,year,days_with_air_temperature_below_threshold,days,7,-2
09563_09573_09562_09564_Region_um_Fürth,FD,year,days_with_air_temperature_below_threshold,days,7,-2
09564_09563_09574_09565_09573_09572_09576_09562_Region_um_Nürnberg,FD,year,days_with_air_temperature_below_threshold,days,7,-2
09565_09576_09564_Region_um_Schwabach,FD,year,days_with_air_temperature_below_threshold,days,7,-2
09573_09572_09562_09563_09574_09565_09576_09561_09571_09575_09564_Region_um_Fürth,FD,year,days_with_air_temperature_below_threshold,days,7,-2
09661_09671_09676_Region_um_Aschaffenburg,FD,year,days_with_air_temperature_below_threshold,days,7,-2
09662_09678_Region_um_Schweinfurt,FD,year,days_with_air_temperature_below_threshold,days,7,-2
09663_09679_Region_um_Würzburg,FD,year,days_with_air_temperature_below_threshold,days,7,-2
09761_09772_09771_Region_um_Augsburg,FD,year,days_with_air_temperature_below_threshold,days,7,-2
09762_09777_Region_um_Kaufbeuren,FD,year,days_with_air_temperature_below_threshold,days,7,-2
09763_09780_Region_um_Kempten_(Allgäu),FD,year,days_with_air_temperature_below_threshold,days,7,-2
09764_09778_08436_Region_um_Memmingen,FD,year,days_with_air_temperature_below_threshold,days,7,-2
09776_08435_08436_09780_09763_Region_um_Lindau_(Bodensee),FD,year,days_with_air_temperature_below_threshold,days,7,-2
10043_10044_10045_10041_10046_07336_Region_um_Neunkirchen,FD,year,days_with_air_temperature_below_threshold,days,7,-2
12051_12063_12069_Region_um_Brandenburg_an_der_Havel,FD,year,days_with_air_temperature_below_threshold,days,7,-2
12052_12071_Region_um_Cottbus,FD,year,days_with_air_temperature_below_threshold,days,7,-2
12053_12067_12064_Region_um_Frankfurt_(Oder),FD,year,days_with_air_temperature_below_threshold,days,7,-2
12054_12063_12069_11000_12051_Region_um_Potsdam,FD,year,days_with_air_temperature_below_threshold,days,7,-2
13003_13072_Region_um_Rostock,FD,year,days_with_air_temperature_below_threshold,days,7,-2
13004_13076_13074_Region_um_Schwerin,FD,year,days_with_air_temperature_below_threshold,days,7,-2
14511_14524_14521_14522_Region_um_Chemnitz,FD,year,days_with_air_temperature_below_threshold,days,7,-2
14612_14627_14625_14628_Region_um_Dresden,FD,year,days_with_air_temperature_below_threshold,days,7,-2
14713_14729_14730_Region_um_Leipzig,FD,year,days_with_air_temperature_below_threshold,days,7,-2
15001_15091_15082_Region_um_Dessau-Rolau,FD,year,days_with_air_temperature_below_threshold,days,7,-2
15002_15088_Region_um_Halle_(Saale),FD,year,days_with_air_temperature_below_threshold,days,7,-2
15003_15083_15089_15086_Region_um_Magdeburg,FD,year,days_with_air_temperature_below_threshold,days,7,-2
16051_16067_16068_16070_16071_16055_Region_um_Erfurt,FD,year,days_with_air_temperature_below_threshold,days,7,-2
16052_16076_15084_16074_Region_um_Gera,FD,year,days_with_air_temperature_below_threshold,days,7,-2
16053_16074_16071_16055_Region_um_Jena,FD,year,days_with_air_temperature_below_threshold,days,7,-2
16054_16066_16069_16070_Region_um_Suhl,FD,year,days_with_air_temperature_below_threshold,days,7,-2
16055_16071_Region_um_Weimar,FD,year,days_with_air_temperature_below_threshold,days,7,-2
16056_16063_06636_Region_um_Eisenach,FD,year,days_with_air_temperature_below_threshold,days,7,-2
