region,FD_year_1.5C_rcp85_time-mean_ensemble-diff-mean,ci_name,ci_frequency,standard_name,units,mid_month
01001_Flensburg,-16.249542,FD,year,days_with_air_temperature_below_threshold,days,7
01002_Kiel,-16.473854,FD,year,days_with_air_temperature_below_threshold,days,7
01003_Lübeck,-16.285444,FD,year,days_with_air_temperature_below_threshold,days,7
01004_Neumünster,-16.280539,FD,year,days_with_air_temperature_below_threshold,days,7
01051_Dithmarschen,-13.606736,FD,year,days_with_air_temperature_below_threshold,days,7
01053_Herzogtum Lauenburg,-16.345657,FD,year,days_with_air_temperature_below_threshold,days,7
01054_Nordfriesland,-12.640751,FD,year,days_with_air_temperature_below_threshold,days,7
01055_Ostholstein,-15.908067,FD,year,days_with_air_temperature_below_threshold,days,7
01057_Plön,-16.696798,FD,year,days_with_air_temperature_below_threshold,days,7
01058_Rendsburg-Eckernförde,-16.115696,FD,year,days_with_air_temperature_below_threshold,days,7
01059_Schleswig-Flensburg,-15.818248,FD,year,days_with_air_temperature_below_threshold,days,7
01060_Segeberg,-16.372736,FD,year,days_with_air_temperature_below_threshold,days,7
01061_Steinburg,-15.287538,FD,year,days_with_air_temperature_below_threshold,days,7
01062_Stormarn,-16.275963,FD,year,days_with_air_temperature_below_threshold,days,7
02000_Hamburg,-15.15504,FD,year,days_with_air_temperature_below_threshold,days,7
03101_Braunschweig,-15.087748,FD,year,days_with_air_temperature_below_threshold,days,7
03102_Salzgitter,-15.148552,FD,year,days_with_air_temperature_below_threshold,days,7
03103_Wolfsburg,-15.550755,FD,year,days_with_air_temperature_below_threshold,days,7
03151_Gifhorn,-15.7710285,FD,year,days_with_air_temperature_below_threshold,days,7
03159_Göttingen,-17.870424,FD,year,days_with_air_temperature_below_threshold,days,7
03153_Goslar,-18.634151,FD,year,days_with_air_temperature_below_threshold,days,7
03154_Helmstedt,-15.846218,FD,year,days_with_air_temperature_below_threshold,days,7
03155_Northeim,-17.23595,FD,year,days_with_air_temperature_below_threshold,days,7
03157_Peine,-15.019663,FD,year,days_with_air_temperature_below_threshold,days,7
03158_Wolfenbüttel,-15.451555,FD,year,days_with_air_temperature_below_threshold,days,7
03241_Region Hannover,-15.052019,FD,year,days_with_air_temperature_below_threshold,days,7
03251_Diepholz,-14.820982,FD,year,days_with_air_temperature_below_threshold,days,7
03252_Hameln-Pyrmont,-16.29231,FD,year,days_with_air_temperature_below_threshold,days,7
03254_Hildesheim,-16.042604,FD,year,days_with_air_temperature_below_threshold,days,7
03255_Holzminden,-17.201221,FD,year,days_with_air_temperature_below_threshold,days,7
01056_Pinneberg,-15.360977,FD,year,days_with_air_temperature_below_threshold,days,7
03256_Nienburg (Weser),-14.8163185,FD,year,days_with_air_temperature_below_threshold,days,7
03257_Schaumburg,-15.470852,FD,year,days_with_air_temperature_below_threshold,days,7
03351_Celle,-15.837057,FD,year,days_with_air_temperature_below_threshold,days,7
03352_Cuxhaven,-14.4724,FD,year,days_with_air_temperature_below_threshold,days,7
03353_Harburg,-15.841521,FD,year,days_with_air_temperature_below_threshold,days,7
03354_Lüchow-Dannenberg,-16.029652,FD,year,days_with_air_temperature_below_threshold,days,7
03355_Lüneburg,-15.938547,FD,year,days_with_air_temperature_below_threshold,days,7
03356_Osterholz,-15.0377035,FD,year,days_with_air_temperature_below_threshold,days,7
03357_Rotenburg (Wümme),-15.456225,FD,year,days_with_air_temperature_below_threshold,days,7
03358_Heidekreis,-15.871098,FD,year,days_with_air_temperature_below_threshold,days,7
03359_Stade,-15.2884035,FD,year,days_with_air_temperature_below_threshold,days,7
03360_Uelzen,-16.169476,FD,year,days_with_air_temperature_below_threshold,days,7
03361_Verden,-15.109378,FD,year,days_with_air_temperature_below_threshold,days,7
03401_Delmenhorst,-14.64488,FD,year,days_with_air_temperature_below_threshold,days,7
03402_Emden,-12.232689,FD,year,days_with_air_temperature_below_threshold,days,7
03403_Oldenburg (Oldb),-14.689915,FD,year,days_with_air_temperature_below_threshold,days,7
03404_Osnabrück,-14.916092,FD,year,days_with_air_temperature_below_threshold,days,7
03405_Wilhelmshaven,-12.903664,FD,year,days_with_air_temperature_below_threshold,days,7
03451_Ammerland,-14.721364,FD,year,days_with_air_temperature_below_threshold,days,7
03452_Aurich,-12.706402,FD,year,days_with_air_temperature_below_threshold,days,7
03453_Cloppenburg,-14.652608,FD,year,days_with_air_temperature_below_threshold,days,7
03454_Emsland,-14.15053,FD,year,days_with_air_temperature_below_threshold,days,7
03455_Friesland,-14.35872,FD,year,days_with_air_temperature_below_threshold,days,7
03456_Grafschaft Bentheim,-13.985724,FD,year,days_with_air_temperature_below_threshold,days,7
03457_Leer,-13.997457,FD,year,days_with_air_temperature_below_threshold,days,7
03458_Oldenburg,-14.870529,FD,year,days_with_air_temperature_below_threshold,days,7
03459_Osnabrück,-14.838363,FD,year,days_with_air_temperature_below_threshold,days,7
03460_Vechta,-14.648768,FD,year,days_with_air_temperature_below_threshold,days,7
03461_Wesermarsch,-14.349819,FD,year,days_with_air_temperature_below_threshold,days,7
03462_Wittmund,-13.7087555,FD,year,days_with_air_temperature_below_threshold,days,7
04011_Bremen,-14.359343,FD,year,days_with_air_temperature_below_threshold,days,7
04012_Bremerhaven,-14.111294,FD,year,days_with_air_temperature_below_threshold,days,7
05111_Düsseldorf,-12.905003,FD,year,days_with_air_temperature_below_threshold,days,7
05112_Duisburg,-12.657681,FD,year,days_with_air_temperature_below_threshold,days,7
05113_Essen,-13.299819,FD,year,days_with_air_temperature_below_threshold,days,7
05114_Krefeld,-12.785769,FD,year,days_with_air_temperature_below_threshold,days,7
05116_Mönchengladbach,-12.950419,FD,year,days_with_air_temperature_below_threshold,days,7
05117_Mülheim an der Ruhr,-13.283111,FD,year,days_with_air_temperature_below_threshold,days,7
05119_Oberhausen,-12.728127,FD,year,days_with_air_temperature_below_threshold,days,7
05120_Remscheid,-16.249714,FD,year,days_with_air_temperature_below_threshold,days,7
05122_Solingen,-14.808857,FD,year,days_with_air_temperature_below_threshold,days,7
05124_Wuppertal,-15.555054,FD,year,days_with_air_temperature_below_threshold,days,7
05154_Kleve,-13.024555,FD,year,days_with_air_temperature_below_threshold,days,7
05158_Mettmann,-13.946175,FD,year,days_with_air_temperature_below_threshold,days,7
05162_Rhein-Kreis Neuss,-12.800183,FD,year,days_with_air_temperature_below_threshold,days,7
05166_Viersen,-12.944687,FD,year,days_with_air_temperature_below_threshold,days,7
05170_Wesel,-13.1503,FD,year,days_with_air_temperature_below_threshold,days,7
05314_Bonn,-14.071062,FD,year,days_with_air_temperature_below_threshold,days,7
05315_Köln,-12.988535,FD,year,days_with_air_temperature_below_threshold,days,7
05316_Leverkusen,-13.727938,FD,year,days_with_air_temperature_below_threshold,days,7
05334_Städteregion Aachen,-15.573124,FD,year,days_with_air_temperature_below_threshold,days,7
05358_Düren,-13.9150505,FD,year,days_with_air_temperature_below_threshold,days,7
05362_Rhein-Erft-Kreis,-12.909225,FD,year,days_with_air_temperature_below_threshold,days,7
05366_Euskirchen,-17.091328,FD,year,days_with_air_temperature_below_threshold,days,7
05370_Heinsberg,-12.634101,FD,year,days_with_air_temperature_below_threshold,days,7
05374_Oberbergischer Kreis,-17.167028,FD,year,days_with_air_temperature_below_threshold,days,7
05378_Rheinisch-Bergischer Kreis,-15.19283,FD,year,days_with_air_temperature_below_threshold,days,7
05382_Rhein-Sieg-Kreis,-15.08143,FD,year,days_with_air_temperature_below_threshold,days,7
05512_Bottrop,-12.836494,FD,year,days_with_air_temperature_below_threshold,days,7
05513_Gelsenkirchen,-12.635043,FD,year,days_with_air_temperature_below_threshold,days,7
05515_Münster,-14.028411,FD,year,days_with_air_temperature_below_threshold,days,7
05554_Borken,-13.985334,FD,year,days_with_air_temperature_below_threshold,days,7
05558_Coesfeld,-14.025617,FD,year,days_with_air_temperature_below_threshold,days,7
05562_Recklinghausen,-13.344752,FD,year,days_with_air_temperature_below_threshold,days,7
05566_Steinfurt,-14.379252,FD,year,days_with_air_temperature_below_threshold,days,7
05570_Warendorf,-14.069967,FD,year,days_with_air_temperature_below_threshold,days,7
05711_Bielefeld,-15.127955,FD,year,days_with_air_temperature_below_threshold,days,7
05754_Gütersloh,-14.659199,FD,year,days_with_air_temperature_below_threshold,days,7
05758_Herford,-15.109808,FD,year,days_with_air_temperature_below_threshold,days,7
05762_Höxter,-17.133953,FD,year,days_with_air_temperature_below_threshold,days,7
05766_Lippe,-16.289967,FD,year,days_with_air_temperature_below_threshold,days,7
05770_Minden-Lübbecke,-14.872039,FD,year,days_with_air_temperature_below_threshold,days,7
05774_Paderborn,-16.412333,FD,year,days_with_air_temperature_below_threshold,days,7
05911_Bochum,-13.389799,FD,year,days_with_air_temperature_below_threshold,days,7
05913_Dortmund,-13.372549,FD,year,days_with_air_temperature_below_threshold,days,7
05914_Hagen,-16.009459,FD,year,days_with_air_temperature_below_threshold,days,7
05915_Hamm,-13.613829,FD,year,days_with_air_temperature_below_threshold,days,7
05916_Herne,-12.728604,FD,year,days_with_air_temperature_below_threshold,days,7
05954_Ennepe-Ruhr-Kreis,-15.513009,FD,year,days_with_air_temperature_below_threshold,days,7
05958_Hochsauerlandkreis,-18.77078,FD,year,days_with_air_temperature_below_threshold,days,7
05962_Märkischer Kreis,-17.52856,FD,year,days_with_air_temperature_below_threshold,days,7
05966_Olpe,-18.730522,FD,year,days_with_air_temperature_below_threshold,days,7
05970_Siegen-Wittgenstein,-18.906078,FD,year,days_with_air_temperature_below_threshold,days,7
05974_Soest,-15.4072695,FD,year,days_with_air_temperature_below_threshold,days,7
05978_Unna,-13.73154,FD,year,days_with_air_temperature_below_threshold,days,7
06411_Darmstadt,-14.385718,FD,year,days_with_air_temperature_below_threshold,days,7
06412_Frankfurt am Main,-14.680356,FD,year,days_with_air_temperature_below_threshold,days,7
06413_Offenbach am Main,-14.402184,FD,year,days_with_air_temperature_below_threshold,days,7
06414_Wiesbaden,-15.54282,FD,year,days_with_air_temperature_below_threshold,days,7
06431_Bergstraße,-15.300965,FD,year,days_with_air_temperature_below_threshold,days,7
06432_Darmstadt-Dieburg,-14.862549,FD,year,days_with_air_temperature_below_threshold,days,7
06433_Groß-Gerau,-14.309996,FD,year,days_with_air_temperature_below_threshold,days,7
06434_Hochtaunuskreis,-16.853142,FD,year,days_with_air_temperature_below_threshold,days,7
06435_Main-Kinzig-Kreis,-16.810457,FD,year,days_with_air_temperature_below_threshold,days,7
06436_Main-Taunus-Kreis,-15.456746,FD,year,days_with_air_temperature_below_threshold,days,7
06437_Odenwaldkreis,-16.589247,FD,year,days_with_air_temperature_below_threshold,days,7
06438_Offenbach,-14.401864,FD,year,days_with_air_temperature_below_threshold,days,7
06439_Rheingau-Taunus-Kreis,-16.650936,FD,year,days_with_air_temperature_below_threshold,days,7
06440_Wetteraukreis,-16.403893,FD,year,days_with_air_temperature_below_threshold,days,7
06531_Gießen,-16.88417,FD,year,days_with_air_temperature_below_threshold,days,7
06532_Lahn-Dill-Kreis,-17.625095,FD,year,days_with_air_temperature_below_threshold,days,7
06533_Limburg-Weilburg,-17.002182,FD,year,days_with_air_temperature_below_threshold,days,7
06534_Marburg-Biedenkopf,-17.590534,FD,year,days_with_air_temperature_below_threshold,days,7
06535_Vogelsbergkreis,-17.886501,FD,year,days_with_air_temperature_below_threshold,days,7
06611_Kassel,-17.505299,FD,year,days_with_air_temperature_below_threshold,days,7
06631_Fulda,-18.20317,FD,year,days_with_air_temperature_below_threshold,days,7
06632_Hersfeld-Rotenburg,-17.64718,FD,year,days_with_air_temperature_below_threshold,days,7
06633_Kassel,-17.556501,FD,year,days_with_air_temperature_below_threshold,days,7
06634_Schwalm-Eder-Kreis,-17.601238,FD,year,days_with_air_temperature_below_threshold,days,7
06635_Waldeck-Frankenberg,-18.359812,FD,year,days_with_air_temperature_below_threshold,days,7
06636_Werra-Meißner-Kreis,-17.902987,FD,year,days_with_air_temperature_below_threshold,days,7
07111_Koblenz,-15.509466,FD,year,days_with_air_temperature_below_threshold,days,7
07131_Ahrweiler,-16.83168,FD,year,days_with_air_temperature_below_threshold,days,7
07132_Altenkirchen (Westerwald),-17.484283,FD,year,days_with_air_temperature_below_threshold,days,7
07133_Bad Kreuznach,-15.980103,FD,year,days_with_air_temperature_below_threshold,days,7
07134_Birkenfeld,-17.039991,FD,year,days_with_air_temperature_below_threshold,days,7
07135_Cochem-Zell,-16.551031,FD,year,days_with_air_temperature_below_threshold,days,7
07137_Mayen-Koblenz,-16.125538,FD,year,days_with_air_temperature_below_threshold,days,7
07138_Neuwied,-16.000458,FD,year,days_with_air_temperature_below_threshold,days,7
07140_Rhein-Hunsrück-Kreis,-16.918585,FD,year,days_with_air_temperature_below_threshold,days,7
07141_Rhein-Lahn-Kreis,-16.701582,FD,year,days_with_air_temperature_below_threshold,days,7
07143_Westerwaldkreis,-17.440702,FD,year,days_with_air_temperature_below_threshold,days,7
07211_Trier,-15.658182,FD,year,days_with_air_temperature_below_threshold,days,7
07231_Bernkastel-Wittlich,-16.429752,FD,year,days_with_air_temperature_below_threshold,days,7
07232_Eifelkreis Bitburg-Prüm,-17.2081,FD,year,days_with_air_temperature_below_threshold,days,7
07233_Vulkaneifel,-17.971241,FD,year,days_with_air_temperature_below_threshold,days,7
07235_Trier-Saarburg,-16.09912,FD,year,days_with_air_temperature_below_threshold,days,7
07311_Frankenthal (Pfalz),-13.873846,FD,year,days_with_air_temperature_below_threshold,days,7
07312_Kaiserslautern,-15.868433,FD,year,days_with_air_temperature_below_threshold,days,7
07313_Landau in der Pfalz,-15.087336,FD,year,days_with_air_temperature_below_threshold,days,7
07314_Ludwigshafen am Rhein,-13.889174,FD,year,days_with_air_temperature_below_threshold,days,7
07315_Mainz,-14.930819,FD,year,days_with_air_temperature_below_threshold,days,7
07316_Neustadt an der Weinstraße,-14.792052,FD,year,days_with_air_temperature_below_threshold,days,7
07317_Pirmasens,-15.839577,FD,year,days_with_air_temperature_below_threshold,days,7
07318_Speyer,-13.998887,FD,year,days_with_air_temperature_below_threshold,days,7
07319_Worms,-14.07835,FD,year,days_with_air_temperature_below_threshold,days,7
07320_Zweibrücken,-15.404264,FD,year,days_with_air_temperature_below_threshold,days,7
07331_Alzey-Worms,-14.610966,FD,year,days_with_air_temperature_below_threshold,days,7
07332_Bad Dürkheim,-15.052622,FD,year,days_with_air_temperature_below_threshold,days,7
07333_Donnersbergkreis,-15.4829645,FD,year,days_with_air_temperature_below_threshold,days,7
07334_Germersheim,-13.751587,FD,year,days_with_air_temperature_below_threshold,days,7
07335_Kaiserslautern,-15.812633,FD,year,days_with_air_temperature_below_threshold,days,7
07336_Kusel,-15.947273,FD,year,days_with_air_temperature_below_threshold,days,7
07337_Südliche Weinstraße,-14.950084,FD,year,days_with_air_temperature_below_threshold,days,7
07338_Rhein-Pfalz-Kreis,-13.964854,FD,year,days_with_air_temperature_below_threshold,days,7
07339_Mainz-Bingen,-15.177109,FD,year,days_with_air_temperature_below_threshold,days,7
07340_Südwestpfalz,-15.809649,FD,year,days_with_air_temperature_below_threshold,days,7
08111_Stuttgart,-15.623477,FD,year,days_with_air_temperature_below_threshold,days,7
08115_Böblingen,-16.76381,FD,year,days_with_air_temperature_below_threshold,days,7
08116_Esslingen,-16.437609,FD,year,days_with_air_temperature_below_threshold,days,7
08117_Göppingen,-17.252691,FD,year,days_with_air_temperature_below_threshold,days,7
08118_Ludwigsburg,-15.546155,FD,year,days_with_air_temperature_below_threshold,days,7
08119_Rems-Murr-Kreis,-16.489996,FD,year,days_with_air_temperature_below_threshold,days,7
08121_Heilbronn,-15.099477,FD,year,days_with_air_temperature_below_threshold,days,7
08125_Heilbronn,-15.593845,FD,year,days_with_air_temperature_below_threshold,days,7
08126_Hohenlohekreis,-16.43383,FD,year,days_with_air_temperature_below_threshold,days,7
08127_Schwäbisch Hall,-17.058104,FD,year,days_with_air_temperature_below_threshold,days,7
08128_Main-Tauber-Kreis,-16.483627,FD,year,days_with_air_temperature_below_threshold,days,7
08135_Heidenheim,-17.731606,FD,year,days_with_air_temperature_below_threshold,days,7
08136_Ostalbkreis,-17.377592,FD,year,days_with_air_temperature_below_threshold,days,7
08211_Baden-Baden,-15.301505,FD,year,days_with_air_temperature_below_threshold,days,7
08212_Karlsruhe,-13.168551,FD,year,days_with_air_temperature_below_threshold,days,7
08215_Karlsruhe,-14.154198,FD,year,days_with_air_temperature_below_threshold,days,7
08216_Rastatt,-15.207543,FD,year,days_with_air_temperature_below_threshold,days,7
08221_Heidelberg,-14.988195,FD,year,days_with_air_temperature_below_threshold,days,7
08222_Mannheim,-13.885693,FD,year,days_with_air_temperature_below_threshold,days,7
08225_Neckar-Odenwald-Kreis,-16.657194,FD,year,days_with_air_temperature_below_threshold,days,7
08226_Rhein-Neckar-Kreis,-15.215198,FD,year,days_with_air_temperature_below_threshold,days,7
08231_Pforzheim,-15.81152,FD,year,days_with_air_temperature_below_threshold,days,7
08235_Calw,-17.368744,FD,year,days_with_air_temperature_below_threshold,days,7
08236_Enzkreis,-15.537241,FD,year,days_with_air_temperature_below_threshold,days,7
08237_Freudenstadt,-17.65459,FD,year,days_with_air_temperature_below_threshold,days,7
08311_Freiburg im Breisgau,-15.263904,FD,year,days_with_air_temperature_below_threshold,days,7
08315_Breisgau-Hochschwarzwald,-16.561434,FD,year,days_with_air_temperature_below_threshold,days,7
08316_Emmendingen,-15.506209,FD,year,days_with_air_temperature_below_threshold,days,7
08317_Ortenaukreis,-15.401876,FD,year,days_with_air_temperature_below_threshold,days,7
08325_Rottweil,-17.87554,FD,year,days_with_air_temperature_below_threshold,days,7
08326_Schwarzwald-Baar-Kreis,-17.93772,FD,year,days_with_air_temperature_below_threshold,days,7
08327_Tuttlingen,-18.290321,FD,year,days_with_air_temperature_below_threshold,days,7
08335_Konstanz,-17.406715,FD,year,days_with_air_temperature_below_threshold,days,7
08336_Lörrach,-17.026299,FD,year,days_with_air_temperature_below_threshold,days,7
08337_Waldshut,-17.821117,FD,year,days_with_air_temperature_below_threshold,days,7
08415_Reutlingen,-17.750582,FD,year,days_with_air_temperature_below_threshold,days,7
08416_Tübingen,-16.864925,FD,year,days_with_air_temperature_below_threshold,days,7
08417_Zollernalbkreis,-17.817692,FD,year,days_with_air_temperature_below_threshold,days,7
08421_Ulm,-17.713556,FD,year,days_with_air_temperature_below_threshold,days,7
08425_Alb-Donau-Kreis,-17.844288,FD,year,days_with_air_temperature_below_threshold,days,7
08426_Biberach,-17.833483,FD,year,days_with_air_temperature_below_threshold,days,7
08435_Bodenseekreis,-16.112509,FD,year,days_with_air_temperature_below_threshold,days,7
08436_Ravensburg,-18.097591,FD,year,days_with_air_temperature_below_threshold,days,7
08437_Sigmaringen,-18.078945,FD,year,days_with_air_temperature_below_threshold,days,7
09161_Ingolstadt,-17.0652,FD,year,days_with_air_temperature_below_threshold,days,7
09162_München,-17.060555,FD,year,days_with_air_temperature_below_threshold,days,7
09163_Rosenheim,-17.329252,FD,year,days_with_air_temperature_below_threshold,days,7
09171_Altötting,-17.48922,FD,year,days_with_air_temperature_below_threshold,days,7
09172_Berchtesgadener Land,-17.506004,FD,year,days_with_air_temperature_below_threshold,days,7
09173_Bad Tölz-Wolfratshausen,-17.752836,FD,year,days_with_air_temperature_below_threshold,days,7
09174_Dachau,-17.185343,FD,year,days_with_air_temperature_below_threshold,days,7
09175_Ebersberg,-17.50811,FD,year,days_with_air_temperature_below_threshold,days,7
09176_Eichstätt,-17.655804,FD,year,days_with_air_temperature_below_threshold,days,7
09177_Erding,-17.462324,FD,year,days_with_air_temperature_below_threshold,days,7
09178_Freising,-17.184412,FD,year,days_with_air_temperature_below_threshold,days,7
09179_Fürstenfeldbruck,-17.323689,FD,year,days_with_air_temperature_below_threshold,days,7
09180_Garmisch-Partenkirchen,-17.354492,FD,year,days_with_air_temperature_below_threshold,days,7
09181_Landsberg am Lech,-17.539791,FD,year,days_with_air_temperature_below_threshold,days,7
09182_Miesbach,-17.651833,FD,year,days_with_air_temperature_below_threshold,days,7
09183_Mühldorf a. Inn,-17.490677,FD,year,days_with_air_temperature_below_threshold,days,7
09184_München,-17.513248,FD,year,days_with_air_temperature_below_threshold,days,7
09185_Neuburg-Schrobenhausen,-17.160053,FD,year,days_with_air_temperature_below_threshold,days,7
09186_Pfaffenhofen a.d. Ilm,-17.12856,FD,year,days_with_air_temperature_below_threshold,days,7
09187_Rosenheim,-17.665009,FD,year,days_with_air_temperature_below_threshold,days,7
09188_Starnberg,-17.696281,FD,year,days_with_air_temperature_below_threshold,days,7
09189_Traunstein,-17.59455,FD,year,days_with_air_temperature_below_threshold,days,7
09190_Weilheim-Schongau,-17.752396,FD,year,days_with_air_temperature_below_threshold,days,7
09261_Landshut,-17.29501,FD,year,days_with_air_temperature_below_threshold,days,7
09262_Passau,-18.658798,FD,year,days_with_air_temperature_below_threshold,days,7
09263_Straubing,-17.963083,FD,year,days_with_air_temperature_below_threshold,days,7
09271_Deggendorf,-18.54629,FD,year,days_with_air_temperature_below_threshold,days,7
09272_Freyung-Grafenau,-18.618423,FD,year,days_with_air_temperature_below_threshold,days,7
09273_Kelheim,-17.501493,FD,year,days_with_air_temperature_below_threshold,days,7
09274_Landshut,-17.424688,FD,year,days_with_air_temperature_below_threshold,days,7
09275_Passau,-18.415232,FD,year,days_with_air_temperature_below_threshold,days,7
09276_Regen,-18.72701,FD,year,days_with_air_temperature_below_threshold,days,7
09277_Rottal-Inn,-17.713232,FD,year,days_with_air_temperature_below_threshold,days,7
09278_Straubing-Bogen,-18.104347,FD,year,days_with_air_temperature_below_threshold,days,7
09279_Dingolfing-Landau,-17.505745,FD,year,days_with_air_temperature_below_threshold,days,7
09361_Amberg,-18.179482,FD,year,days_with_air_temperature_below_threshold,days,7
09362_Regensburg,-17.653063,FD,year,days_with_air_temperature_below_threshold,days,7
09363_Weiden i.d. OPf.,-18.381197,FD,year,days_with_air_temperature_below_threshold,days,7
09371_Amberg-Sulzbach,-18.215982,FD,year,days_with_air_temperature_below_threshold,days,7
09372_Cham,-18.436558,FD,year,days_with_air_temperature_below_threshold,days,7
09373_Neumarkt i.d. OPf.,-18.028414,FD,year,days_with_air_temperature_below_threshold,days,7
09374_Neustadt a.d. Waldnaab,-18.520187,FD,year,days_with_air_temperature_below_threshold,days,7
09375_Regensburg,-17.841547,FD,year,days_with_air_temperature_below_threshold,days,7
09376_Schwandorf,-18.236177,FD,year,days_with_air_temperature_below_threshold,days,7
09377_Tirschenreuth,-18.829443,FD,year,days_with_air_temperature_below_threshold,days,7
09461_Bamberg,-17.184464,FD,year,days_with_air_temperature_below_threshold,days,7
09462_Bayreuth,-18.316902,FD,year,days_with_air_temperature_below_threshold,days,7
09463_Coburg,-17.649351,FD,year,days_with_air_temperature_below_threshold,days,7
09464_Hof,-18.893303,FD,year,days_with_air_temperature_below_threshold,days,7
09471_Bamberg,-17.379873,FD,year,days_with_air_temperature_below_threshold,days,7
09472_Bayreuth,-18.439934,FD,year,days_with_air_temperature_below_threshold,days,7
09473_Coburg,-17.894306,FD,year,days_with_air_temperature_below_threshold,days,7
09474_Forchheim,-17.72097,FD,year,days_with_air_temperature_below_threshold,days,7
09475_Hof,-18.948185,FD,year,days_with_air_temperature_below_threshold,days,7
09476_Kronach,-18.69777,FD,year,days_with_air_temperature_below_threshold,days,7
09477_Kulmbach,-18.428114,FD,year,days_with_air_temperature_below_threshold,days,7
09478_Lichtenfels,-17.793707,FD,year,days_with_air_temperature_below_threshold,days,7
09479_Wunsiedel i. Fichtelgebirge,-18.979198,FD,year,days_with_air_temperature_below_threshold,days,7
09561_Ansbach,-17.174778,FD,year,days_with_air_temperature_below_threshold,days,7
09562_Erlangen,-16.69729,FD,year,days_with_air_temperature_below_threshold,days,7
09563_Fürth,-16.421925,FD,year,days_with_air_temperature_below_threshold,days,7
09564_Nürnberg,-16.702145,FD,year,days_with_air_temperature_below_threshold,days,7
09565_Schwabach,-16.95695,FD,year,days_with_air_temperature_below_threshold,days,7
09571_Ansbach,-17.184256,FD,year,days_with_air_temperature_below_threshold,days,7
09572_Erlangen-Höchstadt,-16.897903,FD,year,days_with_air_temperature_below_threshold,days,7
09573_Fürth,-16.799099,FD,year,days_with_air_temperature_below_threshold,days,7
09574_Nürnberger Land,-17.803171,FD,year,days_with_air_temperature_below_threshold,days,7
09575_Neustadt a.d. Aisch-Bad Windsheim,-16.72465,FD,year,days_with_air_temperature_below_threshold,days,7
09576_Roth,-17.38405,FD,year,days_with_air_temperature_below_threshold,days,7
09577_Weißenburg-Gunzenhausen,-17.665684,FD,year,days_with_air_temperature_below_threshold,days,7
09661_Aschaffenburg,-15.399397,FD,year,days_with_air_temperature_below_threshold,days,7
09662_Schweinfurt,-16.785835,FD,year,days_with_air_temperature_below_threshold,days,7
09663_Würzburg,-16.00611,FD,year,days_with_air_temperature_below_threshold,days,7
09671_Aschaffenburg,-16.247494,FD,year,days_with_air_temperature_below_threshold,days,7
09672_Bad Kissingen,-17.71383,FD,year,days_with_air_temperature_below_threshold,days,7
09673_Rhön-Grabfeld,-18.164488,FD,year,days_with_air_temperature_below_threshold,days,7
09674_Haßberge,-17.250917,FD,year,days_with_air_temperature_below_threshold,days,7
09675_Kitzingen,-16.226305,FD,year,days_with_air_temperature_below_threshold,days,7
09676_Miltenberg,-16.43166,FD,year,days_with_air_temperature_below_threshold,days,7
09677_Main-Spessart,-16.807215,FD,year,days_with_air_temperature_below_threshold,days,7
09678_Schweinfurt,-16.765253,FD,year,days_with_air_temperature_below_threshold,days,7
09679_Würzburg,-16.16531,FD,year,days_with_air_temperature_below_threshold,days,7
09761_Augsburg,-17.015196,FD,year,days_with_air_temperature_below_threshold,days,7
09762_Kaufbeuren,-17.934296,FD,year,days_with_air_temperature_below_threshold,days,7
09763_Kempten (Allgäu),-18.089804,FD,year,days_with_air_temperature_below_threshold,days,7
09764_Memmingen,-18.047949,FD,year,days_with_air_temperature_below_threshold,days,7
09771_Aichach-Friedberg,-17.21777,FD,year,days_with_air_temperature_below_threshold,days,7
09772_Augsburg,-17.275612,FD,year,days_with_air_temperature_below_threshold,days,7
09773_Dillingen a.d. Donau,-17.490402,FD,year,days_with_air_temperature_below_threshold,days,7
09774_Günzburg,-17.350618,FD,year,days_with_air_temperature_below_threshold,days,7
09775_Neu-Ulm,-17.443129,FD,year,days_with_air_temperature_below_threshold,days,7
09776_Lindau (Bodensee),-18.01658,FD,year,days_with_air_temperature_below_threshold,days,7
09777_Ostallgäu,-17.827597,FD,year,days_with_air_temperature_below_threshold,days,7
09778_Unterallgäu,-17.787207,FD,year,days_with_air_temperature_below_threshold,days,7
09779_Donau-Ries,-17.487032,FD,year,days_with_air_temperature_below_threshold,days,7
09780_Oberallgäu,-18.021788,FD,year,days_with_air_temperature_below_threshold,days,7
10041_Regionalverband Saarbrücken,-14.793438,FD,year,days_with_air_temperature_below_threshold,days,7
10042_Merzig-Wadern,-15.867043,FD,year,days_with_air_temperature_below_threshold,days,7
10043_Neunkirchen,-15.606043,FD,year,days_with_air_temperature_below_threshold,days,7
10044_Saarlouis,-15.07276,FD,year,days_with_air_temperature_below_threshold,days,7
10045_Saarpfalz-Kreis,-15.290363,FD,year,days_with_air_temperature_below_threshold,days,7
10046_St. Wendel,-16.630102,FD,year,days_with_air_temperature_below_threshold,days,7
11000_Berlin,-16.228807,FD,year,days_with_air_temperature_below_threshold,days,7
12051_Brandenburg an der Havel,-15.869632,FD,year,days_with_air_temperature_below_threshold,days,7
12052_Cottbus,-16.573694,FD,year,days_with_air_temperature_below_threshold,days,7
12053_Frankfurt (Oder),-17.04992,FD,year,days_with_air_temperature_below_threshold,days,7
12054_Potsdam,-16.117323,FD,year,days_with_air_temperature_below_threshold,days,7
12060_Barnim,-17.25366,FD,year,days_with_air_temperature_below_threshold,days,7
12061_Dahme-Spreewald,-16.701735,FD,year,days_with_air_temperature_below_threshold,days,7
12062_Elbe-Elster,-16.538052,FD,year,days_with_air_temperature_below_threshold,days,7
12063_Havelland,-16.24555,FD,year,days_with_air_temperature_below_threshold,days,7
12064_Märkisch-Oderland,-17.183565,FD,year,days_with_air_temperature_below_threshold,days,7
12065_Oberhavel,-17.184341,FD,year,days_with_air_temperature_below_threshold,days,7
12066_Oberspreewald-Lausitz,-16.693249,FD,year,days_with_air_temperature_below_threshold,days,7
12067_Oder-Spree,-17.040424,FD,year,days_with_air_temperature_below_threshold,days,7
12068_Ostprignitz-Ruppin,-17.099684,FD,year,days_with_air_temperature_below_threshold,days,7
12069_Potsdam-Mittelmark,-16.426805,FD,year,days_with_air_temperature_below_threshold,days,7
12070_Prignitz,-16.764637,FD,year,days_with_air_temperature_below_threshold,days,7
12071_Spree-Neiße,-16.832096,FD,year,days_with_air_temperature_below_threshold,days,7
12072_Teltow-Fläming,-16.625195,FD,year,days_with_air_temperature_below_threshold,days,7
12073_Uckermark,-17.687553,FD,year,days_with_air_temperature_below_threshold,days,7
13003_Rostock,-16.3954,FD,year,days_with_air_temperature_below_threshold,days,7
13004_Schwerin,-16.803484,FD,year,days_with_air_temperature_below_threshold,days,7
13072_Rostock,-17.149845,FD,year,days_with_air_temperature_below_threshold,days,7
13076_Ludwigslust-Parchim,-16.767624,FD,year,days_with_air_temperature_below_threshold,days,7
13071_Mecklenburgische Seenplatte,-17.502853,FD,year,days_with_air_temperature_below_threshold,days,7
13073_Vorpommern-Rügen,-16.967365,FD,year,days_with_air_temperature_below_threshold,days,7
13074_Nordwestmecklenburg,-16.683825,FD,year,days_with_air_temperature_below_threshold,days,7
13075_Vorpommern-Greifswald,-17.670599,FD,year,days_with_air_temperature_below_threshold,days,7
14511_Chemnitz,-17.828909,FD,year,days_with_air_temperature_below_threshold,days,7
14522_Mittelsachsen,-17.660536,FD,year,days_with_air_temperature_below_threshold,days,7
14523_Vogtlandkreis,-18.766333,FD,year,days_with_air_temperature_below_threshold,days,7
14521_Erzgebirgskreis,-18.563944,FD,year,days_with_air_temperature_below_threshold,days,7
14524_Zwickau,-17.564108,FD,year,days_with_air_temperature_below_threshold,days,7
14612_Dresden,-16.819817,FD,year,days_with_air_temperature_below_threshold,days,7
14626_Görlitz,-17.916185,FD,year,days_with_air_temperature_below_threshold,days,7
14625_Bautzen,-17.409452,FD,year,days_with_air_temperature_below_threshold,days,7
14627_Meißen,-16.359339,FD,year,days_with_air_temperature_below_threshold,days,7
14628_Sächsische Schweiz-Osterzgebirge,-18.360836,FD,year,days_with_air_temperature_below_threshold,days,7
14713_Leipzig,-15.927511,FD,year,days_with_air_temperature_below_threshold,days,7
14729_Leipzig,-16.330309,FD,year,days_with_air_temperature_below_threshold,days,7
14730_Nordsachsen,-16.265993,FD,year,days_with_air_temperature_below_threshold,days,7
15001_Dessau-Roßlau,-16.354204,FD,year,days_with_air_temperature_below_threshold,days,7
15082_Anhalt-Bitterfeld,-16.258673,FD,year,days_with_air_temperature_below_threshold,days,7
15091_Wittenberg,-16.486689,FD,year,days_with_air_temperature_below_threshold,days,7
15002_Halle (Saale),-15.810488,FD,year,days_with_air_temperature_below_threshold,days,7
15084_Burgenlandkreis,-16.342342,FD,year,days_with_air_temperature_below_threshold,days,7
15088_Saalekreis,-16.121696,FD,year,days_with_air_temperature_below_threshold,days,7
15087_Mansfeld-Südharz,-17.336266,FD,year,days_with_air_temperature_below_threshold,days,7
15003_Magdeburg,-15.960626,FD,year,days_with_air_temperature_below_threshold,days,7
15085_Harz,-17.55507,FD,year,days_with_air_temperature_below_threshold,days,7
15086_Jerichower Land,-16.248585,FD,year,days_with_air_temperature_below_threshold,days,7
15083_Börde,-16.010368,FD,year,days_with_air_temperature_below_threshold,days,7
15090_Stendal,-16.032093,FD,year,days_with_air_temperature_below_threshold,days,7
15089_Salzlandkreis,-15.986221,FD,year,days_with_air_temperature_below_threshold,days,7
15081_Altmarkkreis Salzwedel,-15.845206,FD,year,days_with_air_temperature_below_threshold,days,7
16051_Erfurt,-16.540367,FD,year,days_with_air_temperature_below_threshold,days,7
16052_Gera,-16.85113,FD,year,days_with_air_temperature_below_threshold,days,7
16053_Jena,-17.097952,FD,year,days_with_air_temperature_below_threshold,days,7
16054_Suhl,-19.281,FD,year,days_with_air_temperature_below_threshold,days,7
16055_Weimar,-17.20982,FD,year,days_with_air_temperature_below_threshold,days,7
16056_Eisenach,-17.56139,FD,year,days_with_air_temperature_below_threshold,days,7
16061_Eichsfeld,-17.998327,FD,year,days_with_air_temperature_below_threshold,days,7
16062_Nordhausen,-18.066828,FD,year,days_with_air_temperature_below_threshold,days,7
16063_Wartburgkreis,-17.939142,FD,year,days_with_air_temperature_below_threshold,days,7
16064_Unstrut-Hainich-Kreis,-17.25862,FD,year,days_with_air_temperature_below_threshold,days,7
16065_Kyffhäuserkreis,-17.079954,FD,year,days_with_air_temperature_below_threshold,days,7
16066_Schmalkalden-Meiningen,-18.775955,FD,year,days_with_air_temperature_below_threshold,days,7
16067_Gotha,-17.781708,FD,year,days_with_air_temperature_below_threshold,days,7
16068_Sömmerda,-16.389585,FD,year,days_with_air_temperature_below_threshold,days,7
16069_Hildburghausen,-18.497263,FD,year,days_with_air_temperature_below_threshold,days,7
16070_Ilm-Kreis,-18.49856,FD,year,days_with_air_temperature_below_threshold,days,7
16071_Weimarer Land,-17.18398,FD,year,days_with_air_temperature_below_threshold,days,7
16072_Sonneberg,-18.854164,FD,year,days_with_air_temperature_below_threshold,days,7
16073_Saalfeld-Rudolstadt,-18.540714,FD,year,days_with_air_temperature_below_threshold,days,7
16074_Saale-Holzland-Kreis,-17.274046,FD,year,days_with_air_temperature_below_threshold,days,7
16075_Saale-Orla-Kreis,-18.560045,FD,year,days_with_air_temperature_below_threshold,days,7
16076_Greiz,-17.680336,FD,year,days_with_air_temperature_below_threshold,days,7
16077_Altenburger Land,-16.648586,FD,year,days_with_air_temperature_below_threshold,days,7
01001_01059_Region_um_Flensburg,-15.829272,FD,year,days_with_air_temperature_below_threshold,days,7
01002_01057_01058_Region_um_Kiel,-16.314837,FD,year,days_with_air_temperature_below_threshold,days,7
01003_13074_01055_01053_01062_Region_um_Lübeck,-16.353447,FD,year,days_with_air_temperature_below_threshold,days,7
01004_01058_01060_01057_01002_Region_um_Neumünster,-16.33041,FD,year,days_with_air_temperature_below_threshold,days,7
03101_03157_03154_03151_03102_03158_03103_Region_um_Braunschweig,-15.552734,FD,year,days_with_air_temperature_below_threshold,days,7
03102_03254_03157_03158_03153_03101_Region_um_Salzgitter,-16.33741,FD,year,days_with_air_temperature_below_threshold,days,7
03103_03154_03151_Region_um_Wolfsburg,-15.772977,FD,year,days_with_air_temperature_below_threshold,days,7
03401_03458_04011_03251_03461_Region_um_Delmenhorst,-14.70256,FD,year,days_with_air_temperature_below_threshold,days,7
03402_03452_03457_Region_um_Emden,-13.239153,FD,year,days_with_air_temperature_below_threshold,days,7
03403_03458_03451_03461_Region_um_Oldenburg_(Oldenburg),-14.663591,FD,year,days_with_air_temperature_below_threshold,days,7
03404_03459_05566_Region_um_Osnabrück,-14.636055,FD,year,days_with_air_temperature_below_threshold,days,7
03405_03455_Region_um_Wilhelmshaven,-14.140783,FD,year,days_with_air_temperature_below_threshold,days,7
04011_03361_03251_03401_03461_03356_03352_04012_Region_um_Bremen,-14.679492,FD,year,days_with_air_temperature_below_threshold,days,7
04012_03352_03461_Region_um_Bremerhaven,-14.429454,FD,year,days_with_air_temperature_below_threshold,days,7
05111_05162_05158_05112_Region_um_Düsseldorf,-13.119963,FD,year,days_with_air_temperature_below_threshold,days,7
05112_05114_05119_05117_05170_05158_05111_Region_um_Duisburg,-13.190429,FD,year,days_with_air_temperature_below_threshold,days,7
05113_05119_05117_05513_05512_05158_05911_05954_05562_05513_05916_Region_um_Essen,-13.728789,FD,year,days_with_air_temperature_below_threshold,days,7
05114_05112_05162_05166_05170_Region_um_Krefeld,-12.961474,FD,year,days_with_air_temperature_below_threshold,days,7
05116_05370_05166_05162_Region_um_Mönchengladbach,-12.800805,FD,year,days_with_air_temperature_below_threshold,days,7
05117_05112_05158_05119_05113_Region_um_Mülheim_an_der_Ruhr,-13.36776,FD,year,days_with_air_temperature_below_threshold,days,7
05119_05170_05512_05113_05117_05112_Region_um_Oberhausen,-13.072705,FD,year,days_with_air_temperature_below_threshold,days,7
05120_05124_05122_05378_05374_Region_um_Remscheid,-16.322687,FD,year,days_with_air_temperature_below_threshold,days,7
05122_05158_05124_05378_05120_Region_um_Solingen,-14.852403,FD,year,days_with_air_temperature_below_threshold,days,7
05124_05122_05120_05158_05954_05374_Region_um_Wuppertal,-15.935934,FD,year,days_with_air_temperature_below_threshold,days,7
05314_05382_Region_um_Bonn,-14.96894,FD,year,days_with_air_temperature_below_threshold,days,7
05316_05315_05378_05158_Region_um_Leverkusen,-14.061843,FD,year,days_with_air_temperature_below_threshold,days,7
05512_05119_05513_05113_05170_05562_Region_um_Bottrop,-13.177023,FD,year,days_with_air_temperature_below_threshold,days,7
05513_05113_05916_05911_05562_05512_Region_um_Gelsenkirchen,-13.225731,FD,year,days_with_air_temperature_below_threshold,days,7
05515_05566_05558_05570_Region_um_Münster,-14.178676,FD,year,days_with_air_temperature_below_threshold,days,7
05711_05754_05758_05766_Region_um_Bielefeld,-15.464154,FD,year,days_with_air_temperature_below_threshold,days,7
05911_05954_05913_05513_05113_05916_05562_Region_um_Bochum,-13.740581,FD,year,days_with_air_temperature_below_threshold,days,7
05913_05914_05911_05916_05978_05954_05562_Region_um_Dortmund,-13.986755,FD,year,days_with_air_temperature_below_threshold,days,7
05914_05954_05913_05978_05962_Region_um_Hagen,-15.793642,FD,year,days_with_air_temperature_below_threshold,days,7
05915_05978_05974_05570_05558_Region_um_Hamm,-14.388637,FD,year,days_with_air_temperature_below_threshold,days,7
05916_05513_05562_05911_Region_um_Herne,-13.248841,FD,year,days_with_air_temperature_below_threshold,days,7
06411_06432_06438_Region_um_Darmstadt,-14.670382,FD,year,days_with_air_temperature_below_threshold,days,7
06412_06413_06436_06434_06440_06435_06438_06433_Region_um_Frankfurt_am_Main,-16.036003,FD,year,days_with_air_temperature_below_threshold,days,7
06413_06438_06435_06412_Region_um_Offenbach_am_Main,-16.087917,FD,year,days_with_air_temperature_below_threshold,days,7
06414_07315_07339_06439_06436_06433_Region_um_Wiesbaden,-15.564424,FD,year,days_with_air_temperature_below_threshold,days,7
06436_06412_06414_06433_06439_06434_Region_um_Main-Taunus-Kreis,-15.853231,FD,year,days_with_air_temperature_below_threshold,days,7
06438_06432_06411_06433_06413_06435_06412_09671_Region_um_Offenbach,-15.654125,FD,year,days_with_air_temperature_below_threshold,days,7
06611_06633_03159_Region_um_Kassel,-17.730387,FD,year,days_with_air_temperature_below_threshold,days,7
07111_07137_07141_07143_Region_um_Koblenz,-16.750843,FD,year,days_with_air_temperature_below_threshold,days,7
07211_07235_Region_um_Trier,-16.05435,FD,year,days_with_air_temperature_below_threshold,days,7
07311_07318_07314_07338_08222_Region_um_Frankenthal_(Pfalz),-13.931807,FD,year,days_with_air_temperature_below_threshold,days,7
07312_07335_07332_Region_um_Kaiserslautern,-15.485228,FD,year,days_with_air_temperature_below_threshold,days,7
07313_07337_Region_um_Landau_in_der_Pfalz,-14.967273,FD,year,days_with_air_temperature_below_threshold,days,7
07314_07311_07338_08222_Region_um_Ludwigshafen_am_Rhein,-13.927195,FD,year,days_with_air_temperature_below_threshold,days,7
07315_07339_06414_06433_Region_um_Mainz,-14.928495,FD,year,days_with_air_temperature_below_threshold,days,7
07316_07337_07332_07313_Region_um_Neustadt_an_der_Weinstraße,-14.989854,FD,year,days_with_air_temperature_below_threshold,days,7
07317_07340_Region_um_Pirmasens,-15.811593,FD,year,days_with_air_temperature_below_threshold,days,7
07318_07311_07314_07338_08215_08226_08212_Region_um_Speyer,-14.455203,FD,year,days_with_air_temperature_below_threshold,days,7
07319_07331_07332_06431_07338_07311_07318_07314_Region_um_Worms,-14.768198,FD,year,days_with_air_temperature_below_threshold,days,7
07320_07340_10045_07317_Region_um_Zweibrücken,-15.647992,FD,year,days_with_air_temperature_below_threshold,days,7
07338_07311_07318_07314_08222_08226_08215_07334_07337_07313_07316_07332_07319_08221_08212_Region_um_Rhein-Pfalz-Kreis,-14.530466,FD,year,days_with_air_temperature_below_threshold,days,7
08111_08115_08116_08118_08119_Region_um_Stuttgart,-16.258287,FD,year,days_with_air_temperature_below_threshold,days,7
08121_08125_Region_um_Heilbronn,-15.549865,FD,year,days_with_air_temperature_below_threshold,days,7
08211_08216_Region_um_Baden-Baden,-15.222342,FD,year,days_with_air_temperature_below_threshold,days,7
08212_08215_07334_Region_um_Karlsruhe,-13.945129,FD,year,days_with_air_temperature_below_threshold,days,7
08221_08226_08222_Region_um_Heidelberg,-15.04655,FD,year,days_with_air_temperature_below_threshold,days,7
08222_08221_08226_06431_07338_07311_07318_07314_Region_um_Mannheim,-14.912293,FD,year,days_with_air_temperature_below_threshold,days,7
08231_08236_08235_Region_um_Pforzheim,-16.546146,FD,year,days_with_air_temperature_below_threshold,days,7
08311_08316_08315_Region_um_Freiburg_im_Breisgau,-16.146471,FD,year,days_with_air_temperature_below_threshold,days,7
08421_08425_09775_Region_um_Ulm,-17.732328,FD,year,days_with_air_temperature_below_threshold,days,7
09161_09176_09185_09186_Region_um_Ingolstadt,-17.358593,FD,year,days_with_air_temperature_below_threshold,days,7
09162_09184_09179_09174_Region_um_München,-17.303278,FD,year,days_with_air_temperature_below_threshold,days,7
09163_09187_Region_um_Rosenheim,-17.655949,FD,year,days_with_air_temperature_below_threshold,days,7
09261_09274_Region_um_Landshut,-17.418097,FD,year,days_with_air_temperature_below_threshold,days,7
09262_09275_Region_um_Passau,-18.42602,FD,year,days_with_air_temperature_below_threshold,days,7
09263_09278_Region_um_Straubing,-18.09646,FD,year,days_with_air_temperature_below_threshold,days,7
09361_09371_Region_um_Amberg,-18.214523,FD,year,days_with_air_temperature_below_threshold,days,7
09362_09375_Region_um_Regensburg,-17.830395,FD,year,days_with_air_temperature_below_threshold,days,7
09363_09374_Region_um_Weiden_in_der_Oberpfalz,-18.513453,FD,year,days_with_air_temperature_below_threshold,days,7
09461_09471_Region_um_Bamberg,-17.370687,FD,year,days_with_air_temperature_below_threshold,days,7
09462_09472_Region_um_Bayreuth,-18.433487,FD,year,days_with_air_temperature_below_threshold,days,7
09463_09473_Region_um_Coburg,-17.877472,FD,year,days_with_air_temperature_below_threshold,days,7
09464_09475_Region_um_Hof,-18.94488,FD,year,days_with_air_temperature_below_threshold,days,7
09561_09571_Region_um_Ansbach,-17.183765,FD,year,days_with_air_temperature_below_threshold,days,7
09562_09572_09564_09563_Region_um_Erlangen,-16.80659,FD,year,days_with_air_temperature_below_threshold,days,7
09563_09573_09562_09564_Region_um_Fürth,-16.71963,FD,year,days_with_air_temperature_below_threshold,days,7
09564_09563_09574_09565_09573_09572_09576_09562_Region_um_Nürnberg,-17.254818,FD,year,days_with_air_temperature_below_threshold,days,7
09565_09576_09564_Region_um_Schwabach,-17.258606,FD,year,days_with_air_temperature_below_threshold,days,7
09573_09572_09562_09563_09574_09565_09576_09561_09571_09575_09564_Region_um_Fürth,-17.12475,FD,year,days_with_air_temperature_below_threshold,days,7
09661_09671_09676_Region_um_Aschaffenburg,-16.298832,FD,year,days_with_air_temperature_below_threshold,days,7
09662_09678_Region_um_Schweinfurt,-16.766104,FD,year,days_with_air_temperature_below_threshold,days,7
09663_09679_Region_um_Würzburg,-16.150602,FD,year,days_with_air_temperature_below_threshold,days,7
09761_09772_09771_Region_um_Augsburg,-17.233713,FD,year,days_with_air_temperature_below_threshold,days,7
09762_09777_Region_um_Kaufbeuren,-17.830795,FD,year,days_with_air_temperature_below_threshold,days,7
09763_09780_Region_um_Kempten_(Allgäu),-18.024647,FD,year,days_with_air_temperature_below_threshold,days,7
09764_09778_08436_Region_um_Memmingen,-17.966064,FD,year,days_with_air_temperature_below_threshold,days,7
09776_08435_08436_09780_09763_Region_um_Lindau_(Bodensee),-17.749062,FD,year,days_with_air_temperature_below_threshold,days,7
10043_10044_10045_10041_10046_07336_Region_um_Neunkirchen,-15.593277,FD,year,days_with_air_temperature_below_threshold,days,7
12051_12063_12069_Region_um_Brandenburg_an_der_Havel,-16.328613,FD,year,days_with_air_temperature_below_threshold,days,7
12052_12071_Region_um_Cottbus,-16.80816,FD,year,days_with_air_temperature_below_threshold,days,7
12053_12067_12064_Region_um_Frankfurt_(Oder),-17.108244,FD,year,days_with_air_temperature_below_threshold,days,7
12054_12063_12069_11000_12051_Region_um_Potsdam,-16.305748,FD,year,days_with_air_temperature_below_threshold,days,7
13003_13072_Region_um_Rostock,-17.1127,FD,year,days_with_air_temperature_below_threshold,days,7
13004_13076_13074_Region_um_Schwerin,-16.742884,FD,year,days_with_air_temperature_below_threshold,days,7
14511_14524_14521_14522_Region_um_Chemnitz,-17.975231,FD,year,days_with_air_temperature_below_threshold,days,7
14612_14627_14625_14628_Region_um_Dresden,-17.385445,FD,year,days_with_air_temperature_below_threshold,days,7
14713_14729_14730_Region_um_Leipzig,-16.267365,FD,year,days_with_air_temperature_below_threshold,days,7
15001_15091_15082_Region_um_Dessau-Rolau,-16.38693,FD,year,days_with_air_temperature_below_threshold,days,7
15002_15088_Region_um_Halle_(Saale),-16.093897,FD,year,days_with_air_temperature_below_threshold,days,7
15003_15083_15089_15086_Region_um_Magdeburg,-16.069881,FD,year,days_with_air_temperature_below_threshold,days,7
16051_16067_16068_16070_16071_16055_Region_um_Erfurt,-17.399742,FD,year,days_with_air_temperature_below_threshold,days,7
16052_16076_15084_16074_Region_um_Gera,-16.955406,FD,year,days_with_air_temperature_below_threshold,days,7
16053_16074_16071_16055_Region_um_Jena,-17.219852,FD,year,days_with_air_temperature_below_threshold,days,7
16054_16066_16069_16070_Region_um_Suhl,-18.645702,FD,year,days_with_air_temperature_below_threshold,days,7
16055_16071_Region_um_Weimar,-17.186638,FD,year,days_with_air_temperature_below_threshold,days,7
16056_16063_06636_Region_um_Eisenach,-17.905807,FD,year,days_with_air_temperature_below_threshold,days,7
