region,ci_name,ci_frequency,standard_name,units,mid_month,HSf3_year_2C_rcp85_ensemble-robustness
01001_01059_Region_um_Flensburg,HSf3,year,hot_spell_frequency,,7,1
01001_Flensburg,HSf3,year,hot_spell_frequency,,7,1
01002_01057_01058_Region_um_Kiel,HSf3,year,hot_spell_frequency,,7,1
01002_Kiel,HSf3,year,hot_spell_frequency,,7,1
01003_13074_01055_01053_01062_Region_um_Lübeck,HSf3,year,hot_spell_frequency,,7,1
01003_Lübeck,HSf3,year,hot_spell_frequency,,7,1
01004_01058_01060_01057_01002_Region_um_Neumünster,HSf3,year,hot_spell_frequency,,7,1
01004_Neumünster,HSf3,year,hot_spell_frequency,,7,1
01051_Dithmarschen,HSf3,year,hot_spell_frequency,,7,1
01053_Herzogtum Lauenburg,HSf3,year,hot_spell_frequency,,7,1
01054_Nordfriesland,HSf3,year,hot_spell_frequency,,7,1
01055_Ostholstein,HSf3,year,hot_spell_frequency,,7,1
01056_Pinneberg,HSf3,year,hot_spell_frequency,,7,1
01057_Plön,HSf3,year,hot_spell_frequency,,7,1
01058_Rendsburg-Eckernförde,HSf3,year,hot_spell_frequency,,7,1
01059_Schleswig-Flensburg,HSf3,year,hot_spell_frequency,,7,1
01060_Segeberg,HSf3,year,hot_spell_frequency,,7,1
01061_Steinburg,HSf3,year,hot_spell_frequency,,7,1
01062_Stormarn,HSf3,year,hot_spell_frequency,,7,1
02000_Hamburg,HSf3,year,hot_spell_frequency,,7,1
03101_03157_03154_03151_03102_03158_03103_Region_um_Braunschweig,HSf3,year,hot_spell_frequency,,7,1
03101_Braunschweig,HSf3,year,hot_spell_frequency,,7,1
03102_03254_03157_03158_03153_03101_Region_um_Salzgitter,HSf3,year,hot_spell_frequency,,7,2
03102_Salzgitter,HSf3,year,hot_spell_frequency,,7,1
03103_03154_03151_Region_um_Wolfsburg,HSf3,year,hot_spell_frequency,,7,2
03103_Wolfsburg,HSf3,year,hot_spell_frequency,,7,2
03151_Gifhorn,HSf3,year,hot_spell_frequency,,7,1
03153_Goslar,HSf3,year,hot_spell_frequency,,7,1
03154_Helmstedt,HSf3,year,hot_spell_frequency,,7,1
03155_Northeim,HSf3,year,hot_spell_frequency,,7,1
03157_Peine,HSf3,year,hot_spell_frequency,,7,1
03158_Wolfenbüttel,HSf3,year,hot_spell_frequency,,7,1
03159_Göttingen,HSf3,year,hot_spell_frequency,,7,1
03241_Region Hannover,HSf3,year,hot_spell_frequency,,7,1
03251_Diepholz,HSf3,year,hot_spell_frequency,,7,1
03252_Hameln-Pyrmont,HSf3,year,hot_spell_frequency,,7,1
03254_Hildesheim,HSf3,year,hot_spell_frequency,,7,1
03255_Holzminden,HSf3,year,hot_spell_frequency,,7,1
03256_Nienburg (Weser),HSf3,year,hot_spell_frequency,,7,1
03257_Schaumburg,HSf3,year,hot_spell_frequency,,7,2
03351_Celle,HSf3,year,hot_spell_frequency,,7,1
03352_Cuxhaven,HSf3,year,hot_spell_frequency,,7,1
03353_Harburg,HSf3,year,hot_spell_frequency,,7,1
03354_Lüchow-Dannenberg,HSf3,year,hot_spell_frequency,,7,1
03355_Lüneburg,HSf3,year,hot_spell_frequency,,7,1
03356_Osterholz,HSf3,year,hot_spell_frequency,,7,1
03357_Rotenburg (Wümme),HSf3,year,hot_spell_frequency,,7,1
03358_Heidekreis,HSf3,year,hot_spell_frequency,,7,1
03359_Stade,HSf3,year,hot_spell_frequency,,7,1
03360_Uelzen,HSf3,year,hot_spell_frequency,,7,1
03361_Verden,HSf3,year,hot_spell_frequency,,7,1
03401_03458_04011_03251_03461_Region_um_Delmenhorst,HSf3,year,hot_spell_frequency,,7,1
03401_Delmenhorst,HSf3,year,hot_spell_frequency,,7,1
03402_03452_03457_Region_um_Emden,HSf3,year,hot_spell_frequency,,7,1
03402_Emden,HSf3,year,hot_spell_frequency,,7,1
03403_03458_03451_03461_Region_um_Oldenburg_(Oldenburg),HSf3,year,hot_spell_frequency,,7,1
03403_Oldenburg (Oldb),HSf3,year,hot_spell_frequency,,7,1
03404_03459_05566_Region_um_Osnabrück,HSf3,year,hot_spell_frequency,,7,1
03404_Osnabrück,HSf3,year,hot_spell_frequency,,7,1
03405_03455_Region_um_Wilhelmshaven,HSf3,year,hot_spell_frequency,,7,1
03405_Wilhelmshaven,HSf3,year,hot_spell_frequency,,7,1
03451_Ammerland,HSf3,year,hot_spell_frequency,,7,1
03452_Aurich,HSf3,year,hot_spell_frequency,,7,1
03453_Cloppenburg,HSf3,year,hot_spell_frequency,,7,1
03454_Emsland,HSf3,year,hot_spell_frequency,,7,1
03455_Friesland,HSf3,year,hot_spell_frequency,,7,1
03456_Grafschaft Bentheim,HSf3,year,hot_spell_frequency,,7,1
03457_Leer,HSf3,year,hot_spell_frequency,,7,1
03458_Oldenburg,HSf3,year,hot_spell_frequency,,7,1
03459_Osnabrück,HSf3,year,hot_spell_frequency,,7,1
03460_Vechta,HSf3,year,hot_spell_frequency,,7,1
03461_Wesermarsch,HSf3,year,hot_spell_frequency,,7,1
03462_Wittmund,HSf3,year,hot_spell_frequency,,7,1
04011_03361_03251_03401_03461_03356_03352_04012_Region_um_Bremen,HSf3,year,hot_spell_frequency,,7,1
04011_Bremen,HSf3,year,hot_spell_frequency,,7,1
04012_03352_03461_Region_um_Bremerhaven,HSf3,year,hot_spell_frequency,,7,1
04012_Bremerhaven,HSf3,year,hot_spell_frequency,,7,1
05111_05162_05158_05112_Region_um_Düsseldorf,HSf3,year,hot_spell_frequency,,7,1
05111_Düsseldorf,HSf3,year,hot_spell_frequency,,7,1
05112_05114_05119_05117_05170_05158_05111_Region_um_Duisburg,HSf3,year,hot_spell_frequency,,7,2
05112_Duisburg,HSf3,year,hot_spell_frequency,,7,2
05113_05119_05117_05513_05512_05158_05911_05954_05562_05513_05916_Region_um_Essen,HSf3,year,hot_spell_frequency,,7,2
05113_Essen,HSf3,year,hot_spell_frequency,,7,2
05114_05112_05162_05166_05170_Region_um_Krefeld,HSf3,year,hot_spell_frequency,,7,2
05114_Krefeld,HSf3,year,hot_spell_frequency,,7,1
05116_05370_05166_05162_Region_um_Mönchengladbach,HSf3,year,hot_spell_frequency,,7,2
05116_Mönchengladbach,HSf3,year,hot_spell_frequency,,7,2
05117_05112_05158_05119_05113_Region_um_Mülheim_an_der_Ruhr,HSf3,year,hot_spell_frequency,,7,2
05117_Mülheim an der Ruhr,HSf3,year,hot_spell_frequency,,7,1
05119_05170_05512_05113_05117_05112_Region_um_Oberhausen,HSf3,year,hot_spell_frequency,,7,2
05119_Oberhausen,HSf3,year,hot_spell_frequency,,7,2
05120_05124_05122_05378_05374_Region_um_Remscheid,HSf3,year,hot_spell_frequency,,7,2
05120_Remscheid,HSf3,year,hot_spell_frequency,,7,1
05122_05158_05124_05378_05120_Region_um_Solingen,HSf3,year,hot_spell_frequency,,7,2
05122_Solingen,HSf3,year,hot_spell_frequency,,7,2
05124_05122_05120_05158_05954_05374_Region_um_Wuppertal,HSf3,year,hot_spell_frequency,,7,2
05124_Wuppertal,HSf3,year,hot_spell_frequency,,7,1
05154_Kleve,HSf3,year,hot_spell_frequency,,7,2
05158_Mettmann,HSf3,year,hot_spell_frequency,,7,2
05162_Rhein-Kreis Neuss,HSf3,year,hot_spell_frequency,,7,1
05166_Viersen,HSf3,year,hot_spell_frequency,,7,2
05170_Wesel,HSf3,year,hot_spell_frequency,,7,2
05314_05382_Region_um_Bonn,HSf3,year,hot_spell_frequency,,7,2
05314_Bonn,HSf3,year,hot_spell_frequency,,7,1
05315_Köln,HSf3,year,hot_spell_frequency,,7,2
05316_05315_05378_05158_Region_um_Leverkusen,HSf3,year,hot_spell_frequency,,7,2
05316_Leverkusen,HSf3,year,hot_spell_frequency,,7,2
05334_Städteregion Aachen,HSf3,year,hot_spell_frequency,,7,1
05358_Düren,HSf3,year,hot_spell_frequency,,7,2
05362_Rhein-Erft-Kreis,HSf3,year,hot_spell_frequency,,7,2
05366_Euskirchen,HSf3,year,hot_spell_frequency,,7,2
05370_Heinsberg,HSf3,year,hot_spell_frequency,,7,2
05374_Oberbergischer Kreis,HSf3,year,hot_spell_frequency,,7,1
05378_Rheinisch-Bergischer Kreis,HSf3,year,hot_spell_frequency,,7,2
05382_Rhein-Sieg-Kreis,HSf3,year,hot_spell_frequency,,7,2
05512_05119_05513_05113_05170_05562_Region_um_Bottrop,HSf3,year,hot_spell_frequency,,7,2
05512_Bottrop,HSf3,year,hot_spell_frequency,,7,2
05513_05113_05916_05911_05562_05512_Region_um_Gelsenkirchen,HSf3,year,hot_spell_frequency,,7,2
05513_Gelsenkirchen,HSf3,year,hot_spell_frequency,,7,2
05515_05566_05558_05570_Region_um_Münster,HSf3,year,hot_spell_frequency,,7,2
05515_Münster,HSf3,year,hot_spell_frequency,,7,1
05554_Borken,HSf3,year,hot_spell_frequency,,7,1
05558_Coesfeld,HSf3,year,hot_spell_frequency,,7,1
05562_Recklinghausen,HSf3,year,hot_spell_frequency,,7,2
05566_Steinfurt,HSf3,year,hot_spell_frequency,,7,1
05570_Warendorf,HSf3,year,hot_spell_frequency,,7,1
05711_05754_05758_05766_Region_um_Bielefeld,HSf3,year,hot_spell_frequency,,7,1
05711_Bielefeld,HSf3,year,hot_spell_frequency,,7,1
05754_Gütersloh,HSf3,year,hot_spell_frequency,,7,1
05758_Herford,HSf3,year,hot_spell_frequency,,7,1
05762_Höxter,HSf3,year,hot_spell_frequency,,7,1
05766_Lippe,HSf3,year,hot_spell_frequency,,7,1
05770_Minden-Lübbecke,HSf3,year,hot_spell_frequency,,7,1
05774_Paderborn,HSf3,year,hot_spell_frequency,,7,1
05911_05954_05913_05513_05113_05916_05562_Region_um_Bochum,HSf3,year,hot_spell_frequency,,7,2
05911_Bochum,HSf3,year,hot_spell_frequency,,7,2
05913_05914_05911_05916_05978_05954_05562_Region_um_Dortmund,HSf3,year,hot_spell_frequency,,7,2
05913_Dortmund,HSf3,year,hot_spell_frequency,,7,2
05914_05954_05913_05978_05962_Region_um_Hagen,HSf3,year,hot_spell_frequency,,7,2
05914_Hagen,HSf3,year,hot_spell_frequency,,7,1
05915_05978_05974_05570_05558_Region_um_Hamm,HSf3,year,hot_spell_frequency,,7,1
05915_Hamm,HSf3,year,hot_spell_frequency,,7,1
05916_05513_05562_05911_Region_um_Herne,HSf3,year,hot_spell_frequency,,7,2
05916_Herne,HSf3,year,hot_spell_frequency,,7,2
05954_Ennepe-Ruhr-Kreis,HSf3,year,hot_spell_frequency,,7,2
05958_Hochsauerlandkreis,HSf3,year,hot_spell_frequency,,7,1
05962_Märkischer Kreis,HSf3,year,hot_spell_frequency,,7,1
05966_Olpe,HSf3,year,hot_spell_frequency,,7,1
05970_Siegen-Wittgenstein,HSf3,year,hot_spell_frequency,,7,2
05974_Soest,HSf3,year,hot_spell_frequency,,7,1
05978_Unna,HSf3,year,hot_spell_frequency,,7,2
06411_06432_06438_Region_um_Darmstadt,HSf3,year,hot_spell_frequency,,7,2
06411_Darmstadt,HSf3,year,hot_spell_frequency,,7,2
06412_06413_06436_06434_06440_06435_06438_06433_Region_um_Frankfurt_am_Main,HSf3,year,hot_spell_frequency,,7,2
06412_Frankfurt am Main,HSf3,year,hot_spell_frequency,,7,2
06413_06438_06435_06412_Region_um_Offenbach_am_Main,HSf3,year,hot_spell_frequency,,7,2
06413_Offenbach am Main,HSf3,year,hot_spell_frequency,,7,2
06414_07315_07339_06439_06436_06433_Region_um_Wiesbaden,HSf3,year,hot_spell_frequency,,7,2
06414_Wiesbaden,HSf3,year,hot_spell_frequency,,7,2
06431_Bergstraße,HSf3,year,hot_spell_frequency,,7,2
06432_Darmstadt-Dieburg,HSf3,year,hot_spell_frequency,,7,2
06433_Groß-Gerau,HSf3,year,hot_spell_frequency,,7,2
06434_Hochtaunuskreis,HSf3,year,hot_spell_frequency,,7,2
06435_Main-Kinzig-Kreis,HSf3,year,hot_spell_frequency,,7,2
06436_06412_06414_06433_06439_06434_Region_um_Main-Taunus-Kreis,HSf3,year,hot_spell_frequency,,7,2
06436_Main-Taunus-Kreis,HSf3,year,hot_spell_frequency,,7,2
06437_Odenwaldkreis,HSf3,year,hot_spell_frequency,,7,2
06438_06432_06411_06433_06413_06435_06412_09671_Region_um_Offenbach,HSf3,year,hot_spell_frequency,,7,2
06438_Offenbach,HSf3,year,hot_spell_frequency,,7,2
06439_Rheingau-Taunus-Kreis,HSf3,year,hot_spell_frequency,,7,2
06440_Wetteraukreis,HSf3,year,hot_spell_frequency,,7,2
06531_Gießen,HSf3,year,hot_spell_frequency,,7,2
06532_Lahn-Dill-Kreis,HSf3,year,hot_spell_frequency,,7,2
06533_Limburg-Weilburg,HSf3,year,hot_spell_frequency,,7,2
06534_Marburg-Biedenkopf,HSf3,year,hot_spell_frequency,,7,2
06535_Vogelsbergkreis,HSf3,year,hot_spell_frequency,,7,2
06611_06633_03159_Region_um_Kassel,HSf3,year,hot_spell_frequency,,7,2
06611_Kassel,HSf3,year,hot_spell_frequency,,7,1
06631_Fulda,HSf3,year,hot_spell_frequency,,7,2
06632_Hersfeld-Rotenburg,HSf3,year,hot_spell_frequency,,7,1
06633_Kassel,HSf3,year,hot_spell_frequency,,7,2
06634_Schwalm-Eder-Kreis,HSf3,year,hot_spell_frequency,,7,2
06635_Waldeck-Frankenberg,HSf3,year,hot_spell_frequency,,7,2
06636_Werra-Meißner-Kreis,HSf3,year,hot_spell_frequency,,7,1
07111_07137_07141_07143_Region_um_Koblenz,HSf3,year,hot_spell_frequency,,7,2
07111_Koblenz,HSf3,year,hot_spell_frequency,,7,2
07131_Ahrweiler,HSf3,year,hot_spell_frequency,,7,2
07132_Altenkirchen (Westerwald),HSf3,year,hot_spell_frequency,,7,1
07133_Bad Kreuznach,HSf3,year,hot_spell_frequency,,7,2
07134_Birkenfeld,HSf3,year,hot_spell_frequency,,7,2
07135_Cochem-Zell,HSf3,year,hot_spell_frequency,,7,2
07137_Mayen-Koblenz,HSf3,year,hot_spell_frequency,,7,2
07138_Neuwied,HSf3,year,hot_spell_frequency,,7,2
07140_Rhein-Hunsrück-Kreis,HSf3,year,hot_spell_frequency,,7,2
07141_Rhein-Lahn-Kreis,HSf3,year,hot_spell_frequency,,7,2
07143_Westerwaldkreis,HSf3,year,hot_spell_frequency,,7,2
07211_07235_Region_um_Trier,HSf3,year,hot_spell_frequency,,7,2
07211_Trier,HSf3,year,hot_spell_frequency,,7,2
07231_Bernkastel-Wittlich,HSf3,year,hot_spell_frequency,,7,2
07232_Eifelkreis Bitburg-Prüm,HSf3,year,hot_spell_frequency,,7,2
07233_Vulkaneifel,HSf3,year,hot_spell_frequency,,7,1
07235_Trier-Saarburg,HSf3,year,hot_spell_frequency,,7,2
07311_07318_07314_07338_08222_Region_um_Frankenthal_(Pfalz),HSf3,year,hot_spell_frequency,,7,2
07311_Frankenthal (Pfalz),HSf3,year,hot_spell_frequency,,7,2
07312_07335_07332_Region_um_Kaiserslautern,HSf3,year,hot_spell_frequency,,7,2
07312_Kaiserslautern,HSf3,year,hot_spell_frequency,,7,2
07313_07337_Region_um_Landau_in_der_Pfalz,HSf3,year,hot_spell_frequency,,7,2
07313_Landau in der Pfalz,HSf3,year,hot_spell_frequency,,7,2
07314_07311_07338_08222_Region_um_Ludwigshafen_am_Rhein,HSf3,year,hot_spell_frequency,,7,2
07314_Ludwigshafen am Rhein,HSf3,year,hot_spell_frequency,,7,2
07315_07339_06414_06433_Region_um_Mainz,HSf3,year,hot_spell_frequency,,7,2
07315_Mainz,HSf3,year,hot_spell_frequency,,7,2
07316_07337_07332_07313_Region_um_Neustadt_an_der_Weinstraße,HSf3,year,hot_spell_frequency,,7,2
07316_Neustadt an der Weinstraße,HSf3,year,hot_spell_frequency,,7,2
07317_07340_Region_um_Pirmasens,HSf3,year,hot_spell_frequency,,7,2
07317_Pirmasens,HSf3,year,hot_spell_frequency,,7,2
07318_07311_07314_07338_08215_08226_08212_Region_um_Speyer,HSf3,year,hot_spell_frequency,,7,2
07318_Speyer,HSf3,year,hot_spell_frequency,,7,2
07319_07331_07332_06431_07338_07311_07318_07314_Region_um_Worms,HSf3,year,hot_spell_frequency,,7,2
07319_Worms,HSf3,year,hot_spell_frequency,,7,2
07320_07340_10045_07317_Region_um_Zweibrücken,HSf3,year,hot_spell_frequency,,7,2
07320_Zweibrücken,HSf3,year,hot_spell_frequency,,7,2
07331_Alzey-Worms,HSf3,year,hot_spell_frequency,,7,2
07332_Bad Dürkheim,HSf3,year,hot_spell_frequency,,7,2
07333_Donnersbergkreis,HSf3,year,hot_spell_frequency,,7,2
07334_Germersheim,HSf3,year,hot_spell_frequency,,7,2
07335_Kaiserslautern,HSf3,year,hot_spell_frequency,,7,2
07336_Kusel,HSf3,year,hot_spell_frequency,,7,2
07337_Südliche Weinstraße,HSf3,year,hot_spell_frequency,,7,2
07338_07311_07318_07314_08222_08226_08215_07334_07337_07313_07316_07332_07319_08221_08212_Region_um_Rhein-Pfalz-Kreis,HSf3,year,hot_spell_frequency,,7,2
07338_Rhein-Pfalz-Kreis,HSf3,year,hot_spell_frequency,,7,2
07339_Mainz-Bingen,HSf3,year,hot_spell_frequency,,7,2
07340_Südwestpfalz,HSf3,year,hot_spell_frequency,,7,2
08111_08115_08116_08118_08119_Region_um_Stuttgart,HSf3,year,hot_spell_frequency,,7,2
08111_Stuttgart,HSf3,year,hot_spell_frequency,,7,2
08115_Böblingen,HSf3,year,hot_spell_frequency,,7,2
08116_Esslingen,HSf3,year,hot_spell_frequency,,7,2
08117_Göppingen,HSf3,year,hot_spell_frequency,,7,2
08118_Ludwigsburg,HSf3,year,hot_spell_frequency,,7,2
08119_Rems-Murr-Kreis,HSf3,year,hot_spell_frequency,,7,2
08121_08125_Region_um_Heilbronn,HSf3,year,hot_spell_frequency,,7,2
08121_Heilbronn,HSf3,year,hot_spell_frequency,,7,2
08125_Heilbronn,HSf3,year,hot_spell_frequency,,7,2
08126_Hohenlohekreis,HSf3,year,hot_spell_frequency,,7,2
08127_Schwäbisch Hall,HSf3,year,hot_spell_frequency,,7,2
08128_Main-Tauber-Kreis,HSf3,year,hot_spell_frequency,,7,2
08135_Heidenheim,HSf3,year,hot_spell_frequency,,7,2
08136_Ostalbkreis,HSf3,year,hot_spell_frequency,,7,2
08211_08216_Region_um_Baden-Baden,HSf3,year,hot_spell_frequency,,7,2
08211_Baden-Baden,HSf3,year,hot_spell_frequency,,7,2
08212_08215_07334_Region_um_Karlsruhe,HSf3,year,hot_spell_frequency,,7,2
08212_Karlsruhe,HSf3,year,hot_spell_frequency,,7,2
08215_Karlsruhe,HSf3,year,hot_spell_frequency,,7,2
08216_Rastatt,HSf3,year,hot_spell_frequency,,7,2
08221_08226_08222_Region_um_Heidelberg,HSf3,year,hot_spell_frequency,,7,2
08221_Heidelberg,HSf3,year,hot_spell_frequency,,7,2
08222_08221_08226_06431_07338_07311_07318_07314_Region_um_Mannheim,HSf3,year,hot_spell_frequency,,7,2
08222_Mannheim,HSf3,year,hot_spell_frequency,,7,2
08225_Neckar-Odenwald-Kreis,HSf3,year,hot_spell_frequency,,7,2
08226_Rhein-Neckar-Kreis,HSf3,year,hot_spell_frequency,,7,2
08231_08236_08235_Region_um_Pforzheim,HSf3,year,hot_spell_frequency,,7,2
08231_Pforzheim,HSf3,year,hot_spell_frequency,,7,2
08235_Calw,HSf3,year,hot_spell_frequency,,7,2
08236_Enzkreis,HSf3,year,hot_spell_frequency,,7,2
08237_Freudenstadt,HSf3,year,hot_spell_frequency,,7,2
08311_08316_08315_Region_um_Freiburg_im_Breisgau,HSf3,year,hot_spell_frequency,,7,2
08311_Freiburg im Breisgau,HSf3,year,hot_spell_frequency,,7,2
08315_Breisgau-Hochschwarzwald,HSf3,year,hot_spell_frequency,,7,2
08316_Emmendingen,HSf3,year,hot_spell_frequency,,7,2
08317_Ortenaukreis,HSf3,year,hot_spell_frequency,,7,2
08325_Rottweil,HSf3,year,hot_spell_frequency,,7,2
08326_Schwarzwald-Baar-Kreis,HSf3,year,hot_spell_frequency,,7,2
08327_Tuttlingen,HSf3,year,hot_spell_frequency,,7,2
08335_Konstanz,HSf3,year,hot_spell_frequency,,7,2
08336_Lörrach,HSf3,year,hot_spell_frequency,,7,2
08337_Waldshut,HSf3,year,hot_spell_frequency,,7,2
08415_Reutlingen,HSf3,year,hot_spell_frequency,,7,2
08416_Tübingen,HSf3,year,hot_spell_frequency,,7,2
08417_Zollernalbkreis,HSf3,year,hot_spell_frequency,,7,2
08421_08425_09775_Region_um_Ulm,HSf3,year,hot_spell_frequency,,7,2
08421_Ulm,HSf3,year,hot_spell_frequency,,7,2
08425_Alb-Donau-Kreis,HSf3,year,hot_spell_frequency,,7,2
08426_Biberach,HSf3,year,hot_spell_frequency,,7,2
08435_Bodenseekreis,HSf3,year,hot_spell_frequency,,7,2
08436_Ravensburg,HSf3,year,hot_spell_frequency,,7,2
08437_Sigmaringen,HSf3,year,hot_spell_frequency,,7,2
09161_09176_09185_09186_Region_um_Ingolstadt,HSf3,year,hot_spell_frequency,,7,2
09161_Ingolstadt,HSf3,year,hot_spell_frequency,,7,2
09162_09184_09179_09174_Region_um_München,HSf3,year,hot_spell_frequency,,7,2
09162_München,HSf3,year,hot_spell_frequency,,7,2
09163_09187_Region_um_Rosenheim,HSf3,year,hot_spell_frequency,,7,2
09163_Rosenheim,HSf3,year,hot_spell_frequency,,7,2
09171_Altötting,HSf3,year,hot_spell_frequency,,7,2
09172_Berchtesgadener Land,HSf3,year,hot_spell_frequency,,7,2
09173_Bad Tölz-Wolfratshausen,HSf3,year,hot_spell_frequency,,7,2
09174_Dachau,HSf3,year,hot_spell_frequency,,7,2
09175_Ebersberg,HSf3,year,hot_spell_frequency,,7,2
09176_Eichstätt,HSf3,year,hot_spell_frequency,,7,2
09177_Erding,HSf3,year,hot_spell_frequency,,7,2
09178_Freising,HSf3,year,hot_spell_frequency,,7,2
09179_Fürstenfeldbruck,HSf3,year,hot_spell_frequency,,7,2
09180_Garmisch-Partenkirchen,HSf3,year,hot_spell_frequency,,7,2
09181_Landsberg am Lech,HSf3,year,hot_spell_frequency,,7,2
09182_Miesbach,HSf3,year,hot_spell_frequency,,7,2
09183_Mühldorf a. Inn,HSf3,year,hot_spell_frequency,,7,2
09184_München,HSf3,year,hot_spell_frequency,,7,2
09185_Neuburg-Schrobenhausen,HSf3,year,hot_spell_frequency,,7,2
09186_Pfaffenhofen a.d. Ilm,HSf3,year,hot_spell_frequency,,7,2
09187_Rosenheim,HSf3,year,hot_spell_frequency,,7,2
09188_Starnberg,HSf3,year,hot_spell_frequency,,7,2
09189_Traunstein,HSf3,year,hot_spell_frequency,,7,2
09190_Weilheim-Schongau,HSf3,year,hot_spell_frequency,,7,2
09261_09274_Region_um_Landshut,HSf3,year,hot_spell_frequency,,7,2
09261_Landshut,HSf3,year,hot_spell_frequency,,7,2
09262_09275_Region_um_Passau,HSf3,year,hot_spell_frequency,,7,2
09262_Passau,HSf3,year,hot_spell_frequency,,7,2
09263_09278_Region_um_Straubing,HSf3,year,hot_spell_frequency,,7,2
09263_Straubing,HSf3,year,hot_spell_frequency,,7,2
09271_Deggendorf,HSf3,year,hot_spell_frequency,,7,2
09272_Freyung-Grafenau,HSf3,year,hot_spell_frequency,,7,2
09273_Kelheim,HSf3,year,hot_spell_frequency,,7,2
09274_Landshut,HSf3,year,hot_spell_frequency,,7,2
09275_Passau,HSf3,year,hot_spell_frequency,,7,2
09276_Regen,HSf3,year,hot_spell_frequency,,7,2
09277_Rottal-Inn,HSf3,year,hot_spell_frequency,,7,2
09278_Straubing-Bogen,HSf3,year,hot_spell_frequency,,7,2
09279_Dingolfing-Landau,HSf3,year,hot_spell_frequency,,7,2
09361_09371_Region_um_Amberg,HSf3,year,hot_spell_frequency,,7,2
09361_Amberg,HSf3,year,hot_spell_frequency,,7,2
09362_09375_Region_um_Regensburg,HSf3,year,hot_spell_frequency,,7,2
09362_Regensburg,HSf3,year,hot_spell_frequency,,7,2
09363_09374_Region_um_Weiden_in_der_Oberpfalz,HSf3,year,hot_spell_frequency,,7,2
09363_Weiden i.d. OPf.,HSf3,year,hot_spell_frequency,,7,2
09371_Amberg-Sulzbach,HSf3,year,hot_spell_frequency,,7,2
09372_Cham,HSf3,year,hot_spell_frequency,,7,2
09373_Neumarkt i.d. OPf.,HSf3,year,hot_spell_frequency,,7,2
09374_Neustadt a.d. Waldnaab,HSf3,year,hot_spell_frequency,,7,2
09375_Regensburg,HSf3,year,hot_spell_frequency,,7,2
09376_Schwandorf,HSf3,year,hot_spell_frequency,,7,2
09377_Tirschenreuth,HSf3,year,hot_spell_frequency,,7,2
09461_09471_Region_um_Bamberg,HSf3,year,hot_spell_frequency,,7,2
09461_Bamberg,HSf3,year,hot_spell_frequency,,7,2
09462_09472_Region_um_Bayreuth,HSf3,year,hot_spell_frequency,,7,2
09462_Bayreuth,HSf3,year,hot_spell_frequency,,7,2
09463_09473_Region_um_Coburg,HSf3,year,hot_spell_frequency,,7,2
09463_Coburg,HSf3,year,hot_spell_frequency,,7,2
09464_09475_Region_um_Hof,HSf3,year,hot_spell_frequency,,7,1
09464_Hof,HSf3,year,hot_spell_frequency,,7,1
09471_Bamberg,HSf3,year,hot_spell_frequency,,7,2
09472_Bayreuth,HSf3,year,hot_spell_frequency,,7,2
09473_Coburg,HSf3,year,hot_spell_frequency,,7,2
09474_Forchheim,HSf3,year,hot_spell_frequency,,7,2
09475_Hof,HSf3,year,hot_spell_frequency,,7,1
09476_Kronach,HSf3,year,hot_spell_frequency,,7,2
09477_Kulmbach,HSf3,year,hot_spell_frequency,,7,2
09478_Lichtenfels,HSf3,year,hot_spell_frequency,,7,2
09479_Wunsiedel i. Fichtelgebirge,HSf3,year,hot_spell_frequency,,7,2
09561_09571_Region_um_Ansbach,HSf3,year,hot_spell_frequency,,7,2
09561_Ansbach,HSf3,year,hot_spell_frequency,,7,2
09562_09572_09564_09563_Region_um_Erlangen,HSf3,year,hot_spell_frequency,,7,2
09562_Erlangen,HSf3,year,hot_spell_frequency,,7,2
09563_09573_09562_09564_Region_um_Fürth,HSf3,year,hot_spell_frequency,,7,2
09563_Fürth,HSf3,year,hot_spell_frequency,,7,2
09564_09563_09574_09565_09573_09572_09576_09562_Region_um_Nürnberg,HSf3,year,hot_spell_frequency,,7,2
09564_Nürnberg,HSf3,year,hot_spell_frequency,,7,2
09565_09576_09564_Region_um_Schwabach,HSf3,year,hot_spell_frequency,,7,2
09565_Schwabach,HSf3,year,hot_spell_frequency,,7,2
09571_Ansbach,HSf3,year,hot_spell_frequency,,7,2
09572_Erlangen-Höchstadt,HSf3,year,hot_spell_frequency,,7,2
09573_09572_09562_09563_09574_09565_09576_09561_09571_09575_09564_Region_um_Fürth,HSf3,year,hot_spell_frequency,,7,2
09573_Fürth,HSf3,year,hot_spell_frequency,,7,2
09574_Nürnberger Land,HSf3,year,hot_spell_frequency,,7,2
09575_Neustadt a.d. Aisch-Bad Windsheim,HSf3,year,hot_spell_frequency,,7,2
09576_Roth,HSf3,year,hot_spell_frequency,,7,2
09577_Weißenburg-Gunzenhausen,HSf3,year,hot_spell_frequency,,7,2
09661_09671_09676_Region_um_Aschaffenburg,HSf3,year,hot_spell_frequency,,7,2
09661_Aschaffenburg,HSf3,year,hot_spell_frequency,,7,2
09662_09678_Region_um_Schweinfurt,HSf3,year,hot_spell_frequency,,7,2
09662_Schweinfurt,HSf3,year,hot_spell_frequency,,7,1
09663_09679_Region_um_Würzburg,HSf3,year,hot_spell_frequency,,7,2
09663_Würzburg,HSf3,year,hot_spell_frequency,,7,2
09671_Aschaffenburg,HSf3,year,hot_spell_frequency,,7,2
09672_Bad Kissingen,HSf3,year,hot_spell_frequency,,7,2
09673_Rhön-Grabfeld,HSf3,year,hot_spell_frequency,,7,2
09674_Haßberge,HSf3,year,hot_spell_frequency,,7,2
09675_Kitzingen,HSf3,year,hot_spell_frequency,,7,2
09676_Miltenberg,HSf3,year,hot_spell_frequency,,7,2
09677_Main-Spessart,HSf3,year,hot_spell_frequency,,7,2
09678_Schweinfurt,HSf3,year,hot_spell_frequency,,7,2
09679_Würzburg,HSf3,year,hot_spell_frequency,,7,2
09761_09772_09771_Region_um_Augsburg,HSf3,year,hot_spell_frequency,,7,2
09761_Augsburg,HSf3,year,hot_spell_frequency,,7,2
09762_09777_Region_um_Kaufbeuren,HSf3,year,hot_spell_frequency,,7,2
09762_Kaufbeuren,HSf3,year,hot_spell_frequency,,7,2
09763_09780_Region_um_Kempten_(Allgäu),HSf3,year,hot_spell_frequency,,7,2
09763_Kempten (Allgäu),HSf3,year,hot_spell_frequency,,7,2
09764_09778_08436_Region_um_Memmingen,HSf3,year,hot_spell_frequency,,7,2
09764_Memmingen,HSf3,year,hot_spell_frequency,,7,2
09771_Aichach-Friedberg,HSf3,year,hot_spell_frequency,,7,2
09772_Augsburg,HSf3,year,hot_spell_frequency,,7,2
09773_Dillingen a.d. Donau,HSf3,year,hot_spell_frequency,,7,2
09774_Günzburg,HSf3,year,hot_spell_frequency,,7,2
09775_Neu-Ulm,HSf3,year,hot_spell_frequency,,7,2
09776_08435_08436_09780_09763_Region_um_Lindau_(Bodensee),HSf3,year,hot_spell_frequency,,7,2
09776_Lindau (Bodensee),HSf3,year,hot_spell_frequency,,7,2
09777_Ostallgäu,HSf3,year,hot_spell_frequency,,7,2
09778_Unterallgäu,HSf3,year,hot_spell_frequency,,7,2
09779_Donau-Ries,HSf3,year,hot_spell_frequency,,7,2
09780_Oberallgäu,HSf3,year,hot_spell_frequency,,7,2
10041_Regionalverband Saarbrücken,HSf3,year,hot_spell_frequency,,7,2
10042_Merzig-Wadern,HSf3,year,hot_spell_frequency,,7,2
10043_10044_10045_10041_10046_07336_Region_um_Neunkirchen,HSf3,year,hot_spell_frequency,,7,2
10043_Neunkirchen,HSf3,year,hot_spell_frequency,,7,2
10044_Saarlouis,HSf3,year,hot_spell_frequency,,7,2
10045_Saarpfalz-Kreis,HSf3,year,hot_spell_frequency,,7,2
10046_St. Wendel,HSf3,year,hot_spell_frequency,,7,2
11000_Berlin,HSf3,year,hot_spell_frequency,,7,2
12051_12063_12069_Region_um_Brandenburg_an_der_Havel,HSf3,year,hot_spell_frequency,,7,2
12051_Brandenburg an der Havel,HSf3,year,hot_spell_frequency,,7,1
12052_12071_Region_um_Cottbus,HSf3,year,hot_spell_frequency,,7,2
12052_Cottbus,HSf3,year,hot_spell_frequency,,7,2
12053_12067_12064_Region_um_Frankfurt_(Oder),HSf3,year,hot_spell_frequency,,7,2
12053_Frankfurt (Oder),HSf3,year,hot_spell_frequency,,7,2
12054_12063_12069_11000_12051_Region_um_Potsdam,HSf3,year,hot_spell_frequency,,7,2
12054_Potsdam,HSf3,year,hot_spell_frequency,,7,1
12060_Barnim,HSf3,year,hot_spell_frequency,,7,2
12061_Dahme-Spreewald,HSf3,year,hot_spell_frequency,,7,2
12062_Elbe-Elster,HSf3,year,hot_spell_frequency,,7,2
12063_Havelland,HSf3,year,hot_spell_frequency,,7,1
12064_Märkisch-Oderland,HSf3,year,hot_spell_frequency,,7,1
12065_Oberhavel,HSf3,year,hot_spell_frequency,,7,2
12066_Oberspreewald-Lausitz,HSf3,year,hot_spell_frequency,,7,2
12067_Oder-Spree,HSf3,year,hot_spell_frequency,,7,2
12068_Ostprignitz-Ruppin,HSf3,year,hot_spell_frequency,,7,1
12069_Potsdam-Mittelmark,HSf3,year,hot_spell_frequency,,7,2
12070_Prignitz,HSf3,year,hot_spell_frequency,,7,2
12071_Spree-Neiße,HSf3,year,hot_spell_frequency,,7,2
12072_Teltow-Fläming,HSf3,year,hot_spell_frequency,,7,2
12073_Uckermark,HSf3,year,hot_spell_frequency,,7,1
13003_13072_Region_um_Rostock,HSf3,year,hot_spell_frequency,,7,1
13003_Rostock,HSf3,year,hot_spell_frequency,,7,1
13004_13076_13074_Region_um_Schwerin,HSf3,year,hot_spell_frequency,,7,1
13004_Schwerin,HSf3,year,hot_spell_frequency,,7,1
13071_Mecklenburgische Seenplatte,HSf3,year,hot_spell_frequency,,7,1
13072_Rostock,HSf3,year,hot_spell_frequency,,7,1
13073_Vorpommern-Rügen,HSf3,year,hot_spell_frequency,,7,1
13074_Nordwestmecklenburg,HSf3,year,hot_spell_frequency,,7,1
13075_Vorpommern-Greifswald,HSf3,year,hot_spell_frequency,,7,2
13076_Ludwigslust-Parchim,HSf3,year,hot_spell_frequency,,7,1
14511_14524_14521_14522_Region_um_Chemnitz,HSf3,year,hot_spell_frequency,,7,2
14511_Chemnitz,HSf3,year,hot_spell_frequency,,7,1
14521_Erzgebirgskreis,HSf3,year,hot_spell_frequency,,7,1
14522_Mittelsachsen,HSf3,year,hot_spell_frequency,,7,2
14523_Vogtlandkreis,HSf3,year,hot_spell_frequency,,7,1
14524_Zwickau,HSf3,year,hot_spell_frequency,,7,2
14612_14627_14625_14628_Region_um_Dresden,HSf3,year,hot_spell_frequency,,7,2
14612_Dresden,HSf3,year,hot_spell_frequency,,7,2
14625_Bautzen,HSf3,year,hot_spell_frequency,,7,2
14626_Görlitz,HSf3,year,hot_spell_frequency,,7,2
14627_Meißen,HSf3,year,hot_spell_frequency,,7,2
14628_Sächsische Schweiz-Osterzgebirge,HSf3,year,hot_spell_frequency,,7,2
14713_14729_14730_Region_um_Leipzig,HSf3,year,hot_spell_frequency,,7,2
14713_Leipzig,HSf3,year,hot_spell_frequency,,7,2
14729_Leipzig,HSf3,year,hot_spell_frequency,,7,2
14730_Nordsachsen,HSf3,year,hot_spell_frequency,,7,2
15001_15091_15082_Region_um_Dessau-Rolau,HSf3,year,hot_spell_frequency,,7,1
15001_Dessau-Roßlau,HSf3,year,hot_spell_frequency,,7,1
15002_15088_Region_um_Halle_(Saale),HSf3,year,hot_spell_frequency,,7,2
15002_Halle (Saale),HSf3,year,hot_spell_frequency,,7,2
15003_15083_15089_15086_Region_um_Magdeburg,HSf3,year,hot_spell_frequency,,7,2
15003_Magdeburg,HSf3,year,hot_spell_frequency,,7,2
15081_Altmarkkreis Salzwedel,HSf3,year,hot_spell_frequency,,7,2
15082_Anhalt-Bitterfeld,HSf3,year,hot_spell_frequency,,7,2
15083_Börde,HSf3,year,hot_spell_frequency,,7,1
15084_Burgenlandkreis,HSf3,year,hot_spell_frequency,,7,2
15085_Harz,HSf3,year,hot_spell_frequency,,7,2
15086_Jerichower Land,HSf3,year,hot_spell_frequency,,7,1
15087_Mansfeld-Südharz,HSf3,year,hot_spell_frequency,,7,2
15088_Saalekreis,HSf3,year,hot_spell_frequency,,7,2
15089_Salzlandkreis,HSf3,year,hot_spell_frequency,,7,2
15090_Stendal,HSf3,year,hot_spell_frequency,,7,2
15091_Wittenberg,HSf3,year,hot_spell_frequency,,7,1
16051_16067_16068_16070_16071_16055_Region_um_Erfurt,HSf3,year,hot_spell_frequency,,7,2
16051_Erfurt,HSf3,year,hot_spell_frequency,,7,2
16052_16076_15084_16074_Region_um_Gera,HSf3,year,hot_spell_frequency,,7,2
16052_Gera,HSf3,year,hot_spell_frequency,,7,2
16053_16074_16071_16055_Region_um_Jena,HSf3,year,hot_spell_frequency,,7,2
16053_Jena,HSf3,year,hot_spell_frequency,,7,2
16054_16066_16069_16070_Region_um_Suhl,HSf3,year,hot_spell_frequency,,7,2
16054_Suhl,HSf3,year,hot_spell_frequency,,7,1
16055_16071_Region_um_Weimar,HSf3,year,hot_spell_frequency,,7,2
16055_Weimar,HSf3,year,hot_spell_frequency,,7,2
16056_16063_06636_Region_um_Eisenach,HSf3,year,hot_spell_frequency,,7,1
16056_Eisenach,HSf3,year,hot_spell_frequency,,7,1
16061_Eichsfeld,HSf3,year,hot_spell_frequency,,7,1
16062_Nordhausen,HSf3,year,hot_spell_frequency,,7,1
16063_Wartburgkreis,HSf3,year,hot_spell_frequency,,7,1
16064_Unstrut-Hainich-Kreis,HSf3,year,hot_spell_frequency,,7,2
16065_Kyffhäuserkreis,HSf3,year,hot_spell_frequency,,7,1
16066_Schmalkalden-Meiningen,HSf3,year,hot_spell_frequency,,7,2
16067_Gotha,HSf3,year,hot_spell_frequency,,7,1
16068_Sömmerda,HSf3,year,hot_spell_frequency,,7,2
16069_Hildburghausen,HSf3,year,hot_spell_frequency,,7,2
16070_Ilm-Kreis,HSf3,year,hot_spell_frequency,,7,2
16071_Weimarer Land,HSf3,year,hot_spell_frequency,,7,2
16072_Sonneberg,HSf3,year,hot_spell_frequency,,7,2
16073_Saalfeld-Rudolstadt,HSf3,year,hot_spell_frequency,,7,2
16074_Saale-Holzland-Kreis,HSf3,year,hot_spell_frequency,,7,2
16075_Saale-Orla-Kreis,HSf3,year,hot_spell_frequency,,7,2
16076_Greiz,HSf3,year,hot_spell_frequency,,7,2
16077_Altenburger Land,HSf3,year,hot_spell_frequency,,7,2
