region,HSf3_year_4C_rcp85_time-mean_ensemble-diff-median,ci_name,ci_frequency,standard_name,units,mid_month
01001_01059_Region_um_Flensburg,0.35376280546188354,HSf3,year,hot_spell_frequency,,7
01001_Flensburg,0.2686178684234619,HSf3,year,hot_spell_frequency,,7
01002_01057_01058_Region_um_Kiel,0.5039361119270325,HSf3,year,hot_spell_frequency,,7
01002_Kiel,0.43639618158340454,HSf3,year,hot_spell_frequency,,7
01003_13074_01055_01053_01062_Region_um_Lübeck,0.6606045961380005,HSf3,year,hot_spell_frequency,,7
01003_Lübeck,0.6499440670013428,HSf3,year,hot_spell_frequency,,7
01004_01058_01060_01057_01002_Region_um_Neumünster,0.5888310670852661,HSf3,year,hot_spell_frequency,,7
01004_Neumünster,0.6896383762359619,HSf3,year,hot_spell_frequency,,7
01051_Dithmarschen,0.4985923767089844,HSf3,year,hot_spell_frequency,,7
01053_Herzogtum Lauenburg,0.8666818141937256,HSf3,year,hot_spell_frequency,,7
01054_Nordfriesland,0.3360612392425537,HSf3,year,hot_spell_frequency,,7
01055_Ostholstein,0.28058284521102905,HSf3,year,hot_spell_frequency,,7
01056_Pinneberg,0.856401801109314,HSf3,year,hot_spell_frequency,,7
01057_Plön,0.45186278223991394,HSf3,year,hot_spell_frequency,,7
01058_Rendsburg-Eckernförde,0.5379013419151306,HSf3,year,hot_spell_frequency,,7
01059_Schleswig-Flensburg,0.3551517426967621,HSf3,year,hot_spell_frequency,,7
01060_Segeberg,0.7493038773536682,HSf3,year,hot_spell_frequency,,7
01061_Steinburg,0.6918870806694031,HSf3,year,hot_spell_frequency,,7
01062_Stormarn,0.8559833765029907,HSf3,year,hot_spell_frequency,,7
02000_Hamburg,0.9487906694412231,HSf3,year,hot_spell_frequency,,7
03101_03157_03154_03151_03102_03158_03103_Region_um_Braunschweig,1.2677583694458008,HSf3,year,hot_spell_frequency,,7
03101_Braunschweig,1.3136944770812988,HSf3,year,hot_spell_frequency,,7
03102_03254_03157_03158_03153_03101_Region_um_Salzgitter,1.1274935007095337,HSf3,year,hot_spell_frequency,,7
03102_Salzgitter,1.2303557395935059,HSf3,year,hot_spell_frequency,,7
03103_03154_03151_Region_um_Wolfsburg,1.2306115627288818,HSf3,year,hot_spell_frequency,,7
03103_Wolfsburg,1.2508147954940796,HSf3,year,hot_spell_frequency,,7
03151_Gifhorn,1.2102510929107666,HSf3,year,hot_spell_frequency,,7
03153_Goslar,0.8304805755615234,HSf3,year,hot_spell_frequency,,7
03154_Helmstedt,1.2674293518066406,HSf3,year,hot_spell_frequency,,7
03155_Northeim,1.1360433101654053,HSf3,year,hot_spell_frequency,,7
03157_Peine,1.3405512571334839,HSf3,year,hot_spell_frequency,,7
03158_Wolfenbüttel,1.224341630935669,HSf3,year,hot_spell_frequency,,7
03159_Göttingen,1.1290546655654907,HSf3,year,hot_spell_frequency,,7
03241_Region Hannover,1.2462444305419922,HSf3,year,hot_spell_frequency,,7
03251_Diepholz,1.0465495586395264,HSf3,year,hot_spell_frequency,,7
03252_Hameln-Pyrmont,1.1732077598571777,HSf3,year,hot_spell_frequency,,7
03254_Hildesheim,1.1859475374221802,HSf3,year,hot_spell_frequency,,7
03255_Holzminden,1.1188690662384033,HSf3,year,hot_spell_frequency,,7
03256_Nienburg (Weser),1.1970587968826294,HSf3,year,hot_spell_frequency,,7
03257_Schaumburg,1.1841983795166016,HSf3,year,hot_spell_frequency,,7
03351_Celle,1.1827130317687988,HSf3,year,hot_spell_frequency,,7
03352_Cuxhaven,0.627751350402832,HSf3,year,hot_spell_frequency,,7
03353_Harburg,0.984160304069519,HSf3,year,hot_spell_frequency,,7
03354_Lüchow-Dannenberg,1.1714787483215332,HSf3,year,hot_spell_frequency,,7
03355_Lüneburg,1.1156651973724365,HSf3,year,hot_spell_frequency,,7
03356_Osterholz,0.9131500124931335,HSf3,year,hot_spell_frequency,,7
03357_Rotenburg (Wümme),0.9175735116004944,HSf3,year,hot_spell_frequency,,7
03358_Heidekreis,1.116797685623169,HSf3,year,hot_spell_frequency,,7
03359_Stade,0.7848426103591919,HSf3,year,hot_spell_frequency,,7
03360_Uelzen,1.1170045137405396,HSf3,year,hot_spell_frequency,,7
03361_Verden,1.0541040897369385,HSf3,year,hot_spell_frequency,,7
03401_03458_04011_03251_03461_Region_um_Delmenhorst,0.9493669271469116,HSf3,year,hot_spell_frequency,,7
03401_Delmenhorst,0.9334901571273804,HSf3,year,hot_spell_frequency,,7
03402_03452_03457_Region_um_Emden,0.6265075206756592,HSf3,year,hot_spell_frequency,,7
03402_Emden,0.4805394113063812,HSf3,year,hot_spell_frequency,,7
03403_03458_03451_03461_Region_um_Oldenburg_(Oldenburg),0.8127709627151489,HSf3,year,hot_spell_frequency,,7
03403_Oldenburg (Oldb),0.8469105958938599,HSf3,year,hot_spell_frequency,,7
03404_03459_05566_Region_um_Osnabrück,1.12737238407135,HSf3,year,hot_spell_frequency,,7
03404_Osnabrück,1.1531850099563599,HSf3,year,hot_spell_frequency,,7
03405_03455_Region_um_Wilhelmshaven,0.5626986622810364,HSf3,year,hot_spell_frequency,,7
03405_Wilhelmshaven,0.34380510449409485,HSf3,year,hot_spell_frequency,,7
03451_Ammerland,0.8490462303161621,HSf3,year,hot_spell_frequency,,7
03452_Aurich,0.5054246783256531,HSf3,year,hot_spell_frequency,,7
03453_Cloppenburg,0.989301323890686,HSf3,year,hot_spell_frequency,,7
03454_Emsland,1.0253980159759521,HSf3,year,hot_spell_frequency,,7
03455_Friesland,0.5792598724365234,HSf3,year,hot_spell_frequency,,7
03456_Grafschaft Bentheim,1.1299831867218018,HSf3,year,hot_spell_frequency,,7
03457_Leer,0.8498027324676514,HSf3,year,hot_spell_frequency,,7
03458_Oldenburg,0.9117448329925537,HSf3,year,hot_spell_frequency,,7
03459_Osnabrück,1.1072982549667358,HSf3,year,hot_spell_frequency,,7
03460_Vechta,1.057387113571167,HSf3,year,hot_spell_frequency,,7
03461_Wesermarsch,0.7253227829933167,HSf3,year,hot_spell_frequency,,7
03462_Wittmund,0.5130798816680908,HSf3,year,hot_spell_frequency,,7
04011_03361_03251_03401_03461_03356_03352_04012_Region_um_Bremen,0.8534801006317139,HSf3,year,hot_spell_frequency,,7
04011_Bremen,1.0309839248657227,HSf3,year,hot_spell_frequency,,7
04012_03352_03461_Region_um_Bremerhaven,0.6440060138702393,HSf3,year,hot_spell_frequency,,7
04012_Bremerhaven,0.6997467279434204,HSf3,year,hot_spell_frequency,,7
05111_05162_05158_05112_Region_um_Düsseldorf,1.7299399375915527,HSf3,year,hot_spell_frequency,,7
05111_Düsseldorf,1.7730820178985596,HSf3,year,hot_spell_frequency,,7
05112_05114_05119_05117_05170_05158_05111_Region_um_Duisburg,1.613162636756897,HSf3,year,hot_spell_frequency,,7
05112_Duisburg,1.800475001335144,HSf3,year,hot_spell_frequency,,7
05113_05119_05117_05513_05512_05158_05911_05954_05562_05513_05916_Region_um_Essen,1.5644747018814087,HSf3,year,hot_spell_frequency,,7
05113_Essen,1.6017043590545654,HSf3,year,hot_spell_frequency,,7
05114_05112_05162_05166_05170_Region_um_Krefeld,1.627990961074829,HSf3,year,hot_spell_frequency,,7
05114_Krefeld,1.8024544715881348,HSf3,year,hot_spell_frequency,,7
05116_05370_05166_05162_Region_um_Mönchengladbach,1.7110772132873535,HSf3,year,hot_spell_frequency,,7
05116_Mönchengladbach,1.6530872583389282,HSf3,year,hot_spell_frequency,,7
05117_05112_05158_05119_05113_Region_um_Mülheim_an_der_Ruhr,1.6829488277435303,HSf3,year,hot_spell_frequency,,7
05117_Mülheim an der Ruhr,1.6694995164871216,HSf3,year,hot_spell_frequency,,7
05119_05170_05512_05113_05117_05112_Region_um_Oberhausen,1.5694072246551514,HSf3,year,hot_spell_frequency,,7
05119_Oberhausen,1.7366762161254883,HSf3,year,hot_spell_frequency,,7
05120_05124_05122_05378_05374_Region_um_Remscheid,1.3413336277008057,HSf3,year,hot_spell_frequency,,7
05120_Remscheid,1.2121635675430298,HSf3,year,hot_spell_frequency,,7
05122_05158_05124_05378_05120_Region_um_Solingen,1.521925926208496,HSf3,year,hot_spell_frequency,,7
05122_Solingen,1.5565376281738281,HSf3,year,hot_spell_frequency,,7
05124_05122_05120_05158_05954_05374_Region_um_Wuppertal,1.365264654159546,HSf3,year,hot_spell_frequency,,7
05124_Wuppertal,1.314265489578247,HSf3,year,hot_spell_frequency,,7
05154_Kleve,1.3984992504119873,HSf3,year,hot_spell_frequency,,7
05158_Mettmann,1.6100516319274902,HSf3,year,hot_spell_frequency,,7
05162_Rhein-Kreis Neuss,1.707580804824829,HSf3,year,hot_spell_frequency,,7
05166_Viersen,1.7023791074752808,HSf3,year,hot_spell_frequency,,7
05170_Wesel,1.4696435928344727,HSf3,year,hot_spell_frequency,,7
05314_05382_Region_um_Bonn,1.649082899093628,HSf3,year,hot_spell_frequency,,7
05314_Bonn,1.784278154373169,HSf3,year,hot_spell_frequency,,7
05315_Köln,1.9753903150558472,HSf3,year,hot_spell_frequency,,7
05316_05315_05378_05158_Region_um_Leverkusen,1.692521095275879,HSf3,year,hot_spell_frequency,,7
05316_Leverkusen,1.815330982208252,HSf3,year,hot_spell_frequency,,7
05334_Städteregion Aachen,1.1545774936676025,HSf3,year,hot_spell_frequency,,7
05358_Düren,1.4796180725097656,HSf3,year,hot_spell_frequency,,7
05362_Rhein-Erft-Kreis,1.8424279689788818,HSf3,year,hot_spell_frequency,,7
05366_Euskirchen,1.052778720855713,HSf3,year,hot_spell_frequency,,7
05370_Heinsberg,1.617424726486206,HSf3,year,hot_spell_frequency,,7
05374_Oberbergischer Kreis,1.2740823030471802,HSf3,year,hot_spell_frequency,,7
05378_Rheinisch-Bergischer Kreis,1.5677506923675537,HSf3,year,hot_spell_frequency,,7
05382_Rhein-Sieg-Kreis,1.6321450471878052,HSf3,year,hot_spell_frequency,,7
05512_05119_05513_05113_05170_05562_Region_um_Bottrop,1.5680280923843384,HSf3,year,hot_spell_frequency,,7
05512_Bottrop,1.7022709846496582,HSf3,year,hot_spell_frequency,,7
05513_05113_05916_05911_05562_05512_Region_um_Gelsenkirchen,1.6368765830993652,HSf3,year,hot_spell_frequency,,7
05513_Gelsenkirchen,1.7264660596847534,HSf3,year,hot_spell_frequency,,7
05515_05566_05558_05570_Region_um_Münster,1.276165246963501,HSf3,year,hot_spell_frequency,,7
05515_Münster,1.382077693939209,HSf3,year,hot_spell_frequency,,7
05554_Borken,1.258829116821289,HSf3,year,hot_spell_frequency,,7
05558_Coesfeld,1.3550801277160645,HSf3,year,hot_spell_frequency,,7
05562_Recklinghausen,1.6361438035964966,HSf3,year,hot_spell_frequency,,7
05566_Steinfurt,1.1428810358047485,HSf3,year,hot_spell_frequency,,7
05570_Warendorf,1.3315973281860352,HSf3,year,hot_spell_frequency,,7
05711_05754_05758_05766_Region_um_Bielefeld,1.2599605321884155,HSf3,year,hot_spell_frequency,,7
05711_Bielefeld,1.353774070739746,HSf3,year,hot_spell_frequency,,7
05754_Gütersloh,1.3503776788711548,HSf3,year,hot_spell_frequency,,7
05758_Herford,1.231947422027588,HSf3,year,hot_spell_frequency,,7
05762_Höxter,1.1829335689544678,HSf3,year,hot_spell_frequency,,7
05766_Lippe,1.1705697774887085,HSf3,year,hot_spell_frequency,,7
05770_Minden-Lübbecke,1.1709436178207397,HSf3,year,hot_spell_frequency,,7
05774_Paderborn,1.1677956581115723,HSf3,year,hot_spell_frequency,,7
05911_05954_05913_05513_05113_05916_05562_Region_um_Bochum,1.5495641231536865,HSf3,year,hot_spell_frequency,,7
05911_Bochum,1.6410247087478638,HSf3,year,hot_spell_frequency,,7
05913_05914_05911_05916_05978_05954_05562_Region_um_Dortmund,1.5073294639587402,HSf3,year,hot_spell_frequency,,7
05913_Dortmund,1.632548213005066,HSf3,year,hot_spell_frequency,,7
05914_05954_05913_05978_05962_Region_um_Hagen,1.2506080865859985,HSf3,year,hot_spell_frequency,,7
05914_Hagen,1.1638312339782715,HSf3,year,hot_spell_frequency,,7
05915_05978_05974_05570_05558_Region_um_Hamm,1.3267884254455566,HSf3,year,hot_spell_frequency,,7
05915_Hamm,1.4847617149353027,HSf3,year,hot_spell_frequency,,7
05916_05513_05562_05911_Region_um_Herne,1.6406161785125732,HSf3,year,hot_spell_frequency,,7
05916_Herne,1.7107856273651123,HSf3,year,hot_spell_frequency,,7
05954_Ennepe-Ruhr-Kreis,1.2605979442596436,HSf3,year,hot_spell_frequency,,7
05958_Hochsauerlandkreis,0.8510944247245789,HSf3,year,hot_spell_frequency,,7
05962_Märkischer Kreis,0.9767440557479858,HSf3,year,hot_spell_frequency,,7
05966_Olpe,1.0064125061035156,HSf3,year,hot_spell_frequency,,7
05970_Siegen-Wittgenstein,0.9347918033599854,HSf3,year,hot_spell_frequency,,7
05974_Soest,1.2011560201644897,HSf3,year,hot_spell_frequency,,7
05978_Unna,1.5364747047424316,HSf3,year,hot_spell_frequency,,7
06411_06432_06438_Region_um_Darmstadt,2.3378446102142334,HSf3,year,hot_spell_frequency,,7
06411_Darmstadt,2.2764406204223633,HSf3,year,hot_spell_frequency,,7
06412_06413_06436_06434_06440_06435_06438_06433_Region_um_Frankfurt_am_Main,2.076944351196289,HSf3,year,hot_spell_frequency,,7
06412_Frankfurt am Main,2.4643688201904297,HSf3,year,hot_spell_frequency,,7
06413_06438_06435_06412_Region_um_Offenbach_am_Main,2.102254867553711,HSf3,year,hot_spell_frequency,,7
06413_Offenbach am Main,2.4665794372558594,HSf3,year,hot_spell_frequency,,7
06414_07315_07339_06439_06436_06433_Region_um_Wiesbaden,2.132510185241699,HSf3,year,hot_spell_frequency,,7
06414_Wiesbaden,2.1674740314483643,HSf3,year,hot_spell_frequency,,7
06431_Bergstraße,2.3251497745513916,HSf3,year,hot_spell_frequency,,7
06432_Darmstadt-Dieburg,2.3203907012939453,HSf3,year,hot_spell_frequency,,7
06433_Groß-Gerau,2.5037424564361572,HSf3,year,hot_spell_frequency,,7
06434_Hochtaunuskreis,1.7676970958709717,HSf3,year,hot_spell_frequency,,7
06435_Main-Kinzig-Kreis,1.8259305953979492,HSf3,year,hot_spell_frequency,,7
06436_06412_06414_06433_06439_06434_Region_um_Main-Taunus-Kreis,2.0401313304901123,HSf3,year,hot_spell_frequency,,7
06436_Main-Taunus-Kreis,2.2301743030548096,HSf3,year,hot_spell_frequency,,7
06437_Odenwaldkreis,2.022783041000366,HSf3,year,hot_spell_frequency,,7
06438_06432_06411_06433_06413_06435_06412_09671_Region_um_Offenbach,2.192436456680298,HSf3,year,hot_spell_frequency,,7
06438_Offenbach,2.3455095291137695,HSf3,year,hot_spell_frequency,,7
06439_Rheingau-Taunus-Kreis,1.732890009880066,HSf3,year,hot_spell_frequency,,7
06440_Wetteraukreis,1.9668140411376953,HSf3,year,hot_spell_frequency,,7
06531_Gießen,1.8451271057128906,HSf3,year,hot_spell_frequency,,7
06532_Lahn-Dill-Kreis,1.4834516048431396,HSf3,year,hot_spell_frequency,,7
06533_Limburg-Weilburg,1.7187256813049316,HSf3,year,hot_spell_frequency,,7
06534_Marburg-Biedenkopf,1.4982284307479858,HSf3,year,hot_spell_frequency,,7
06535_Vogelsbergkreis,1.376543641090393,HSf3,year,hot_spell_frequency,,7
06611_06633_03159_Region_um_Kassel,1.176720142364502,HSf3,year,hot_spell_frequency,,7
06611_Kassel,1.2902593612670898,HSf3,year,hot_spell_frequency,,7
06631_Fulda,1.2430641651153564,HSf3,year,hot_spell_frequency,,7
06632_Hersfeld-Rotenburg,1.406519889831543,HSf3,year,hot_spell_frequency,,7
06633_Kassel,1.21281099319458,HSf3,year,hot_spell_frequency,,7
06634_Schwalm-Eder-Kreis,1.3967111110687256,HSf3,year,hot_spell_frequency,,7
06635_Waldeck-Frankenberg,1.0509672164916992,HSf3,year,hot_spell_frequency,,7
06636_Werra-Meißner-Kreis,1.2614200115203857,HSf3,year,hot_spell_frequency,,7
07111_07137_07141_07143_Region_um_Koblenz,1.5413888692855835,HSf3,year,hot_spell_frequency,,7
07111_Koblenz,1.7907460927963257,HSf3,year,hot_spell_frequency,,7
07131_Ahrweiler,1.2862701416015625,HSf3,year,hot_spell_frequency,,7
07132_Altenkirchen (Westerwald),1.299762487411499,HSf3,year,hot_spell_frequency,,7
07133_Bad Kreuznach,1.9428797960281372,HSf3,year,hot_spell_frequency,,7
07134_Birkenfeld,1.5341063737869263,HSf3,year,hot_spell_frequency,,7
07135_Cochem-Zell,1.5765504837036133,HSf3,year,hot_spell_frequency,,7
07137_Mayen-Koblenz,1.55202054977417,HSf3,year,hot_spell_frequency,,7
07138_Neuwied,1.5563697814941406,HSf3,year,hot_spell_frequency,,7
07140_Rhein-Hunsrück-Kreis,1.4788051843643188,HSf3,year,hot_spell_frequency,,7
07141_Rhein-Lahn-Kreis,1.6515636444091797,HSf3,year,hot_spell_frequency,,7
07143_Westerwaldkreis,1.3056690692901611,HSf3,year,hot_spell_frequency,,7
07211_07235_Region_um_Trier,1.7215558290481567,HSf3,year,hot_spell_frequency,,7
07211_Trier,1.8759841918945312,HSf3,year,hot_spell_frequency,,7
07231_Bernkastel-Wittlich,1.575357437133789,HSf3,year,hot_spell_frequency,,7
07232_Eifelkreis Bitburg-Prüm,1.2542500495910645,HSf3,year,hot_spell_frequency,,7
07233_Vulkaneifel,1.0072665214538574,HSf3,year,hot_spell_frequency,,7
07235_Trier-Saarburg,1.6893892288208008,HSf3,year,hot_spell_frequency,,7
07311_07318_07314_07338_08222_Region_um_Frankenthal_(Pfalz),2.5754005908966064,HSf3,year,hot_spell_frequency,,7
07311_Frankenthal (Pfalz),2.63261079788208,HSf3,year,hot_spell_frequency,,7
07312_07335_07332_Region_um_Kaiserslautern,2.138355255126953,HSf3,year,hot_spell_frequency,,7
07312_Kaiserslautern,1.9813156127929688,HSf3,year,hot_spell_frequency,,7
07313_07337_Region_um_Landau_in_der_Pfalz,2.5667216777801514,HSf3,year,hot_spell_frequency,,7
07313_Landau in der Pfalz,2.5109641551971436,HSf3,year,hot_spell_frequency,,7
07314_07311_07338_08222_Region_um_Ludwigshafen_am_Rhein,2.5723562240600586,HSf3,year,hot_spell_frequency,,7
07314_Ludwigshafen am Rhein,2.596402645111084,HSf3,year,hot_spell_frequency,,7
07315_07339_06414_06433_Region_um_Mainz,2.3680896759033203,HSf3,year,hot_spell_frequency,,7
07315_Mainz,2.448817253112793,HSf3,year,hot_spell_frequency,,7
07316_07337_07332_07313_Region_um_Neustadt_an_der_Weinstraße,2.462493419647217,HSf3,year,hot_spell_frequency,,7
07316_Neustadt an der Weinstraße,2.5116324424743652,HSf3,year,hot_spell_frequency,,7
07317_07340_Region_um_Pirmasens,2.12894344329834,HSf3,year,hot_spell_frequency,,7
07317_Pirmasens,2.085089921951294,HSf3,year,hot_spell_frequency,,7
07318_07311_07314_07338_08215_08226_08212_Region_um_Speyer,2.496506929397583,HSf3,year,hot_spell_frequency,,7
07318_Speyer,2.6197032928466797,HSf3,year,hot_spell_frequency,,7
07319_07331_07332_06431_07338_07311_07318_07314_Region_um_Worms,2.3961217403411865,HSf3,year,hot_spell_frequency,,7
07319_Worms,2.5567774772644043,HSf3,year,hot_spell_frequency,,7
07320_07340_10045_07317_Region_um_Zweibrücken,2.077960252761841,HSf3,year,hot_spell_frequency,,7
07320_Zweibrücken,2.10764741897583,HSf3,year,hot_spell_frequency,,7
07331_Alzey-Worms,2.3689675331115723,HSf3,year,hot_spell_frequency,,7
07332_Bad Dürkheim,2.3383846282958984,HSf3,year,hot_spell_frequency,,7
07333_Donnersbergkreis,2.0420637130737305,HSf3,year,hot_spell_frequency,,7
07334_Germersheim,2.6870532035827637,HSf3,year,hot_spell_frequency,,7
07335_Kaiserslautern,1.9899917840957642,HSf3,year,hot_spell_frequency,,7
07336_Kusel,1.9391663074493408,HSf3,year,hot_spell_frequency,,7
07337_Südliche Weinstraße,2.573192596435547,HSf3,year,hot_spell_frequency,,7
07338_07311_07318_07314_08222_08226_08215_07334_07337_07313_07316_07332_07319_08221_08212_Region_um_Rhein-Pfalz-Kreis,2.516733407974243,HSf3,year,hot_spell_frequency,,7
07338_Rhein-Pfalz-Kreis,2.580594062805176,HSf3,year,hot_spell_frequency,,7
07339_Mainz-Bingen,2.2617275714874268,HSf3,year,hot_spell_frequency,,7
07340_Südwestpfalz,2.1319873332977295,HSf3,year,hot_spell_frequency,,7
08111_08115_08116_08118_08119_Region_um_Stuttgart,2.375824451446533,HSf3,year,hot_spell_frequency,,7
08111_Stuttgart,2.52473783493042,HSf3,year,hot_spell_frequency,,7
08115_Böblingen,2.3073577880859375,HSf3,year,hot_spell_frequency,,7
08116_Esslingen,2.3618202209472656,HSf3,year,hot_spell_frequency,,7
08117_Göppingen,1.7885996103286743,HSf3,year,hot_spell_frequency,,7
08118_Ludwigsburg,2.5064849853515625,HSf3,year,hot_spell_frequency,,7
08119_Rems-Murr-Kreis,2.3135738372802734,HSf3,year,hot_spell_frequency,,7
08121_08125_Region_um_Heilbronn,2.4885458946228027,HSf3,year,hot_spell_frequency,,7
08121_Heilbronn,2.554725170135498,HSf3,year,hot_spell_frequency,,7
08125_Heilbronn,2.473422050476074,HSf3,year,hot_spell_frequency,,7
08126_Hohenlohekreis,2.1320109367370605,HSf3,year,hot_spell_frequency,,7
08127_Schwäbisch Hall,1.981736660003662,HSf3,year,hot_spell_frequency,,7
08128_Main-Tauber-Kreis,2.0570602416992188,HSf3,year,hot_spell_frequency,,7
08135_Heidenheim,1.9422554969787598,HSf3,year,hot_spell_frequency,,7
08136_Ostalbkreis,1.9073339700698853,HSf3,year,hot_spell_frequency,,7
08211_08216_Region_um_Baden-Baden,2.1180832386016846,HSf3,year,hot_spell_frequency,,7
08211_Baden-Baden,2.071988582611084,HSf3,year,hot_spell_frequency,,7
08212_08215_07334_Region_um_Karlsruhe,2.5046494007110596,HSf3,year,hot_spell_frequency,,7
08212_Karlsruhe,2.558459758758545,HSf3,year,hot_spell_frequency,,7
08215_Karlsruhe,2.489175796508789,HSf3,year,hot_spell_frequency,,7
08216_Rastatt,2.1003499031066895,HSf3,year,hot_spell_frequency,,7
08221_08226_08222_Region_um_Heidelberg,2.4503865242004395,HSf3,year,hot_spell_frequency,,7
08221_Heidelberg,2.415627956390381,HSf3,year,hot_spell_frequency,,7
08222_08221_08226_06431_07338_07311_07318_07314_Region_um_Mannheim,2.449549674987793,HSf3,year,hot_spell_frequency,,7
08222_Mannheim,2.580933094024658,HSf3,year,hot_spell_frequency,,7
08225_Neckar-Odenwald-Kreis,2.0970396995544434,HSf3,year,hot_spell_frequency,,7
08226_Rhein-Neckar-Kreis,2.417863607406616,HSf3,year,hot_spell_frequency,,7
08231_08236_08235_Region_um_Pforzheim,1.9669585227966309,HSf3,year,hot_spell_frequency,,7
08231_Pforzheim,2.09541654586792,HSf3,year,hot_spell_frequency,,7
08235_Calw,1.7515546083450317,HSf3,year,hot_spell_frequency,,7
08236_Enzkreis,2.2366583347320557,HSf3,year,hot_spell_frequency,,7
08237_Freudenstadt,1.6410777568817139,HSf3,year,hot_spell_frequency,,7
08311_08316_08315_Region_um_Freiburg_im_Breisgau,1.94313383102417,HSf3,year,hot_spell_frequency,,7
08311_Freiburg im Breisgau,2.1628403663635254,HSf3,year,hot_spell_frequency,,7
08315_Breisgau-Hochschwarzwald,1.6658310890197754,HSf3,year,hot_spell_frequency,,7
08316_Emmendingen,2.200791835784912,HSf3,year,hot_spell_frequency,,7
08317_Ortenaukreis,2.15919828414917,HSf3,year,hot_spell_frequency,,7
08325_Rottweil,1.7685688734054565,HSf3,year,hot_spell_frequency,,7
08326_Schwarzwald-Baar-Kreis,1.3657833337783813,HSf3,year,hot_spell_frequency,,7
08327_Tuttlingen,1.5152688026428223,HSf3,year,hot_spell_frequency,,7
08335_Konstanz,2.420797348022461,HSf3,year,hot_spell_frequency,,7
08336_Lörrach,2.2398927211761475,HSf3,year,hot_spell_frequency,,7
08337_Waldshut,2.1711721420288086,HSf3,year,hot_spell_frequency,,7
08415_Reutlingen,1.5379126071929932,HSf3,year,hot_spell_frequency,,7
08416_Tübingen,2.288550853729248,HSf3,year,hot_spell_frequency,,7
08417_Zollernalbkreis,1.570065975189209,HSf3,year,hot_spell_frequency,,7
08421_08425_09775_Region_um_Ulm,1.950955867767334,HSf3,year,hot_spell_frequency,,7
08421_Ulm,2.110647201538086,HSf3,year,hot_spell_frequency,,7
08425_Alb-Donau-Kreis,1.8160061836242676,HSf3,year,hot_spell_frequency,,7
08426_Biberach,1.9417387247085571,HSf3,year,hot_spell_frequency,,7
08435_Bodenseekreis,2.0192315578460693,HSf3,year,hot_spell_frequency,,7
08436_Ravensburg,1.7253148555755615,HSf3,year,hot_spell_frequency,,7
08437_Sigmaringen,1.6454232931137085,HSf3,year,hot_spell_frequency,,7
09161_09176_09185_09186_Region_um_Ingolstadt,2.336658477783203,HSf3,year,hot_spell_frequency,,7
09161_Ingolstadt,2.525707244873047,HSf3,year,hot_spell_frequency,,7
09162_09184_09179_09174_Region_um_München,2.2291970252990723,HSf3,year,hot_spell_frequency,,7
09162_München,2.556244373321533,HSf3,year,hot_spell_frequency,,7
09163_09187_Region_um_Rosenheim,1.9466211795806885,HSf3,year,hot_spell_frequency,,7
09163_Rosenheim,2.3009042739868164,HSf3,year,hot_spell_frequency,,7
09171_Altötting,2.530860424041748,HSf3,year,hot_spell_frequency,,7
09172_Berchtesgadener Land,1.1223667860031128,HSf3,year,hot_spell_frequency,,7
09173_Bad Tölz-Wolfratshausen,1.2620552778244019,HSf3,year,hot_spell_frequency,,7
09174_Dachau,2.2735419273376465,HSf3,year,hot_spell_frequency,,7
09175_Ebersberg,2.3085360527038574,HSf3,year,hot_spell_frequency,,7
09176_Eichstätt,2.239534616470337,HSf3,year,hot_spell_frequency,,7
09177_Erding,2.307828903198242,HSf3,year,hot_spell_frequency,,7
09178_Freising,2.287045478820801,HSf3,year,hot_spell_frequency,,7
09179_Fürstenfeldbruck,2.1275742053985596,HSf3,year,hot_spell_frequency,,7
09180_Garmisch-Partenkirchen,0.6962043046951294,HSf3,year,hot_spell_frequency,,7
09181_Landsberg am Lech,1.7650489807128906,HSf3,year,hot_spell_frequency,,7
09182_Miesbach,1.1886508464813232,HSf3,year,hot_spell_frequency,,7
09183_Mühldorf a. Inn,2.3704581260681152,HSf3,year,hot_spell_frequency,,7
09184_München,2.1666998863220215,HSf3,year,hot_spell_frequency,,7
09185_Neuburg-Schrobenhausen,2.4394514560699463,HSf3,year,hot_spell_frequency,,7
09186_Pfaffenhofen a.d. Ilm,2.368821382522583,HSf3,year,hot_spell_frequency,,7
09187_Rosenheim,1.93467116355896,HSf3,year,hot_spell_frequency,,7
09188_Starnberg,1.995726466178894,HSf3,year,hot_spell_frequency,,7
09189_Traunstein,1.8092917203903198,HSf3,year,hot_spell_frequency,,7
09190_Weilheim-Schongau,1.6256203651428223,HSf3,year,hot_spell_frequency,,7
09261_09274_Region_um_Landshut,2.277644157409668,HSf3,year,hot_spell_frequency,,7
09261_Landshut,2.3094000816345215,HSf3,year,hot_spell_frequency,,7
09262_09275_Region_um_Passau,2.4105958938598633,HSf3,year,hot_spell_frequency,,7
09262_Passau,2.542741537094116,HSf3,year,hot_spell_frequency,,7
09263_09278_Region_um_Straubing,2.379589796066284,HSf3,year,hot_spell_frequency,,7
09263_Straubing,2.4988646507263184,HSf3,year,hot_spell_frequency,,7
09271_Deggendorf,2.47259259223938,HSf3,year,hot_spell_frequency,,7
09272_Freyung-Grafenau,1.5176949501037598,HSf3,year,hot_spell_frequency,,7
09273_Kelheim,2.3113746643066406,HSf3,year,hot_spell_frequency,,7
09274_Landshut,2.275705575942993,HSf3,year,hot_spell_frequency,,7
09275_Passau,2.403780698776245,HSf3,year,hot_spell_frequency,,7
09276_Regen,1.440821886062622,HSf3,year,hot_spell_frequency,,7
09277_Rottal-Inn,2.4384877681732178,HSf3,year,hot_spell_frequency,,7
09278_Straubing-Bogen,2.376016139984131,HSf3,year,hot_spell_frequency,,7
09279_Dingolfing-Landau,2.541348457336426,HSf3,year,hot_spell_frequency,,7
09361_09371_Region_um_Amberg,1.9157118797302246,HSf3,year,hot_spell_frequency,,7
09361_Amberg,2.0534791946411133,HSf3,year,hot_spell_frequency,,7
09362_09375_Region_um_Regensburg,2.317111015319824,HSf3,year,hot_spell_frequency,,7
09362_Regensburg,2.472670078277588,HSf3,year,hot_spell_frequency,,7
09363_09374_Region_um_Weiden_in_der_Oberpfalz,1.7576115131378174,HSf3,year,hot_spell_frequency,,7
09363_Weiden i.d. OPf.,1.8603904247283936,HSf3,year,hot_spell_frequency,,7
09371_Amberg-Sulzbach,1.9142553806304932,HSf3,year,hot_spell_frequency,,7
09372_Cham,1.7309261560440063,HSf3,year,hot_spell_frequency,,7
09373_Neumarkt i.d. OPf.,1.87660813331604,HSf3,year,hot_spell_frequency,,7
09374_Neustadt a.d. Waldnaab,1.7523808479309082,HSf3,year,hot_spell_frequency,,7
09375_Regensburg,2.2939484119415283,HSf3,year,hot_spell_frequency,,7
09376_Schwandorf,1.9920763969421387,HSf3,year,hot_spell_frequency,,7
09377_Tirschenreuth,1.477698802947998,HSf3,year,hot_spell_frequency,,7
09461_09471_Region_um_Bamberg,1.9765633344650269,HSf3,year,hot_spell_frequency,,7
09461_Bamberg,2.1320087909698486,HSf3,year,hot_spell_frequency,,7
09462_09472_Region_um_Bayreuth,1.6648414134979248,HSf3,year,hot_spell_frequency,,7
09462_Bayreuth,1.6694648265838623,HSf3,year,hot_spell_frequency,,7
09463_09473_Region_um_Coburg,1.8369412422180176,HSf3,year,hot_spell_frequency,,7
09463_Coburg,1.91227126121521,HSf3,year,hot_spell_frequency,,7
09464_09475_Region_um_Hof,1.1364455223083496,HSf3,year,hot_spell_frequency,,7
09464_Hof,1.199425458908081,HSf3,year,hot_spell_frequency,,7
09471_Bamberg,1.971359372138977,HSf3,year,hot_spell_frequency,,7
09472_Bayreuth,1.659006118774414,HSf3,year,hot_spell_frequency,,7
09473_Coburg,1.8289076089859009,HSf3,year,hot_spell_frequency,,7
09474_Forchheim,1.9545814990997314,HSf3,year,hot_spell_frequency,,7
09475_Hof,1.1315711736679077,HSf3,year,hot_spell_frequency,,7
09476_Kronach,1.389735221862793,HSf3,year,hot_spell_frequency,,7
09477_Kulmbach,1.639683723449707,HSf3,year,hot_spell_frequency,,7
09478_Lichtenfels,1.8639304637908936,HSf3,year,hot_spell_frequency,,7
09479_Wunsiedel i. Fichtelgebirge,1.1667288541793823,HSf3,year,hot_spell_frequency,,7
09561_09571_Region_um_Ansbach,1.95865797996521,HSf3,year,hot_spell_frequency,,7
09561_Ansbach,1.9712560176849365,HSf3,year,hot_spell_frequency,,7
09562_09572_09564_09563_Region_um_Erlangen,2.2836837768554688,HSf3,year,hot_spell_frequency,,7
09562_Erlangen,2.2984986305236816,HSf3,year,hot_spell_frequency,,7
09563_09573_09562_09564_Region_um_Fürth,2.284144401550293,HSf3,year,hot_spell_frequency,,7
09563_Fürth,2.286402702331543,HSf3,year,hot_spell_frequency,,7
09564_09563_09574_09565_09573_09572_09576_09562_Region_um_Nürnberg,2.145951271057129,HSf3,year,hot_spell_frequency,,7
09564_Nürnberg,2.3721516132354736,HSf3,year,hot_spell_frequency,,7
09565_09576_09564_Region_um_Schwabach,2.1791834831237793,HSf3,year,hot_spell_frequency,,7
09565_Schwabach,2.4015676975250244,HSf3,year,hot_spell_frequency,,7
09571_Ansbach,1.9580001831054688,HSf3,year,hot_spell_frequency,,7
09572_Erlangen-Höchstadt,2.252995014190674,HSf3,year,hot_spell_frequency,,7
09573_09572_09562_09563_09574_09565_09576_09561_09571_09575_09564_Region_um_Fürth,2.086174964904785,HSf3,year,hot_spell_frequency,,7
09573_Fürth,2.1850850582122803,HSf3,year,hot_spell_frequency,,7
09574_Nürnberger Land,1.9795535802841187,HSf3,year,hot_spell_frequency,,7
09575_Neustadt a.d. Aisch-Bad Windsheim,2.0691428184509277,HSf3,year,hot_spell_frequency,,7
09576_Roth,2.1282458305358887,HSf3,year,hot_spell_frequency,,7
09577_Weißenburg-Gunzenhausen,1.9486641883850098,HSf3,year,hot_spell_frequency,,7
09661_09671_09676_Region_um_Aschaffenburg,2.0431418418884277,HSf3,year,hot_spell_frequency,,7
09661_Aschaffenburg,2.3318655490875244,HSf3,year,hot_spell_frequency,,7
09662_09678_Region_um_Schweinfurt,2.057321548461914,HSf3,year,hot_spell_frequency,,7
09662_Schweinfurt,2.0358328819274902,HSf3,year,hot_spell_frequency,,7
09663_09679_Region_um_Würzburg,2.1157383918762207,HSf3,year,hot_spell_frequency,,7
09663_Würzburg,2.154755115509033,HSf3,year,hot_spell_frequency,,7
09671_Aschaffenburg,2.021838665008545,HSf3,year,hot_spell_frequency,,7
09672_Bad Kissingen,1.6649541854858398,HSf3,year,hot_spell_frequency,,7
09673_Rhön-Grabfeld,1.5415890216827393,HSf3,year,hot_spell_frequency,,7
09674_Haßberge,2.044067144393921,HSf3,year,hot_spell_frequency,,7
09675_Kitzingen,2.185274124145508,HSf3,year,hot_spell_frequency,,7
09676_Miltenberg,2.044370651245117,HSf3,year,hot_spell_frequency,,7
09677_Main-Spessart,1.9616817235946655,HSf3,year,hot_spell_frequency,,7
09678_Schweinfurt,2.059156894683838,HSf3,year,hot_spell_frequency,,7
09679_Würzburg,2.1117663383483887,HSf3,year,hot_spell_frequency,,7
09761_09772_09771_Region_um_Augsburg,2.1500725746154785,HSf3,year,hot_spell_frequency,,7
09761_Augsburg,2.1449687480926514,HSf3,year,hot_spell_frequency,,7
09762_09777_Region_um_Kaufbeuren,1.1130971908569336,HSf3,year,hot_spell_frequency,,7
09762_Kaufbeuren,1.4022645950317383,HSf3,year,hot_spell_frequency,,7
09763_09780_Region_um_Kempten_(Allgäu),0.7745698094367981,HSf3,year,hot_spell_frequency,,7
09763_Kempten (Allgäu),1.4947344064712524,HSf3,year,hot_spell_frequency,,7
09764_09778_08436_Region_um_Memmingen,1.6784121990203857,HSf3,year,hot_spell_frequency,,7
09764_Memmingen,1.6308655738830566,HSf3,year,hot_spell_frequency,,7
09771_Aichach-Friedberg,2.218343496322632,HSf3,year,hot_spell_frequency,,7
09772_Augsburg,2.1287522315979004,HSf3,year,hot_spell_frequency,,7
09773_Dillingen a.d. Donau,2.3104207515716553,HSf3,year,hot_spell_frequency,,7
09774_Günzburg,2.1574935913085938,HSf3,year,hot_spell_frequency,,7
09775_Neu-Ulm,2.155984878540039,HSf3,year,hot_spell_frequency,,7
09776_08435_08436_09780_09763_Region_um_Lindau_(Bodensee),1.3720356225967407,HSf3,year,hot_spell_frequency,,7
09776_Lindau (Bodensee),1.7519874572753906,HSf3,year,hot_spell_frequency,,7
09777_Ostallgäu,1.1049939393997192,HSf3,year,hot_spell_frequency,,7
09778_Unterallgäu,1.6250026226043701,HSf3,year,hot_spell_frequency,,7
09779_Donau-Ries,2.1833810806274414,HSf3,year,hot_spell_frequency,,7
09780_Oberallgäu,0.7403255701065063,HSf3,year,hot_spell_frequency,,7
10041_Regionalverband Saarbrücken,2.2846875190734863,HSf3,year,hot_spell_frequency,,7
10042_Merzig-Wadern,1.8853895664215088,HSf3,year,hot_spell_frequency,,7
10043_10044_10045_10041_10046_07336_Region_um_Neunkirchen,2.0234131813049316,HSf3,year,hot_spell_frequency,,7
10043_Neunkirchen,2.0802345275878906,HSf3,year,hot_spell_frequency,,7
10044_Saarlouis,2.1531577110290527,HSf3,year,hot_spell_frequency,,7
10045_Saarpfalz-Kreis,2.1219334602355957,HSf3,year,hot_spell_frequency,,7
10046_St. Wendel,1.7249431610107422,HSf3,year,hot_spell_frequency,,7
11000_Berlin,1.5631916522979736,HSf3,year,hot_spell_frequency,,7
12051_12063_12069_Region_um_Brandenburg_an_der_Havel,1.441988229751587,HSf3,year,hot_spell_frequency,,7
12051_Brandenburg an der Havel,1.4559109210968018,HSf3,year,hot_spell_frequency,,7
12052_12071_Region_um_Cottbus,1.7031395435333252,HSf3,year,hot_spell_frequency,,7
12052_Cottbus,1.7363064289093018,HSf3,year,hot_spell_frequency,,7
12053_12067_12064_Region_um_Frankfurt_(Oder),1.599104881286621,HSf3,year,hot_spell_frequency,,7
12053_Frankfurt (Oder),1.576310157775879,HSf3,year,hot_spell_frequency,,7
12054_12063_12069_11000_12051_Region_um_Potsdam,1.470010757446289,HSf3,year,hot_spell_frequency,,7
12054_Potsdam,1.5180110931396484,HSf3,year,hot_spell_frequency,,7
12060_Barnim,1.3447647094726562,HSf3,year,hot_spell_frequency,,7
12061_Dahme-Spreewald,1.709294319152832,HSf3,year,hot_spell_frequency,,7
12062_Elbe-Elster,1.7679424285888672,HSf3,year,hot_spell_frequency,,7
12063_Havelland,1.4008718729019165,HSf3,year,hot_spell_frequency,,7
12064_Märkisch-Oderland,1.537564992904663,HSf3,year,hot_spell_frequency,,7
12065_Oberhavel,1.310833215713501,HSf3,year,hot_spell_frequency,,7
12066_Oberspreewald-Lausitz,1.791555643081665,HSf3,year,hot_spell_frequency,,7
12067_Oder-Spree,1.620805263519287,HSf3,year,hot_spell_frequency,,7
12068_Ostprignitz-Ruppin,1.1906495094299316,HSf3,year,hot_spell_frequency,,7
12069_Potsdam-Mittelmark,1.4825258255004883,HSf3,year,hot_spell_frequency,,7
12070_Prignitz,1.1383057832717896,HSf3,year,hot_spell_frequency,,7
12071_Spree-Neiße,1.7134394645690918,HSf3,year,hot_spell_frequency,,7
12072_Teltow-Fläming,1.598488688468933,HSf3,year,hot_spell_frequency,,7
12073_Uckermark,1.144967794418335,HSf3,year,hot_spell_frequency,,7
13003_13072_Region_um_Rostock,0.761258602142334,HSf3,year,hot_spell_frequency,,7
13003_Rostock,0.5878714323043823,HSf3,year,hot_spell_frequency,,7
13004_13076_13074_Region_um_Schwerin,0.8781123161315918,HSf3,year,hot_spell_frequency,,7
13004_Schwerin,0.867363452911377,HSf3,year,hot_spell_frequency,,7
13071_Mecklenburgische Seenplatte,0.9244022965431213,HSf3,year,hot_spell_frequency,,7
13072_Rostock,0.773450493812561,HSf3,year,hot_spell_frequency,,7
13073_Vorpommern-Rügen,0.4483685791492462,HSf3,year,hot_spell_frequency,,7
13074_Nordwestmecklenburg,0.678581714630127,HSf3,year,hot_spell_frequency,,7
13075_Vorpommern-Greifswald,0.810204029083252,HSf3,year,hot_spell_frequency,,7
13076_Ludwigslust-Parchim,0.9752125144004822,HSf3,year,hot_spell_frequency,,7
14511_14524_14521_14522_Region_um_Chemnitz,1.17137610912323,HSf3,year,hot_spell_frequency,,7
14511_Chemnitz,1.3370623588562012,HSf3,year,hot_spell_frequency,,7
14521_Erzgebirgskreis,0.858558714389801,HSf3,year,hot_spell_frequency,,7
14522_Mittelsachsen,1.3229001760482788,HSf3,year,hot_spell_frequency,,7
14523_Vogtlandkreis,1.1992592811584473,HSf3,year,hot_spell_frequency,,7
14524_Zwickau,1.4557981491088867,HSf3,year,hot_spell_frequency,,7
14612_14627_14625_14628_Region_um_Dresden,1.649553894996643,HSf3,year,hot_spell_frequency,,7
14612_Dresden,1.8670682907104492,HSf3,year,hot_spell_frequency,,7
14625_Bautzen,1.7263127565383911,HSf3,year,hot_spell_frequency,,7
14626_Görlitz,1.7077616453170776,HSf3,year,hot_spell_frequency,,7
14627_Meißen,1.8189492225646973,HSf3,year,hot_spell_frequency,,7
14628_Sächsische Schweiz-Osterzgebirge,1.3675823211669922,HSf3,year,hot_spell_frequency,,7
14713_14729_14730_Region_um_Leipzig,1.7243647575378418,HSf3,year,hot_spell_frequency,,7
14713_Leipzig,1.8569419384002686,HSf3,year,hot_spell_frequency,,7
14729_Leipzig,1.7515044212341309,HSf3,year,hot_spell_frequency,,7
14730_Nordsachsen,1.711798906326294,HSf3,year,hot_spell_frequency,,7
15001_15091_15082_Region_um_Dessau-Rolau,1.662299394607544,HSf3,year,hot_spell_frequency,,7
15001_Dessau-Roßlau,1.6939034461975098,HSf3,year,hot_spell_frequency,,7
15002_15088_Region_um_Halle_(Saale),1.8302526473999023,HSf3,year,hot_spell_frequency,,7
15002_Halle (Saale),1.9169461727142334,HSf3,year,hot_spell_frequency,,7
15003_15083_15089_15086_Region_um_Magdeburg,1.4243601560592651,HSf3,year,hot_spell_frequency,,7
15003_Magdeburg,1.5440713167190552,HSf3,year,hot_spell_frequency,,7
15081_Altmarkkreis Salzwedel,1.1904853582382202,HSf3,year,hot_spell_frequency,,7
15082_Anhalt-Bitterfeld,1.6924858093261719,HSf3,year,hot_spell_frequency,,7
15083_Börde,1.367365837097168,HSf3,year,hot_spell_frequency,,7
15084_Burgenlandkreis,1.7117187976837158,HSf3,year,hot_spell_frequency,,7
15085_Harz,1.1276576519012451,HSf3,year,hot_spell_frequency,,7
15086_Jerichower Land,1.4188547134399414,HSf3,year,hot_spell_frequency,,7
15087_Mansfeld-Südharz,1.3993253707885742,HSf3,year,hot_spell_frequency,,7
15088_Saalekreis,1.8212400674819946,HSf3,year,hot_spell_frequency,,7
15089_Salzlandkreis,1.55081045627594,HSf3,year,hot_spell_frequency,,7
15090_Stendal,1.2577810287475586,HSf3,year,hot_spell_frequency,,7
15091_Wittenberg,1.6234055757522583,HSf3,year,hot_spell_frequency,,7
16051_16067_16068_16070_16071_16055_Region_um_Erfurt,1.4639168977737427,HSf3,year,hot_spell_frequency,,7
16051_Erfurt,1.6401005983352661,HSf3,year,hot_spell_frequency,,7
16052_16076_15084_16074_Region_um_Gera,1.6270077228546143,HSf3,year,hot_spell_frequency,,7
16052_Gera,1.601560354232788,HSf3,year,hot_spell_frequency,,7
16053_16074_16071_16055_Region_um_Jena,1.524587869644165,HSf3,year,hot_spell_frequency,,7
16053_Jena,1.6084011793136597,HSf3,year,hot_spell_frequency,,7
16054_16066_16069_16070_Region_um_Suhl,1.247422695159912,HSf3,year,hot_spell_frequency,,7
16054_Suhl,0.974887490272522,HSf3,year,hot_spell_frequency,,7
16055_16071_Region_um_Weimar,1.5193884372711182,HSf3,year,hot_spell_frequency,,7
16055_Weimar,1.4961597919464111,HSf3,year,hot_spell_frequency,,7
16056_16063_06636_Region_um_Eisenach,1.3137574195861816,HSf3,year,hot_spell_frequency,,7
16056_Eisenach,1.4383199214935303,HSf3,year,hot_spell_frequency,,7
16061_Eichsfeld,1.167117714881897,HSf3,year,hot_spell_frequency,,7
16062_Nordhausen,1.2056931257247925,HSf3,year,hot_spell_frequency,,7
16063_Wartburgkreis,1.3729782104492188,HSf3,year,hot_spell_frequency,,7
16064_Unstrut-Hainich-Kreis,1.4294965267181396,HSf3,year,hot_spell_frequency,,7
16065_Kyffhäuserkreis,1.5300452709197998,HSf3,year,hot_spell_frequency,,7
16066_Schmalkalden-Meiningen,1.2185454368591309,HSf3,year,hot_spell_frequency,,7
16067_Gotha,1.346230387687683,HSf3,year,hot_spell_frequency,,7
16068_Sömmerda,1.714892864227295,HSf3,year,hot_spell_frequency,,7
16069_Hildburghausen,1.4024250507354736,HSf3,year,hot_spell_frequency,,7
16070_Ilm-Kreis,1.1594233512878418,HSf3,year,hot_spell_frequency,,7
16071_Weimarer Land,1.517998456954956,HSf3,year,hot_spell_frequency,,7
16072_Sonneberg,1.1877679824829102,HSf3,year,hot_spell_frequency,,7
16073_Saalfeld-Rudolstadt,1.3326430320739746,HSf3,year,hot_spell_frequency,,7
16074_Saale-Holzland-Kreis,1.5499603748321533,HSf3,year,hot_spell_frequency,,7
16075_Saale-Orla-Kreis,1.260168194770813,HSf3,year,hot_spell_frequency,,7
16076_Greiz,1.5064284801483154,HSf3,year,hot_spell_frequency,,7
16077_Altenburger Land,1.7036421298980713,HSf3,year,hot_spell_frequency,,7
