region,DSf_year_4C_rcp85_time-mean_ensemble-diff-max,ci_name,ci_frequency,standard_name,units,mid_month
01001_Flensburg,3.796006202697754,DSf,year,dry_spell_frequency,,7
01002_Kiel,3.000922203063965,DSf,year,dry_spell_frequency,,7
01003_Lübeck,2.3905210494995117,DSf,year,dry_spell_frequency,,7
01004_Neumünster,2.987276077270508,DSf,year,dry_spell_frequency,,7
01051_Dithmarschen,2.9502668380737305,DSf,year,dry_spell_frequency,,7
01053_Herzogtum Lauenburg,2.6193246841430664,DSf,year,dry_spell_frequency,,7
01054_Nordfriesland,2.436020851135254,DSf,year,dry_spell_frequency,,7
01055_Ostholstein,2.4187698364257812,DSf,year,dry_spell_frequency,,7
01057_Plön,2.5784177780151367,DSf,year,dry_spell_frequency,,7
01058_Rendsburg-Eckernförde,3.1332321166992188,DSf,year,dry_spell_frequency,,7
01059_Schleswig-Flensburg,3.0232934951782227,DSf,year,dry_spell_frequency,,7
01060_Segeberg,2.6553564071655273,DSf,year,dry_spell_frequency,,7
01061_Steinburg,2.743227005004883,DSf,year,dry_spell_frequency,,7
01062_Stormarn,2.6019420623779297,DSf,year,dry_spell_frequency,,7
02000_Hamburg,2.4609289169311523,DSf,year,dry_spell_frequency,,7
03101_Braunschweig,1.857100486755371,DSf,year,dry_spell_frequency,,7
03102_Salzgitter,2.272101402282715,DSf,year,dry_spell_frequency,,7
03103_Wolfsburg,2.3049697875976562,DSf,year,dry_spell_frequency,,7
03151_Gifhorn,2.5459699630737305,DSf,year,dry_spell_frequency,,7
03159_Göttingen,2.4197940826416016,DSf,year,dry_spell_frequency,,7
03153_Goslar,2.515364646911621,DSf,year,dry_spell_frequency,,7
03154_Helmstedt,2.159912109375,DSf,year,dry_spell_frequency,,7
03155_Northeim,2.660700798034668,DSf,year,dry_spell_frequency,,7
03157_Peine,1.9544572830200195,DSf,year,dry_spell_frequency,,7
03158_Wolfenbüttel,2.090153694152832,DSf,year,dry_spell_frequency,,7
03241_Region Hannover,2.4604549407958984,DSf,year,dry_spell_frequency,,7
03251_Diepholz,2.60196590423584,DSf,year,dry_spell_frequency,,7
03252_Hameln-Pyrmont,2.9996843338012695,DSf,year,dry_spell_frequency,,7
03254_Hildesheim,2.632817268371582,DSf,year,dry_spell_frequency,,7
03255_Holzminden,3.141010284423828,DSf,year,dry_spell_frequency,,7
01056_Pinneberg,2.478877067565918,DSf,year,dry_spell_frequency,,7
03256_Nienburg (Weser),2.6394662857055664,DSf,year,dry_spell_frequency,,7
03257_Schaumburg,2.9964704513549805,DSf,year,dry_spell_frequency,,7
03351_Celle,2.454803466796875,DSf,year,dry_spell_frequency,,7
03352_Cuxhaven,2.4269371032714844,DSf,year,dry_spell_frequency,,7
03353_Harburg,2.5496177673339844,DSf,year,dry_spell_frequency,,7
03354_Lüchow-Dannenberg,2.870889663696289,DSf,year,dry_spell_frequency,,7
03355_Lüneburg,2.2797670364379883,DSf,year,dry_spell_frequency,,7
03356_Osterholz,2.811676025390625,DSf,year,dry_spell_frequency,,7
03357_Rotenburg (Wümme),2.480792999267578,DSf,year,dry_spell_frequency,,7
03358_Heidekreis,2.5088987350463867,DSf,year,dry_spell_frequency,,7
03359_Stade,2.5183963775634766,DSf,year,dry_spell_frequency,,7
03360_Uelzen,2.5755615234375,DSf,year,dry_spell_frequency,,7
03361_Verden,2.7209949493408203,DSf,year,dry_spell_frequency,,7
03401_Delmenhorst,2.65582275390625,DSf,year,dry_spell_frequency,,7
03402_Emden,2.6314897537231445,DSf,year,dry_spell_frequency,,7
03403_Oldenburg (Oldb),2.5749549865722656,DSf,year,dry_spell_frequency,,7
03404_Osnabrück,2.8714914321899414,DSf,year,dry_spell_frequency,,7
03405_Wilhelmshaven,2.4224061965942383,DSf,year,dry_spell_frequency,,7
03451_Ammerland,2.4387502670288086,DSf,year,dry_spell_frequency,,7
03452_Aurich,2.749347686767578,DSf,year,dry_spell_frequency,,7
03453_Cloppenburg,2.715076446533203,DSf,year,dry_spell_frequency,,7
03454_Emsland,2.712553024291992,DSf,year,dry_spell_frequency,,7
03455_Friesland,2.6693553924560547,DSf,year,dry_spell_frequency,,7
03456_Grafschaft Bentheim,2.626400947570801,DSf,year,dry_spell_frequency,,7
03457_Leer,2.77004337310791,DSf,year,dry_spell_frequency,,7
03458_Oldenburg,2.8806381225585938,DSf,year,dry_spell_frequency,,7
03459_Osnabrück,2.7537012100219727,DSf,year,dry_spell_frequency,,7
03460_Vechta,2.8866472244262695,DSf,year,dry_spell_frequency,,7
03461_Wesermarsch,2.415983200073242,DSf,year,dry_spell_frequency,,7
03462_Wittmund,2.5961427688598633,DSf,year,dry_spell_frequency,,7
04011_Bremen,2.7943038940429688,DSf,year,dry_spell_frequency,,7
04012_Bremerhaven,2.5585241317749023,DSf,year,dry_spell_frequency,,7
05111_Düsseldorf,2.7192697525024414,DSf,year,dry_spell_frequency,,7
05112_Duisburg,2.9435672760009766,DSf,year,dry_spell_frequency,,7
05113_Essen,3.0996484756469727,DSf,year,dry_spell_frequency,,7
05114_Krefeld,2.7277069091796875,DSf,year,dry_spell_frequency,,7
05116_Mönchengladbach,2.9466066360473633,DSf,year,dry_spell_frequency,,7
05117_Mülheim an der Ruhr,2.645604133605957,DSf,year,dry_spell_frequency,,7
05119_Oberhausen,3.626620292663574,DSf,year,dry_spell_frequency,,7
05120_Remscheid,3.4359560012817383,DSf,year,dry_spell_frequency,,7
05122_Solingen,3.1157140731811523,DSf,year,dry_spell_frequency,,7
05124_Wuppertal,3.4538497924804688,DSf,year,dry_spell_frequency,,7
05154_Kleve,3.038442611694336,DSf,year,dry_spell_frequency,,7
05158_Mettmann,3.0169754028320312,DSf,year,dry_spell_frequency,,7
05162_Rhein-Kreis Neuss,2.873455047607422,DSf,year,dry_spell_frequency,,7
05166_Viersen,3.0269126892089844,DSf,year,dry_spell_frequency,,7
05170_Wesel,3.2936744689941406,DSf,year,dry_spell_frequency,,7
05314_Bonn,3.4242782592773438,DSf,year,dry_spell_frequency,,7
05315_Köln,3.201465606689453,DSf,year,dry_spell_frequency,,7
05316_Leverkusen,3.19326114654541,DSf,year,dry_spell_frequency,,7
05334_Städteregion Aachen,2.9480037689208984,DSf,year,dry_spell_frequency,,7
05358_Düren,2.9601306915283203,DSf,year,dry_spell_frequency,,7
05362_Rhein-Erft-Kreis,2.908344268798828,DSf,year,dry_spell_frequency,,7
05366_Euskirchen,3.0633764266967773,DSf,year,dry_spell_frequency,,7
05370_Heinsberg,2.9404544830322266,DSf,year,dry_spell_frequency,,7
05374_Oberbergischer Kreis,3.206610679626465,DSf,year,dry_spell_frequency,,7
05378_Rheinisch-Bergischer Kreis,3.081173896789551,DSf,year,dry_spell_frequency,,7
05382_Rhein-Sieg-Kreis,3.3148841857910156,DSf,year,dry_spell_frequency,,7
05512_Bottrop,3.7124080657958984,DSf,year,dry_spell_frequency,,7
05513_Gelsenkirchen,3.4943113327026367,DSf,year,dry_spell_frequency,,7
05515_Münster,2.96987247467041,DSf,year,dry_spell_frequency,,7
05554_Borken,2.824169158935547,DSf,year,dry_spell_frequency,,7
05558_Coesfeld,2.7430124282836914,DSf,year,dry_spell_frequency,,7
05562_Recklinghausen,3.2156734466552734,DSf,year,dry_spell_frequency,,7
05566_Steinfurt,2.5208425521850586,DSf,year,dry_spell_frequency,,7
05570_Warendorf,3.124347686767578,DSf,year,dry_spell_frequency,,7
05711_Bielefeld,3.2011289596557617,DSf,year,dry_spell_frequency,,7
05754_Gütersloh,3.037848472595215,DSf,year,dry_spell_frequency,,7
05758_Herford,3.123581886291504,DSf,year,dry_spell_frequency,,7
05762_Höxter,2.985414505004883,DSf,year,dry_spell_frequency,,7
05766_Lippe,3.0779647827148438,DSf,year,dry_spell_frequency,,7
05770_Minden-Lübbecke,2.7835607528686523,DSf,year,dry_spell_frequency,,7
05774_Paderborn,2.8168325424194336,DSf,year,dry_spell_frequency,,7
05911_Bochum,3.3159303665161133,DSf,year,dry_spell_frequency,,7
05913_Dortmund,3.1793813705444336,DSf,year,dry_spell_frequency,,7
05914_Hagen,3.2676773071289062,DSf,year,dry_spell_frequency,,7
05915_Hamm,2.9815587997436523,DSf,year,dry_spell_frequency,,7
05916_Herne,3.225369453430176,DSf,year,dry_spell_frequency,,7
05954_Ennepe-Ruhr-Kreis,3.2130069732666016,DSf,year,dry_spell_frequency,,7
05958_Hochsauerlandkreis,2.890549659729004,DSf,year,dry_spell_frequency,,7
05962_Märkischer Kreis,3.397005081176758,DSf,year,dry_spell_frequency,,7
05966_Olpe,3.4020557403564453,DSf,year,dry_spell_frequency,,7
05970_Siegen-Wittgenstein,3.140650749206543,DSf,year,dry_spell_frequency,,7
05974_Soest,2.720876693725586,DSf,year,dry_spell_frequency,,7
05978_Unna,3.0792665481567383,DSf,year,dry_spell_frequency,,7
06411_Darmstadt,2.1716766357421875,DSf,year,dry_spell_frequency,,7
06412_Frankfurt am Main,2.288911819458008,DSf,year,dry_spell_frequency,,7
06413_Offenbach am Main,2.253570556640625,DSf,year,dry_spell_frequency,,7
06414_Wiesbaden,2.670095443725586,DSf,year,dry_spell_frequency,,7
06431_Bergstraße,2.523421287536621,DSf,year,dry_spell_frequency,,7
06432_Darmstadt-Dieburg,2.2728757858276367,DSf,year,dry_spell_frequency,,7
06433_Groß-Gerau,2.2319231033325195,DSf,year,dry_spell_frequency,,7
06434_Hochtaunuskreis,2.65457820892334,DSf,year,dry_spell_frequency,,7
06435_Main-Kinzig-Kreis,2.275463104248047,DSf,year,dry_spell_frequency,,7
06436_Main-Taunus-Kreis,2.3471202850341797,DSf,year,dry_spell_frequency,,7
06437_Odenwaldkreis,2.7845897674560547,DSf,year,dry_spell_frequency,,7
06438_Offenbach,2.285675048828125,DSf,year,dry_spell_frequency,,7
06439_Rheingau-Taunus-Kreis,2.857720375061035,DSf,year,dry_spell_frequency,,7
06440_Wetteraukreis,2.156315803527832,DSf,year,dry_spell_frequency,,7
06531_Gießen,2.43182373046875,DSf,year,dry_spell_frequency,,7
06532_Lahn-Dill-Kreis,2.8610029220581055,DSf,year,dry_spell_frequency,,7
06533_Limburg-Weilburg,2.6399097442626953,DSf,year,dry_spell_frequency,,7
06534_Marburg-Biedenkopf,2.7545289993286133,DSf,year,dry_spell_frequency,,7
06535_Vogelsbergkreis,2.430919647216797,DSf,year,dry_spell_frequency,,7
06611_Kassel,2.637205123901367,DSf,year,dry_spell_frequency,,7
06631_Fulda,2.599781036376953,DSf,year,dry_spell_frequency,,7
06632_Hersfeld-Rotenburg,2.7566070556640625,DSf,year,dry_spell_frequency,,7
06633_Kassel,2.587888717651367,DSf,year,dry_spell_frequency,,7
06634_Schwalm-Eder-Kreis,2.731395721435547,DSf,year,dry_spell_frequency,,7
06635_Waldeck-Frankenberg,3.0656490325927734,DSf,year,dry_spell_frequency,,7
06636_Werra-Meißner-Kreis,2.6775922775268555,DSf,year,dry_spell_frequency,,7
07111_Koblenz,2.9658937454223633,DSf,year,dry_spell_frequency,,7
07131_Ahrweiler,2.6949453353881836,DSf,year,dry_spell_frequency,,7
07132_Altenkirchen (Westerwald),3.083584785461426,DSf,year,dry_spell_frequency,,7
07133_Bad Kreuznach,3.1219539642333984,DSf,year,dry_spell_frequency,,7
07134_Birkenfeld,3.4773073196411133,DSf,year,dry_spell_frequency,,7
07135_Cochem-Zell,2.5183610916137695,DSf,year,dry_spell_frequency,,7
07137_Mayen-Koblenz,2.7943363189697266,DSf,year,dry_spell_frequency,,7
07138_Neuwied,3.0110387802124023,DSf,year,dry_spell_frequency,,7
07140_Rhein-Hunsrück-Kreis,2.8874454498291016,DSf,year,dry_spell_frequency,,7
07141_Rhein-Lahn-Kreis,2.8082523345947266,DSf,year,dry_spell_frequency,,7
07143_Westerwaldkreis,2.87186336517334,DSf,year,dry_spell_frequency,,7
07211_Trier,2.6302013397216797,DSf,year,dry_spell_frequency,,7
07231_Bernkastel-Wittlich,2.4823713302612305,DSf,year,dry_spell_frequency,,7
07232_Eifelkreis Bitburg-Prüm,2.6787071228027344,DSf,year,dry_spell_frequency,,7
07233_Vulkaneifel,2.6009769439697266,DSf,year,dry_spell_frequency,,7
07235_Trier-Saarburg,2.825925827026367,DSf,year,dry_spell_frequency,,7
07311_Frankenthal (Pfalz),3.012847900390625,DSf,year,dry_spell_frequency,,7
07312_Kaiserslautern,3.220874786376953,DSf,year,dry_spell_frequency,,7
07313_Landau in der Pfalz,2.7660751342773438,DSf,year,dry_spell_frequency,,7
07314_Ludwigshafen am Rhein,2.7580814361572266,DSf,year,dry_spell_frequency,,7
07315_Mainz,2.283963203430176,DSf,year,dry_spell_frequency,,7
07316_Neustadt an der Weinstraße,2.5652875900268555,DSf,year,dry_spell_frequency,,7
07317_Pirmasens,3.616400718688965,DSf,year,dry_spell_frequency,,7
07318_Speyer,2.7560691833496094,DSf,year,dry_spell_frequency,,7
07319_Worms,2.634805679321289,DSf,year,dry_spell_frequency,,7
07320_Zweibrücken,3.479564666748047,DSf,year,dry_spell_frequency,,7
07331_Alzey-Worms,2.7469635009765625,DSf,year,dry_spell_frequency,,7
07332_Bad Dürkheim,2.8366641998291016,DSf,year,dry_spell_frequency,,7
07333_Donnersbergkreis,2.858083724975586,DSf,year,dry_spell_frequency,,7
07334_Germersheim,2.6215620040893555,DSf,year,dry_spell_frequency,,7
07335_Kaiserslautern,3.270282745361328,DSf,year,dry_spell_frequency,,7
07336_Kusel,3.3697099685668945,DSf,year,dry_spell_frequency,,7
07337_Südliche Weinstraße,2.728076934814453,DSf,year,dry_spell_frequency,,7
07338_Rhein-Pfalz-Kreis,2.796489715576172,DSf,year,dry_spell_frequency,,7
07339_Mainz-Bingen,2.6511096954345703,DSf,year,dry_spell_frequency,,7
07340_Südwestpfalz,3.404383659362793,DSf,year,dry_spell_frequency,,7
08111_Stuttgart,2.999828338623047,DSf,year,dry_spell_frequency,,7
08115_Böblingen,3.0952186584472656,DSf,year,dry_spell_frequency,,7
08116_Esslingen,2.80947208404541,DSf,year,dry_spell_frequency,,7
08117_Göppingen,2.9692935943603516,DSf,year,dry_spell_frequency,,7
08118_Ludwigsburg,2.935389518737793,DSf,year,dry_spell_frequency,,7
08119_Rems-Murr-Kreis,3.166886329650879,DSf,year,dry_spell_frequency,,7
08121_Heilbronn,2.887772560119629,DSf,year,dry_spell_frequency,,7
08125_Heilbronn,3.0578832626342773,DSf,year,dry_spell_frequency,,7
08126_Hohenlohekreis,2.821702003479004,DSf,year,dry_spell_frequency,,7
08127_Schwäbisch Hall,2.7742013931274414,DSf,year,dry_spell_frequency,,7
08128_Main-Tauber-Kreis,2.3091230392456055,DSf,year,dry_spell_frequency,,7
08135_Heidenheim,2.512073516845703,DSf,year,dry_spell_frequency,,7
08136_Ostalbkreis,2.865814208984375,DSf,year,dry_spell_frequency,,7
08211_Baden-Baden,3.409430503845215,DSf,year,dry_spell_frequency,,7
08212_Karlsruhe,2.742033004760742,DSf,year,dry_spell_frequency,,7
08215_Karlsruhe,2.812549591064453,DSf,year,dry_spell_frequency,,7
08216_Rastatt,3.4367828369140625,DSf,year,dry_spell_frequency,,7
08221_Heidelberg,2.927776336669922,DSf,year,dry_spell_frequency,,7
08222_Mannheim,2.52984619140625,DSf,year,dry_spell_frequency,,7
08225_Neckar-Odenwald-Kreis,3.0027313232421875,DSf,year,dry_spell_frequency,,7
08226_Rhein-Neckar-Kreis,2.746623992919922,DSf,year,dry_spell_frequency,,7
08231_Pforzheim,2.8835058212280273,DSf,year,dry_spell_frequency,,7
08235_Calw,3.158799171447754,DSf,year,dry_spell_frequency,,7
08236_Enzkreis,2.9811058044433594,DSf,year,dry_spell_frequency,,7
08237_Freudenstadt,3.261281967163086,DSf,year,dry_spell_frequency,,7
08311_Freiburg im Breisgau,3.0602951049804688,DSf,year,dry_spell_frequency,,7
08315_Breisgau-Hochschwarzwald,3.1611900329589844,DSf,year,dry_spell_frequency,,7
08316_Emmendingen,2.8859691619873047,DSf,year,dry_spell_frequency,,7
08317_Ortenaukreis,2.758608818054199,DSf,year,dry_spell_frequency,,7
08325_Rottweil,3.0928478240966797,DSf,year,dry_spell_frequency,,7
08326_Schwarzwald-Baar-Kreis,2.980025291442871,DSf,year,dry_spell_frequency,,7
08327_Tuttlingen,2.7453107833862305,DSf,year,dry_spell_frequency,,7
08335_Konstanz,2.8933258056640625,DSf,year,dry_spell_frequency,,7
08336_Lörrach,3.43804931640625,DSf,year,dry_spell_frequency,,7
08337_Waldshut,2.89858341217041,DSf,year,dry_spell_frequency,,7
08415_Reutlingen,2.7814226150512695,DSf,year,dry_spell_frequency,,7
08416_Tübingen,2.814962387084961,DSf,year,dry_spell_frequency,,7
08417_Zollernalbkreis,2.7742977142333984,DSf,year,dry_spell_frequency,,7
08421_Ulm,2.603705406188965,DSf,year,dry_spell_frequency,,7
08425_Alb-Donau-Kreis,2.5657663345336914,DSf,year,dry_spell_frequency,,7
08426_Biberach,2.4707279205322266,DSf,year,dry_spell_frequency,,7
08435_Bodenseekreis,2.816704750061035,DSf,year,dry_spell_frequency,,7
08436_Ravensburg,2.417372703552246,DSf,year,dry_spell_frequency,,7
08437_Sigmaringen,2.6666259765625,DSf,year,dry_spell_frequency,,7
09161_Ingolstadt,1.9588689804077148,DSf,year,dry_spell_frequency,,7
09162_München,2.3319263458251953,DSf,year,dry_spell_frequency,,7
09163_Rosenheim,2.440487861633301,DSf,year,dry_spell_frequency,,7
09171_Altötting,1.9371910095214844,DSf,year,dry_spell_frequency,,7
09172_Berchtesgadener Land,2.3878860473632812,DSf,year,dry_spell_frequency,,7
09173_Bad Tölz-Wolfratshausen,2.179262161254883,DSf,year,dry_spell_frequency,,7
09174_Dachau,2.021575927734375,DSf,year,dry_spell_frequency,,7
09175_Ebersberg,1.8083505630493164,DSf,year,dry_spell_frequency,,7
09176_Eichstätt,2.2354774475097656,DSf,year,dry_spell_frequency,,7
09177_Erding,1.8862485885620117,DSf,year,dry_spell_frequency,,7
09178_Freising,2.0226125717163086,DSf,year,dry_spell_frequency,,7
09179_Fürstenfeldbruck,2.448184013366699,DSf,year,dry_spell_frequency,,7
09180_Garmisch-Partenkirchen,2.252657890319824,DSf,year,dry_spell_frequency,,7
09181_Landsberg am Lech,2.323296546936035,DSf,year,dry_spell_frequency,,7
09182_Miesbach,2.50616455078125,DSf,year,dry_spell_frequency,,7
09183_Mühldorf a. Inn,2.16605281829834,DSf,year,dry_spell_frequency,,7
09184_München,2.0152196884155273,DSf,year,dry_spell_frequency,,7
09185_Neuburg-Schrobenhausen,2.270021438598633,DSf,year,dry_spell_frequency,,7
09186_Pfaffenhofen a.d. Ilm,2.036576271057129,DSf,year,dry_spell_frequency,,7
09187_Rosenheim,2.196136474609375,DSf,year,dry_spell_frequency,,7
09188_Starnberg,2.080033302307129,DSf,year,dry_spell_frequency,,7
09189_Traunstein,2.111090660095215,DSf,year,dry_spell_frequency,,7
09190_Weilheim-Schongau,2.2359561920166016,DSf,year,dry_spell_frequency,,7
09261_Landshut,1.8654899597167969,DSf,year,dry_spell_frequency,,7
09262_Passau,2.114654541015625,DSf,year,dry_spell_frequency,,7
09263_Straubing,2.295830726623535,DSf,year,dry_spell_frequency,,7
09271_Deggendorf,2.2096071243286133,DSf,year,dry_spell_frequency,,7
09272_Freyung-Grafenau,1.9184532165527344,DSf,year,dry_spell_frequency,,7
09273_Kelheim,1.9002799987792969,DSf,year,dry_spell_frequency,,7
09274_Landshut,1.7928504943847656,DSf,year,dry_spell_frequency,,7
09275_Passau,2.0646724700927734,DSf,year,dry_spell_frequency,,7
09276_Regen,2.82126522064209,DSf,year,dry_spell_frequency,,7
09277_Rottal-Inn,1.752542495727539,DSf,year,dry_spell_frequency,,7
09278_Straubing-Bogen,2.234744071960449,DSf,year,dry_spell_frequency,,7
09279_Dingolfing-Landau,1.6542434692382812,DSf,year,dry_spell_frequency,,7
09361_Amberg,2.133333206176758,DSf,year,dry_spell_frequency,,7
09362_Regensburg,2.1061153411865234,DSf,year,dry_spell_frequency,,7
09363_Weiden i.d. OPf.,2.1170787811279297,DSf,year,dry_spell_frequency,,7
09371_Amberg-Sulzbach,2.0564374923706055,DSf,year,dry_spell_frequency,,7
09372_Cham,2.2268600463867188,DSf,year,dry_spell_frequency,,7
09373_Neumarkt i.d. OPf.,2.126110076904297,DSf,year,dry_spell_frequency,,7
09374_Neustadt a.d. Waldnaab,2.332369804382324,DSf,year,dry_spell_frequency,,7
09375_Regensburg,1.8041667938232422,DSf,year,dry_spell_frequency,,7
09376_Schwandorf,1.8878850936889648,DSf,year,dry_spell_frequency,,7
09377_Tirschenreuth,2.5529584884643555,DSf,year,dry_spell_frequency,,7
09461_Bamberg,2.0699071884155273,DSf,year,dry_spell_frequency,,7
09462_Bayreuth,2.85784912109375,DSf,year,dry_spell_frequency,,7
09463_Coburg,2.319685935974121,DSf,year,dry_spell_frequency,,7
09464_Hof,2.666736602783203,DSf,year,dry_spell_frequency,,7
09471_Bamberg,2.168452262878418,DSf,year,dry_spell_frequency,,7
09472_Bayreuth,2.8560800552368164,DSf,year,dry_spell_frequency,,7
09473_Coburg,2.530820846557617,DSf,year,dry_spell_frequency,,7
09474_Forchheim,2.5651235580444336,DSf,year,dry_spell_frequency,,7
09475_Hof,2.5338668823242188,DSf,year,dry_spell_frequency,,7
09476_Kronach,2.6510791778564453,DSf,year,dry_spell_frequency,,7
09477_Kulmbach,2.932072639465332,DSf,year,dry_spell_frequency,,7
09478_Lichtenfels,2.729999542236328,DSf,year,dry_spell_frequency,,7
09479_Wunsiedel i. Fichtelgebirge,2.4699106216430664,DSf,year,dry_spell_frequency,,7
09561_Ansbach,2.7152252197265625,DSf,year,dry_spell_frequency,,7
09562_Erlangen,2.150568962097168,DSf,year,dry_spell_frequency,,7
09563_Fürth,1.9418964385986328,DSf,year,dry_spell_frequency,,7
09564_Nürnberg,2.335951805114746,DSf,year,dry_spell_frequency,,7
09565_Schwabach,2.359238624572754,DSf,year,dry_spell_frequency,,7
09571_Ansbach,2.7100696563720703,DSf,year,dry_spell_frequency,,7
09572_Erlangen-Höchstadt,1.9083919525146484,DSf,year,dry_spell_frequency,,7
09573_Fürth,2.1752986907958984,DSf,year,dry_spell_frequency,,7
09574_Nürnberger Land,2.4704723358154297,DSf,year,dry_spell_frequency,,7
09575_Neustadt a.d. Aisch-Bad Windsheim,2.359952926635742,DSf,year,dry_spell_frequency,,7
09576_Roth,2.443876266479492,DSf,year,dry_spell_frequency,,7
09577_Weißenburg-Gunzenhausen,2.4819231033325195,DSf,year,dry_spell_frequency,,7
09661_Aschaffenburg,2.5103073120117188,DSf,year,dry_spell_frequency,,7
09662_Schweinfurt,1.998037338256836,DSf,year,dry_spell_frequency,,7
09663_Würzburg,2.199099540710449,DSf,year,dry_spell_frequency,,7
09671_Aschaffenburg,2.351832389831543,DSf,year,dry_spell_frequency,,7
09672_Bad Kissingen,2.6201295852661133,DSf,year,dry_spell_frequency,,7
09673_Rhön-Grabfeld,2.6489009857177734,DSf,year,dry_spell_frequency,,7
09674_Haßberge,2.1451854705810547,DSf,year,dry_spell_frequency,,7
09675_Kitzingen,2.0753583908081055,DSf,year,dry_spell_frequency,,7
09676_Miltenberg,2.4386510848999023,DSf,year,dry_spell_frequency,,7
09677_Main-Spessart,2.1316566467285156,DSf,year,dry_spell_frequency,,7
09678_Schweinfurt,1.9144525527954102,DSf,year,dry_spell_frequency,,7
09679_Würzburg,2.06864070892334,DSf,year,dry_spell_frequency,,7
09761_Augsburg,2.0896711349487305,DSf,year,dry_spell_frequency,,7
09762_Kaufbeuren,2.1845016479492188,DSf,year,dry_spell_frequency,,7
09763_Kempten (Allgäu),2.2941532135009766,DSf,year,dry_spell_frequency,,7
09764_Memmingen,2.4498376846313477,DSf,year,dry_spell_frequency,,7
09771_Aichach-Friedberg,2.025607109069824,DSf,year,dry_spell_frequency,,7
09772_Augsburg,2.3208770751953125,DSf,year,dry_spell_frequency,,7
09773_Dillingen a.d. Donau,2.4235782623291016,DSf,year,dry_spell_frequency,,7
09774_Günzburg,2.3691091537475586,DSf,year,dry_spell_frequency,,7
09775_Neu-Ulm,2.4091739654541016,DSf,year,dry_spell_frequency,,7
09776_Lindau (Bodensee),2.5710182189941406,DSf,year,dry_spell_frequency,,7
09777_Ostallgäu,2.3717851638793945,DSf,year,dry_spell_frequency,,7
09778_Unterallgäu,2.4972429275512695,DSf,year,dry_spell_frequency,,7
09779_Donau-Ries,2.488832473754883,DSf,year,dry_spell_frequency,,7
09780_Oberallgäu,2.3112478256225586,DSf,year,dry_spell_frequency,,7
10041_Regionalverband Saarbrücken,3.0800304412841797,DSf,year,dry_spell_frequency,,7
10042_Merzig-Wadern,2.8091354370117188,DSf,year,dry_spell_frequency,,7
10043_Neunkirchen,3.0871238708496094,DSf,year,dry_spell_frequency,,7
10044_Saarlouis,2.8139305114746094,DSf,year,dry_spell_frequency,,7
10045_Saarpfalz-Kreis,3.3764095306396484,DSf,year,dry_spell_frequency,,7
10046_St. Wendel,2.935331344604492,DSf,year,dry_spell_frequency,,7
11000_Berlin,1.9487781524658203,DSf,year,dry_spell_frequency,,7
12051_Brandenburg an der Havel,2.10721492767334,DSf,year,dry_spell_frequency,,7
12052_Cottbus,1.7599601745605469,DSf,year,dry_spell_frequency,,7
12053_Frankfurt (Oder),2.0818099975585938,DSf,year,dry_spell_frequency,,7
12054_Potsdam,2.1025876998901367,DSf,year,dry_spell_frequency,,7
12060_Barnim,1.8966913223266602,DSf,year,dry_spell_frequency,,7
12061_Dahme-Spreewald,1.6419715881347656,DSf,year,dry_spell_frequency,,7
12062_Elbe-Elster,2.004460334777832,DSf,year,dry_spell_frequency,,7
12063_Havelland,2.6778440475463867,DSf,year,dry_spell_frequency,,7
12064_Märkisch-Oderland,1.9081182479858398,DSf,year,dry_spell_frequency,,7
12065_Oberhavel,2.143923759460449,DSf,year,dry_spell_frequency,,7
12066_Oberspreewald-Lausitz,1.7616214752197266,DSf,year,dry_spell_frequency,,7
12067_Oder-Spree,2.114781379699707,DSf,year,dry_spell_frequency,,7
12068_Ostprignitz-Ruppin,2.7223758697509766,DSf,year,dry_spell_frequency,,7
12069_Potsdam-Mittelmark,1.7457084655761719,DSf,year,dry_spell_frequency,,7
12070_Prignitz,2.8685874938964844,DSf,year,dry_spell_frequency,,7
12071_Spree-Neiße,1.6924505233764648,DSf,year,dry_spell_frequency,,7
12072_Teltow-Fläming,1.463332176208496,DSf,year,dry_spell_frequency,,7
12073_Uckermark,1.9585962295532227,DSf,year,dry_spell_frequency,,7
13003_Rostock,2.266634941101074,DSf,year,dry_spell_frequency,,7
13004_Schwerin,2.20892333984375,DSf,year,dry_spell_frequency,,7
13072_Rostock,2.3310651779174805,DSf,year,dry_spell_frequency,,7
13076_Ludwigslust-Parchim,2.1579132080078125,DSf,year,dry_spell_frequency,,7
13071_Mecklenburgische Seenplatte,2.707996368408203,DSf,year,dry_spell_frequency,,7
13073_Vorpommern-Rügen,2.299405097961426,DSf,year,dry_spell_frequency,,7
13074_Nordwestmecklenburg,2.3721561431884766,DSf,year,dry_spell_frequency,,7
13075_Vorpommern-Greifswald,2.2964820861816406,DSf,year,dry_spell_frequency,,7
14511_Chemnitz,1.6974353790283203,DSf,year,dry_spell_frequency,,7
14522_Mittelsachsen,1.4910011291503906,DSf,year,dry_spell_frequency,,7
14523_Vogtlandkreis,1.8877058029174805,DSf,year,dry_spell_frequency,,7
14521_Erzgebirgskreis,2.230738639831543,DSf,year,dry_spell_frequency,,7
14524_Zwickau,1.578038215637207,DSf,year,dry_spell_frequency,,7
14612_Dresden,1.4174184799194336,DSf,year,dry_spell_frequency,,7
14626_Görlitz,1.3397998809814453,DSf,year,dry_spell_frequency,,7
14625_Bautzen,1.5329408645629883,DSf,year,dry_spell_frequency,,7
14627_Meißen,1.6146259307861328,DSf,year,dry_spell_frequency,,7
14628_Sächsische Schweiz-Osterzgebirge,1.5132999420166016,DSf,year,dry_spell_frequency,,7
14713_Leipzig,1.9078216552734375,DSf,year,dry_spell_frequency,,7
14729_Leipzig,1.8060483932495117,DSf,year,dry_spell_frequency,,7
14730_Nordsachsen,1.553497314453125,DSf,year,dry_spell_frequency,,7
15001_Dessau-Roßlau,1.7996110916137695,DSf,year,dry_spell_frequency,,7
15082_Anhalt-Bitterfeld,1.4480066299438477,DSf,year,dry_spell_frequency,,7
15091_Wittenberg,1.6031551361083984,DSf,year,dry_spell_frequency,,7
15002_Halle (Saale),1.4173011779785156,DSf,year,dry_spell_frequency,,7
15084_Burgenlandkreis,1.9221992492675781,DSf,year,dry_spell_frequency,,7
15088_Saalekreis,1.3940296173095703,DSf,year,dry_spell_frequency,,7
15087_Mansfeld-Südharz,2.205702781677246,DSf,year,dry_spell_frequency,,7
15003_Magdeburg,2.0658321380615234,DSf,year,dry_spell_frequency,,7
15085_Harz,2.147688865661621,DSf,year,dry_spell_frequency,,7
15086_Jerichower Land,2.6102113723754883,DSf,year,dry_spell_frequency,,7
15083_Börde,2.284146308898926,DSf,year,dry_spell_frequency,,7
15090_Stendal,3.4250383377075195,DSf,year,dry_spell_frequency,,7
15089_Salzlandkreis,1.817596435546875,DSf,year,dry_spell_frequency,,7
15081_Altmarkkreis Salzwedel,3.1314945220947266,DSf,year,dry_spell_frequency,,7
16051_Erfurt,2.366130828857422,DSf,year,dry_spell_frequency,,7
16052_Gera,2.069324493408203,DSf,year,dry_spell_frequency,,7
16053_Jena,1.7691326141357422,DSf,year,dry_spell_frequency,,7
16054_Suhl,2.4566736221313477,DSf,year,dry_spell_frequency,,7
16055_Weimar,2.1241588592529297,DSf,year,dry_spell_frequency,,7
16056_Eisenach,2.373959541320801,DSf,year,dry_spell_frequency,,7
16061_Eichsfeld,2.68865966796875,DSf,year,dry_spell_frequency,,7
16062_Nordhausen,2.903066635131836,DSf,year,dry_spell_frequency,,7
16063_Wartburgkreis,2.4677886962890625,DSf,year,dry_spell_frequency,,7
16064_Unstrut-Hainich-Kreis,2.795454978942871,DSf,year,dry_spell_frequency,,7
16065_Kyffhäuserkreis,2.2136707305908203,DSf,year,dry_spell_frequency,,7
16066_Schmalkalden-Meiningen,2.5254974365234375,DSf,year,dry_spell_frequency,,7
16067_Gotha,2.46878719329834,DSf,year,dry_spell_frequency,,7
16068_Sömmerda,2.100404739379883,DSf,year,dry_spell_frequency,,7
16069_Hildburghausen,2.8255929946899414,DSf,year,dry_spell_frequency,,7
16070_Ilm-Kreis,2.5351648330688477,DSf,year,dry_spell_frequency,,7
16071_Weimarer Land,2.289701461791992,DSf,year,dry_spell_frequency,,7
16072_Sonneberg,2.6456804275512695,DSf,year,dry_spell_frequency,,7
16073_Saalfeld-Rudolstadt,2.4603681564331055,DSf,year,dry_spell_frequency,,7
16074_Saale-Holzland-Kreis,1.9555177688598633,DSf,year,dry_spell_frequency,,7
16075_Saale-Orla-Kreis,2.5580711364746094,DSf,year,dry_spell_frequency,,7
16076_Greiz,1.85589599609375,DSf,year,dry_spell_frequency,,7
16077_Altenburger Land,1.8602619171142578,DSf,year,dry_spell_frequency,,7
01001_01059_Region_um_Flensburg,3.043041229248047,DSf,year,dry_spell_frequency,,7
01002_01057_01058_Region_um_Kiel,2.897700309753418,DSf,year,dry_spell_frequency,,7
01003_13074_01055_01053_01062_Region_um_Lübeck,2.469045639038086,DSf,year,dry_spell_frequency,,7
01004_01058_01060_01057_01002_Region_um_Neumünster,2.804965019226074,DSf,year,dry_spell_frequency,,7
03101_03157_03154_03151_03102_03158_03103_Region_um_Braunschweig,2.0284271240234375,DSf,year,dry_spell_frequency,,7
03102_03254_03157_03158_03153_03101_Region_um_Salzgitter,2.3071470260620117,DSf,year,dry_spell_frequency,,7
03103_03154_03151_Region_um_Wolfsburg,2.4195518493652344,DSf,year,dry_spell_frequency,,7
03401_03458_04011_03251_03461_Region_um_Delmenhorst,2.6497440338134766,DSf,year,dry_spell_frequency,,7
03402_03452_03457_Region_um_Emden,2.720560073852539,DSf,year,dry_spell_frequency,,7
03403_03458_03451_03461_Region_um_Oldenburg_(Oldenburg),2.6074790954589844,DSf,year,dry_spell_frequency,,7
03404_03459_05566_Region_um_Osnabrück,2.6534576416015625,DSf,year,dry_spell_frequency,,7
03405_03455_Region_um_Wilhelmshaven,2.632369041442871,DSf,year,dry_spell_frequency,,7
04011_03361_03251_03401_03461_03356_03352_04012_Region_um_Bremen,2.5693140029907227,DSf,year,dry_spell_frequency,,7
04012_03352_03461_Region_um_Bremerhaven,2.4270410537719727,DSf,year,dry_spell_frequency,,7
05111_05162_05158_05112_Region_um_Düsseldorf,2.8631534576416016,DSf,year,dry_spell_frequency,,7
05112_05114_05119_05117_05170_05158_05111_Region_um_Duisburg,3.0720672607421875,DSf,year,dry_spell_frequency,,7
05113_05119_05117_05513_05512_05158_05911_05954_05562_05513_05916_Region_um_Essen,3.1317663192749023,DSf,year,dry_spell_frequency,,7
05114_05112_05162_05166_05170_Region_um_Krefeld,3.0781612396240234,DSf,year,dry_spell_frequency,,7
05116_05370_05166_05162_Region_um_Mönchengladbach,2.9462156295776367,DSf,year,dry_spell_frequency,,7
05117_05112_05158_05119_05113_Region_um_Mülheim_an_der_Ruhr,2.972506523132324,DSf,year,dry_spell_frequency,,7
05119_05170_05512_05113_05117_05112_Region_um_Oberhausen,3.227815628051758,DSf,year,dry_spell_frequency,,7
05120_05124_05122_05378_05374_Region_um_Remscheid,3.175045967102051,DSf,year,dry_spell_frequency,,7
05122_05158_05124_05378_05120_Region_um_Solingen,3.10697078704834,DSf,year,dry_spell_frequency,,7
05124_05122_05120_05158_05954_05374_Region_um_Wuppertal,3.188504219055176,DSf,year,dry_spell_frequency,,7
05314_05382_Region_um_Bonn,3.327061653137207,DSf,year,dry_spell_frequency,,7
05316_05315_05378_05158_Region_um_Leverkusen,3.061984062194824,DSf,year,dry_spell_frequency,,7
05512_05119_05513_05113_05170_05562_Region_um_Bottrop,3.2890005111694336,DSf,year,dry_spell_frequency,,7
05513_05113_05916_05911_05562_05512_Region_um_Gelsenkirchen,3.2668914794921875,DSf,year,dry_spell_frequency,,7
05515_05566_05558_05570_Region_um_Münster,2.7404556274414062,DSf,year,dry_spell_frequency,,7
05711_05754_05758_05766_Region_um_Bielefeld,3.0827951431274414,DSf,year,dry_spell_frequency,,7
05911_05954_05913_05513_05113_05916_05562_Region_um_Bochum,3.149721145629883,DSf,year,dry_spell_frequency,,7
05913_05914_05911_05916_05978_05954_05562_Region_um_Dortmund,3.079071044921875,DSf,year,dry_spell_frequency,,7
05914_05954_05913_05978_05962_Region_um_Hagen,3.2636642456054688,DSf,year,dry_spell_frequency,,7
05915_05978_05974_05570_05558_Region_um_Hamm,2.8694286346435547,DSf,year,dry_spell_frequency,,7
05916_05513_05562_05911_Region_um_Herne,3.256641387939453,DSf,year,dry_spell_frequency,,7
06411_06432_06438_Region_um_Darmstadt,2.265605926513672,DSf,year,dry_spell_frequency,,7
06412_06413_06436_06434_06440_06435_06438_06433_Region_um_Frankfurt_am_Main,2.2260427474975586,DSf,year,dry_spell_frequency,,7
06413_06438_06435_06412_Region_um_Offenbach_am_Main,2.2150115966796875,DSf,year,dry_spell_frequency,,7
06414_07315_07339_06439_06436_06433_Region_um_Wiesbaden,2.594175338745117,DSf,year,dry_spell_frequency,,7
06436_06412_06414_06433_06439_06434_Region_um_Main-Taunus-Kreis,2.5150842666625977,DSf,year,dry_spell_frequency,,7
06438_06432_06411_06433_06413_06435_06412_09671_Region_um_Offenbach,2.2142810821533203,DSf,year,dry_spell_frequency,,7
06611_06633_03159_Region_um_Kassel,2.458974838256836,DSf,year,dry_spell_frequency,,7
07111_07137_07141_07143_Region_um_Koblenz,2.833950996398926,DSf,year,dry_spell_frequency,,7
07211_07235_Region_um_Trier,2.8037033081054688,DSf,year,dry_spell_frequency,,7
07311_07318_07314_07338_08222_Region_um_Frankenthal_(Pfalz),2.6341552734375,DSf,year,dry_spell_frequency,,7
07312_07335_07332_Region_um_Kaiserslautern,3.074885368347168,DSf,year,dry_spell_frequency,,7
07313_07337_Region_um_Landau_in_der_Pfalz,2.732837677001953,DSf,year,dry_spell_frequency,,7
07314_07311_07338_08222_Region_um_Ludwigshafen_am_Rhein,2.6257762908935547,DSf,year,dry_spell_frequency,,7
07315_07339_06414_06433_Region_um_Mainz,2.4744529724121094,DSf,year,dry_spell_frequency,,7
07316_07337_07332_07313_Region_um_Neustadt_an_der_Weinstraße,2.7638044357299805,DSf,year,dry_spell_frequency,,7
07317_07340_Region_um_Pirmasens,3.4181432723999023,DSf,year,dry_spell_frequency,,7
07318_07311_07314_07338_08215_08226_08212_Region_um_Speyer,2.57790470123291,DSf,year,dry_spell_frequency,,7
07319_07331_07332_06431_07338_07311_07318_07314_Region_um_Worms,2.5933475494384766,DSf,year,dry_spell_frequency,,7
07320_07340_10045_07317_Region_um_Zweibrücken,3.40920352935791,DSf,year,dry_spell_frequency,,7
07338_07311_07318_07314_08222_08226_08215_07334_07337_07313_07316_07332_07319_08221_08212_Region_um_Rhein-Pfalz-Kreis,2.49874210357666,DSf,year,dry_spell_frequency,,7
08111_08115_08116_08118_08119_Region_um_Stuttgart,2.759617805480957,DSf,year,dry_spell_frequency,,7
08121_08125_Region_um_Heilbronn,3.0427494049072266,DSf,year,dry_spell_frequency,,7
08211_08216_Region_um_Baden-Baden,3.4324731826782227,DSf,year,dry_spell_frequency,,7
08212_08215_07334_Region_um_Karlsruhe,2.752094268798828,DSf,year,dry_spell_frequency,,7
08221_08226_08222_Region_um_Heidelberg,2.611018180847168,DSf,year,dry_spell_frequency,,7
08222_08221_08226_06431_07338_07311_07318_07314_Region_um_Mannheim,2.4261550903320312,DSf,year,dry_spell_frequency,,7
08231_08236_08235_Region_um_Pforzheim,3.070126533508301,DSf,year,dry_spell_frequency,,7
08311_08316_08315_Region_um_Freiburg_im_Breisgau,3.0001726150512695,DSf,year,dry_spell_frequency,,7
08421_08425_09775_Region_um_Ulm,2.509453773498535,DSf,year,dry_spell_frequency,,7
09161_09176_09185_09186_Region_um_Ingolstadt,2.176083564758301,DSf,year,dry_spell_frequency,,7
09162_09184_09179_09174_Region_um_München,2.0825061798095703,DSf,year,dry_spell_frequency,,7
09163_09187_Region_um_Rosenheim,2.202728271484375,DSf,year,dry_spell_frequency,,7
09261_09274_Region_um_Landshut,1.7857303619384766,DSf,year,dry_spell_frequency,,7
09262_09275_Region_um_Passau,2.0668907165527344,DSf,year,dry_spell_frequency,,7
09263_09278_Region_um_Straubing,2.2381505966186523,DSf,year,dry_spell_frequency,,7
09361_09371_Region_um_Amberg,2.0528011322021484,DSf,year,dry_spell_frequency,,7
09362_09375_Region_um_Regensburg,1.8220300674438477,DSf,year,dry_spell_frequency,,7
09363_09374_Region_um_Weiden_in_der_Oberpfalz,2.318723678588867,DSf,year,dry_spell_frequency,,7
09461_09471_Region_um_Bamberg,2.163816452026367,DSf,year,dry_spell_frequency,,7
09462_09472_Region_um_Bayreuth,2.8561744689941406,DSf,year,dry_spell_frequency,,7
09463_09473_Region_um_Coburg,2.516307830810547,DSf,year,dry_spell_frequency,,7
09464_09475_Region_um_Hof,2.541874885559082,DSf,year,dry_spell_frequency,,7
09561_09571_Region_um_Ansbach,2.7103347778320312,DSf,year,dry_spell_frequency,,7
09562_09572_09564_09563_Region_um_Erlangen,2.0041351318359375,DSf,year,dry_spell_frequency,,7
09563_09573_09562_09564_Region_um_Fürth,1.9269514083862305,DSf,year,dry_spell_frequency,,7
09564_09563_09574_09565_09573_09572_09576_09562_Region_um_Nürnberg,2.234895706176758,DSf,year,dry_spell_frequency,,7
09565_09576_09564_Region_um_Schwabach,2.423367500305176,DSf,year,dry_spell_frequency,,7
09573_09572_09562_09563_09574_09565_09576_09561_09571_09575_09564_Region_um_Fürth,2.3140602111816406,DSf,year,dry_spell_frequency,,7
09661_09671_09676_Region_um_Aschaffenburg,2.255575180053711,DSf,year,dry_spell_frequency,,7
09662_09678_Region_um_Schweinfurt,1.9179058074951172,DSf,year,dry_spell_frequency,,7
09663_09679_Region_um_Würzburg,2.080693244934082,DSf,year,dry_spell_frequency,,7
09761_09772_09771_Region_um_Augsburg,2.189281463623047,DSf,year,dry_spell_frequency,,7
09762_09777_Region_um_Kaufbeuren,2.3661651611328125,DSf,year,dry_spell_frequency,,7
09763_09780_Region_um_Kempten_(Allgäu),2.310527801513672,DSf,year,dry_spell_frequency,,7
09764_09778_08436_Region_um_Memmingen,2.44827938079834,DSf,year,dry_spell_frequency,,7
09776_08435_08436_09780_09763_Region_um_Lindau_(Bodensee),2.298041343688965,DSf,year,dry_spell_frequency,,7
10043_10044_10045_10041_10046_07336_Region_um_Neunkirchen,3.0330047607421875,DSf,year,dry_spell_frequency,,7
12051_12063_12069_Region_um_Brandenburg_an_der_Havel,2.118983268737793,DSf,year,dry_spell_frequency,,7
12052_12071_Region_um_Cottbus,1.6954021453857422,DSf,year,dry_spell_frequency,,7
12053_12067_12064_Region_um_Frankfurt_(Oder),1.7513818740844727,DSf,year,dry_spell_frequency,,7
12054_12063_12069_11000_12051_Region_um_Potsdam,2.0804147720336914,DSf,year,dry_spell_frequency,,7
13003_13072_Region_um_Rostock,2.3278942108154297,DSf,year,dry_spell_frequency,,7
13004_13076_13074_Region_um_Schwerin,2.2194747924804688,DSf,year,dry_spell_frequency,,7
14511_14524_14521_14522_Region_um_Chemnitz,1.6718854904174805,DSf,year,dry_spell_frequency,,7
14612_14627_14625_14628_Region_um_Dresden,1.504857063293457,DSf,year,dry_spell_frequency,,7
14713_14729_14730_Region_um_Leipzig,1.5446863174438477,DSf,year,dry_spell_frequency,,7
15001_15091_15082_Region_um_Dessau-Rolau,1.5142240524291992,DSf,year,dry_spell_frequency,,7
15002_15088_Region_um_Halle_(Saale),1.3961105346679688,DSf,year,dry_spell_frequency,,7
15003_15083_15089_15086_Region_um_Magdeburg,2.1339893341064453,DSf,year,dry_spell_frequency,,7
16051_16067_16068_16070_16071_16055_Region_um_Erfurt,2.3484058380126953,DSf,year,dry_spell_frequency,,7
16052_16076_15084_16074_Region_um_Gera,1.8895149230957031,DSf,year,dry_spell_frequency,,7
16053_16074_16071_16055_Region_um_Jena,2.026277542114258,DSf,year,dry_spell_frequency,,7
16054_16066_16069_16070_Region_um_Suhl,2.502727508544922,DSf,year,dry_spell_frequency,,7
16055_16071_Region_um_Weimar,2.2726802825927734,DSf,year,dry_spell_frequency,,7
16056_16063_06636_Region_um_Eisenach,2.4496335983276367,DSf,year,dry_spell_frequency,,7
