region,ci_name,ci_frequency,standard_name,units,mid_month,DSf_year_1.5C_rcp85_ensemble-robustness
01001_Flensburg,DSf,year,dry_spell_frequency,,7,
01002_Kiel,DSf,year,dry_spell_frequency,,7,
01003_Lübeck,DSf,year,dry_spell_frequency,,7,
01004_Neumünster,DSf,year,dry_spell_frequency,,7,
01051_Dithmarschen,DSf,year,dry_spell_frequency,,7,
01053_Herzogtum Lauenburg,DSf,year,dry_spell_frequency,,7,
01054_Nordfriesland,DSf,year,dry_spell_frequency,,7,
01055_Ostholstein,DSf,year,dry_spell_frequency,,7,
01057_Plön,DSf,year,dry_spell_frequency,,7,
01058_Rendsburg-Eckernförde,DSf,year,dry_spell_frequency,,7,
01059_Schleswig-Flensburg,DSf,year,dry_spell_frequency,,7,
01060_Segeberg,DSf,year,dry_spell_frequency,,7,
01061_Steinburg,DSf,year,dry_spell_frequency,,7,
01062_Stormarn,DSf,year,dry_spell_frequency,,7,
02000_Hamburg,DSf,year,dry_spell_frequency,,7,
03101_Braunschweig,DSf,year,dry_spell_frequency,,7,
03102_Salzgitter,DSf,year,dry_spell_frequency,,7,
03103_Wolfsburg,DSf,year,dry_spell_frequency,,7,
03151_Gifhorn,DSf,year,dry_spell_frequency,,7,
03159_Göttingen,DSf,year,dry_spell_frequency,,7,
03153_Goslar,DSf,year,dry_spell_frequency,,7,
03154_Helmstedt,DSf,year,dry_spell_frequency,,7,
03155_Northeim,DSf,year,dry_spell_frequency,,7,
03157_Peine,DSf,year,dry_spell_frequency,,7,
03158_Wolfenbüttel,DSf,year,dry_spell_frequency,,7,
03241_Region Hannover,DSf,year,dry_spell_frequency,,7,
03251_Diepholz,DSf,year,dry_spell_frequency,,7,
03252_Hameln-Pyrmont,DSf,year,dry_spell_frequency,,7,
03254_Hildesheim,DSf,year,dry_spell_frequency,,7,
03255_Holzminden,DSf,year,dry_spell_frequency,,7,
01056_Pinneberg,DSf,year,dry_spell_frequency,,7,
03256_Nienburg (Weser),DSf,year,dry_spell_frequency,,7,
03257_Schaumburg,DSf,year,dry_spell_frequency,,7,
03351_Celle,DSf,year,dry_spell_frequency,,7,
03352_Cuxhaven,DSf,year,dry_spell_frequency,,7,
03353_Harburg,DSf,year,dry_spell_frequency,,7,
03354_Lüchow-Dannenberg,DSf,year,dry_spell_frequency,,7,
03355_Lüneburg,DSf,year,dry_spell_frequency,,7,
03356_Osterholz,DSf,year,dry_spell_frequency,,7,
03357_Rotenburg (Wümme),DSf,year,dry_spell_frequency,,7,
03358_Heidekreis,DSf,year,dry_spell_frequency,,7,
03359_Stade,DSf,year,dry_spell_frequency,,7,
03360_Uelzen,DSf,year,dry_spell_frequency,,7,
03361_Verden,DSf,year,dry_spell_frequency,,7,
03401_Delmenhorst,DSf,year,dry_spell_frequency,,7,
03402_Emden,DSf,year,dry_spell_frequency,,7,
03403_Oldenburg (Oldb),DSf,year,dry_spell_frequency,,7,
03404_Osnabrück,DSf,year,dry_spell_frequency,,7,
03405_Wilhelmshaven,DSf,year,dry_spell_frequency,,7,
03451_Ammerland,DSf,year,dry_spell_frequency,,7,
03452_Aurich,DSf,year,dry_spell_frequency,,7,
03453_Cloppenburg,DSf,year,dry_spell_frequency,,7,
03454_Emsland,DSf,year,dry_spell_frequency,,7,
03455_Friesland,DSf,year,dry_spell_frequency,,7,
03456_Grafschaft Bentheim,DSf,year,dry_spell_frequency,,7,
03457_Leer,DSf,year,dry_spell_frequency,,7,
03458_Oldenburg,DSf,year,dry_spell_frequency,,7,
03459_Osnabrück,DSf,year,dry_spell_frequency,,7,
03460_Vechta,DSf,year,dry_spell_frequency,,7,
03461_Wesermarsch,DSf,year,dry_spell_frequency,,7,
03462_Wittmund,DSf,year,dry_spell_frequency,,7,
04011_Bremen,DSf,year,dry_spell_frequency,,7,
04012_Bremerhaven,DSf,year,dry_spell_frequency,,7,
05111_Düsseldorf,DSf,year,dry_spell_frequency,,7,1.0
05112_Duisburg,DSf,year,dry_spell_frequency,,7,1.0
05113_Essen,DSf,year,dry_spell_frequency,,7,1.0
05114_Krefeld,DSf,year,dry_spell_frequency,,7,1.0
05116_Mönchengladbach,DSf,year,dry_spell_frequency,,7,1.0
05117_Mülheim an der Ruhr,DSf,year,dry_spell_frequency,,7,1.0
05119_Oberhausen,DSf,year,dry_spell_frequency,,7,1.0
05120_Remscheid,DSf,year,dry_spell_frequency,,7,
05122_Solingen,DSf,year,dry_spell_frequency,,7,
05124_Wuppertal,DSf,year,dry_spell_frequency,,7,1.0
05154_Kleve,DSf,year,dry_spell_frequency,,7,1.0
05158_Mettmann,DSf,year,dry_spell_frequency,,7,1.0
05162_Rhein-Kreis Neuss,DSf,year,dry_spell_frequency,,7,1.0
05166_Viersen,DSf,year,dry_spell_frequency,,7,1.0
05170_Wesel,DSf,year,dry_spell_frequency,,7,1.0
05314_Bonn,DSf,year,dry_spell_frequency,,7,
05315_Köln,DSf,year,dry_spell_frequency,,7,1.0
05316_Leverkusen,DSf,year,dry_spell_frequency,,7,1.0
05334_Städteregion Aachen,DSf,year,dry_spell_frequency,,7,1.0
05358_Düren,DSf,year,dry_spell_frequency,,7,
05362_Rhein-Erft-Kreis,DSf,year,dry_spell_frequency,,7,1.0
05366_Euskirchen,DSf,year,dry_spell_frequency,,7,1.0
05370_Heinsberg,DSf,year,dry_spell_frequency,,7,1.0
05374_Oberbergischer Kreis,DSf,year,dry_spell_frequency,,7,1.0
05378_Rheinisch-Bergischer Kreis,DSf,year,dry_spell_frequency,,7,1.0
05382_Rhein-Sieg-Kreis,DSf,year,dry_spell_frequency,,7,1.0
05512_Bottrop,DSf,year,dry_spell_frequency,,7,1.0
05513_Gelsenkirchen,DSf,year,dry_spell_frequency,,7,1.0
05515_Münster,DSf,year,dry_spell_frequency,,7,1.0
05554_Borken,DSf,year,dry_spell_frequency,,7,1.0
05558_Coesfeld,DSf,year,dry_spell_frequency,,7,1.0
05562_Recklinghausen,DSf,year,dry_spell_frequency,,7,1.0
05566_Steinfurt,DSf,year,dry_spell_frequency,,7,
05570_Warendorf,DSf,year,dry_spell_frequency,,7,1.0
05711_Bielefeld,DSf,year,dry_spell_frequency,,7,
05754_Gütersloh,DSf,year,dry_spell_frequency,,7,
05758_Herford,DSf,year,dry_spell_frequency,,7,
05762_Höxter,DSf,year,dry_spell_frequency,,7,
05766_Lippe,DSf,year,dry_spell_frequency,,7,
05770_Minden-Lübbecke,DSf,year,dry_spell_frequency,,7,
05774_Paderborn,DSf,year,dry_spell_frequency,,7,
05911_Bochum,DSf,year,dry_spell_frequency,,7,1.0
05913_Dortmund,DSf,year,dry_spell_frequency,,7,1.0
05914_Hagen,DSf,year,dry_spell_frequency,,7,1.0
05915_Hamm,DSf,year,dry_spell_frequency,,7,
05916_Herne,DSf,year,dry_spell_frequency,,7,1.0
05954_Ennepe-Ruhr-Kreis,DSf,year,dry_spell_frequency,,7,1.0
05958_Hochsauerlandkreis,DSf,year,dry_spell_frequency,,7,
05962_Märkischer Kreis,DSf,year,dry_spell_frequency,,7,1.0
05966_Olpe,DSf,year,dry_spell_frequency,,7,1.0
05970_Siegen-Wittgenstein,DSf,year,dry_spell_frequency,,7,1.0
05974_Soest,DSf,year,dry_spell_frequency,,7,
05978_Unna,DSf,year,dry_spell_frequency,,7,
06411_Darmstadt,DSf,year,dry_spell_frequency,,7,1.0
06412_Frankfurt am Main,DSf,year,dry_spell_frequency,,7,1.0
06413_Offenbach am Main,DSf,year,dry_spell_frequency,,7,
06414_Wiesbaden,DSf,year,dry_spell_frequency,,7,1.0
06431_Bergstraße,DSf,year,dry_spell_frequency,,7,
06432_Darmstadt-Dieburg,DSf,year,dry_spell_frequency,,7,
06433_Groß-Gerau,DSf,year,dry_spell_frequency,,7,
06434_Hochtaunuskreis,DSf,year,dry_spell_frequency,,7,
06435_Main-Kinzig-Kreis,DSf,year,dry_spell_frequency,,7,1.0
06436_Main-Taunus-Kreis,DSf,year,dry_spell_frequency,,7,
06437_Odenwaldkreis,DSf,year,dry_spell_frequency,,7,
06438_Offenbach,DSf,year,dry_spell_frequency,,7,
06439_Rheingau-Taunus-Kreis,DSf,year,dry_spell_frequency,,7,
06440_Wetteraukreis,DSf,year,dry_spell_frequency,,7,
06531_Gießen,DSf,year,dry_spell_frequency,,7,
06532_Lahn-Dill-Kreis,DSf,year,dry_spell_frequency,,7,1.0
06533_Limburg-Weilburg,DSf,year,dry_spell_frequency,,7,
06534_Marburg-Biedenkopf,DSf,year,dry_spell_frequency,,7,
06535_Vogelsbergkreis,DSf,year,dry_spell_frequency,,7,1.0
06611_Kassel,DSf,year,dry_spell_frequency,,7,
06631_Fulda,DSf,year,dry_spell_frequency,,7,1.0
06632_Hersfeld-Rotenburg,DSf,year,dry_spell_frequency,,7,
06633_Kassel,DSf,year,dry_spell_frequency,,7,
06634_Schwalm-Eder-Kreis,DSf,year,dry_spell_frequency,,7,
06635_Waldeck-Frankenberg,DSf,year,dry_spell_frequency,,7,1.0
06636_Werra-Meißner-Kreis,DSf,year,dry_spell_frequency,,7,
07111_Koblenz,DSf,year,dry_spell_frequency,,7,1.0
07131_Ahrweiler,DSf,year,dry_spell_frequency,,7,
07132_Altenkirchen (Westerwald),DSf,year,dry_spell_frequency,,7,1.0
07133_Bad Kreuznach,DSf,year,dry_spell_frequency,,7,
07134_Birkenfeld,DSf,year,dry_spell_frequency,,7,1.0
07135_Cochem-Zell,DSf,year,dry_spell_frequency,,7,1.0
07137_Mayen-Koblenz,DSf,year,dry_spell_frequency,,7,1.0
07138_Neuwied,DSf,year,dry_spell_frequency,,7,
07140_Rhein-Hunsrück-Kreis,DSf,year,dry_spell_frequency,,7,1.0
07141_Rhein-Lahn-Kreis,DSf,year,dry_spell_frequency,,7,
07143_Westerwaldkreis,DSf,year,dry_spell_frequency,,7,1.0
07211_Trier,DSf,year,dry_spell_frequency,,7,1.0
07231_Bernkastel-Wittlich,DSf,year,dry_spell_frequency,,7,1.0
07232_Eifelkreis Bitburg-Prüm,DSf,year,dry_spell_frequency,,7,1.0
07233_Vulkaneifel,DSf,year,dry_spell_frequency,,7,1.0
07235_Trier-Saarburg,DSf,year,dry_spell_frequency,,7,1.0
07311_Frankenthal (Pfalz),DSf,year,dry_spell_frequency,,7,
07312_Kaiserslautern,DSf,year,dry_spell_frequency,,7,1.0
07313_Landau in der Pfalz,DSf,year,dry_spell_frequency,,7,
07314_Ludwigshafen am Rhein,DSf,year,dry_spell_frequency,,7,
07315_Mainz,DSf,year,dry_spell_frequency,,7,1.0
07316_Neustadt an der Weinstraße,DSf,year,dry_spell_frequency,,7,
07317_Pirmasens,DSf,year,dry_spell_frequency,,7,1.0
07318_Speyer,DSf,year,dry_spell_frequency,,7,
07319_Worms,DSf,year,dry_spell_frequency,,7,
07320_Zweibrücken,DSf,year,dry_spell_frequency,,7,1.0
07331_Alzey-Worms,DSf,year,dry_spell_frequency,,7,
07332_Bad Dürkheim,DSf,year,dry_spell_frequency,,7,
07333_Donnersbergkreis,DSf,year,dry_spell_frequency,,7,
07334_Germersheim,DSf,year,dry_spell_frequency,,7,
07335_Kaiserslautern,DSf,year,dry_spell_frequency,,7,1.0
07336_Kusel,DSf,year,dry_spell_frequency,,7,
07337_Südliche Weinstraße,DSf,year,dry_spell_frequency,,7,
07338_Rhein-Pfalz-Kreis,DSf,year,dry_spell_frequency,,7,
07339_Mainz-Bingen,DSf,year,dry_spell_frequency,,7,
07340_Südwestpfalz,DSf,year,dry_spell_frequency,,7,1.0
08111_Stuttgart,DSf,year,dry_spell_frequency,,7,
08115_Böblingen,DSf,year,dry_spell_frequency,,7,
08116_Esslingen,DSf,year,dry_spell_frequency,,7,1.0
08117_Göppingen,DSf,year,dry_spell_frequency,,7,
08118_Ludwigsburg,DSf,year,dry_spell_frequency,,7,
08119_Rems-Murr-Kreis,DSf,year,dry_spell_frequency,,7,
08121_Heilbronn,DSf,year,dry_spell_frequency,,7,1.0
08125_Heilbronn,DSf,year,dry_spell_frequency,,7,1.0
08126_Hohenlohekreis,DSf,year,dry_spell_frequency,,7,1.0
08127_Schwäbisch Hall,DSf,year,dry_spell_frequency,,7,1.0
08128_Main-Tauber-Kreis,DSf,year,dry_spell_frequency,,7,
08135_Heidenheim,DSf,year,dry_spell_frequency,,7,
08136_Ostalbkreis,DSf,year,dry_spell_frequency,,7,1.0
08211_Baden-Baden,DSf,year,dry_spell_frequency,,7,1.0
08212_Karlsruhe,DSf,year,dry_spell_frequency,,7,
08215_Karlsruhe,DSf,year,dry_spell_frequency,,7,1.0
08216_Rastatt,DSf,year,dry_spell_frequency,,7,
08221_Heidelberg,DSf,year,dry_spell_frequency,,7,
08222_Mannheim,DSf,year,dry_spell_frequency,,7,
08225_Neckar-Odenwald-Kreis,DSf,year,dry_spell_frequency,,7,1.0
08226_Rhein-Neckar-Kreis,DSf,year,dry_spell_frequency,,7,1.0
08231_Pforzheim,DSf,year,dry_spell_frequency,,7,
08235_Calw,DSf,year,dry_spell_frequency,,7,
08236_Enzkreis,DSf,year,dry_spell_frequency,,7,
08237_Freudenstadt,DSf,year,dry_spell_frequency,,7,1.0
08311_Freiburg im Breisgau,DSf,year,dry_spell_frequency,,7,
08315_Breisgau-Hochschwarzwald,DSf,year,dry_spell_frequency,,7,1.0
08316_Emmendingen,DSf,year,dry_spell_frequency,,7,1.0
08317_Ortenaukreis,DSf,year,dry_spell_frequency,,7,1.0
08325_Rottweil,DSf,year,dry_spell_frequency,,7,1.0
08326_Schwarzwald-Baar-Kreis,DSf,year,dry_spell_frequency,,7,1.0
08327_Tuttlingen,DSf,year,dry_spell_frequency,,7,
08335_Konstanz,DSf,year,dry_spell_frequency,,7,
08336_Lörrach,DSf,year,dry_spell_frequency,,7,1.0
08337_Waldshut,DSf,year,dry_spell_frequency,,7,
08415_Reutlingen,DSf,year,dry_spell_frequency,,7,1.0
08416_Tübingen,DSf,year,dry_spell_frequency,,7,
08417_Zollernalbkreis,DSf,year,dry_spell_frequency,,7,
08421_Ulm,DSf,year,dry_spell_frequency,,7,
08425_Alb-Donau-Kreis,DSf,year,dry_spell_frequency,,7,
08426_Biberach,DSf,year,dry_spell_frequency,,7,
08435_Bodenseekreis,DSf,year,dry_spell_frequency,,7,
08436_Ravensburg,DSf,year,dry_spell_frequency,,7,
08437_Sigmaringen,DSf,year,dry_spell_frequency,,7,
09161_Ingolstadt,DSf,year,dry_spell_frequency,,7,1.0
09162_München,DSf,year,dry_spell_frequency,,7,
09163_Rosenheim,DSf,year,dry_spell_frequency,,7,
09171_Altötting,DSf,year,dry_spell_frequency,,7,
09172_Berchtesgadener Land,DSf,year,dry_spell_frequency,,7,
09173_Bad Tölz-Wolfratshausen,DSf,year,dry_spell_frequency,,7,
09174_Dachau,DSf,year,dry_spell_frequency,,7,
09175_Ebersberg,DSf,year,dry_spell_frequency,,7,
09176_Eichstätt,DSf,year,dry_spell_frequency,,7,1.0
09177_Erding,DSf,year,dry_spell_frequency,,7,
09178_Freising,DSf,year,dry_spell_frequency,,7,1.0
09179_Fürstenfeldbruck,DSf,year,dry_spell_frequency,,7,
09180_Garmisch-Partenkirchen,DSf,year,dry_spell_frequency,,7,
09181_Landsberg am Lech,DSf,year,dry_spell_frequency,,7,
09182_Miesbach,DSf,year,dry_spell_frequency,,7,
09183_Mühldorf a. Inn,DSf,year,dry_spell_frequency,,7,
09184_München,DSf,year,dry_spell_frequency,,7,
09185_Neuburg-Schrobenhausen,DSf,year,dry_spell_frequency,,7,
09186_Pfaffenhofen a.d. Ilm,DSf,year,dry_spell_frequency,,7,1.0
09187_Rosenheim,DSf,year,dry_spell_frequency,,7,
09188_Starnberg,DSf,year,dry_spell_frequency,,7,
09189_Traunstein,DSf,year,dry_spell_frequency,,7,
09190_Weilheim-Schongau,DSf,year,dry_spell_frequency,,7,
09261_Landshut,DSf,year,dry_spell_frequency,,7,
09262_Passau,DSf,year,dry_spell_frequency,,7,
09263_Straubing,DSf,year,dry_spell_frequency,,7,
09271_Deggendorf,DSf,year,dry_spell_frequency,,7,
09272_Freyung-Grafenau,DSf,year,dry_spell_frequency,,7,
09273_Kelheim,DSf,year,dry_spell_frequency,,7,
09274_Landshut,DSf,year,dry_spell_frequency,,7,
09275_Passau,DSf,year,dry_spell_frequency,,7,
09276_Regen,DSf,year,dry_spell_frequency,,7,
09277_Rottal-Inn,DSf,year,dry_spell_frequency,,7,
09278_Straubing-Bogen,DSf,year,dry_spell_frequency,,7,
09279_Dingolfing-Landau,DSf,year,dry_spell_frequency,,7,
09361_Amberg,DSf,year,dry_spell_frequency,,7,1.0
09362_Regensburg,DSf,year,dry_spell_frequency,,7,
09363_Weiden i.d. OPf.,DSf,year,dry_spell_frequency,,7,
09371_Amberg-Sulzbach,DSf,year,dry_spell_frequency,,7,
09372_Cham,DSf,year,dry_spell_frequency,,7,
09373_Neumarkt i.d. OPf.,DSf,year,dry_spell_frequency,,7,
09374_Neustadt a.d. Waldnaab,DSf,year,dry_spell_frequency,,7,
09375_Regensburg,DSf,year,dry_spell_frequency,,7,
09376_Schwandorf,DSf,year,dry_spell_frequency,,7,
09377_Tirschenreuth,DSf,year,dry_spell_frequency,,7,
09461_Bamberg,DSf,year,dry_spell_frequency,,7,
09462_Bayreuth,DSf,year,dry_spell_frequency,,7,
09463_Coburg,DSf,year,dry_spell_frequency,,7,1.0
09464_Hof,DSf,year,dry_spell_frequency,,7,
09471_Bamberg,DSf,year,dry_spell_frequency,,7,
09472_Bayreuth,DSf,year,dry_spell_frequency,,7,
09473_Coburg,DSf,year,dry_spell_frequency,,7,
09474_Forchheim,DSf,year,dry_spell_frequency,,7,
09475_Hof,DSf,year,dry_spell_frequency,,7,
09476_Kronach,DSf,year,dry_spell_frequency,,7,
09477_Kulmbach,DSf,year,dry_spell_frequency,,7,
09478_Lichtenfels,DSf,year,dry_spell_frequency,,7,
09479_Wunsiedel i. Fichtelgebirge,DSf,year,dry_spell_frequency,,7,
09561_Ansbach,DSf,year,dry_spell_frequency,,7,
09562_Erlangen,DSf,year,dry_spell_frequency,,7,
09563_Fürth,DSf,year,dry_spell_frequency,,7,
09564_Nürnberg,DSf,year,dry_spell_frequency,,7,
09565_Schwabach,DSf,year,dry_spell_frequency,,7,
09571_Ansbach,DSf,year,dry_spell_frequency,,7,
09572_Erlangen-Höchstadt,DSf,year,dry_spell_frequency,,7,
09573_Fürth,DSf,year,dry_spell_frequency,,7,
09574_Nürnberger Land,DSf,year,dry_spell_frequency,,7,
09575_Neustadt a.d. Aisch-Bad Windsheim,DSf,year,dry_spell_frequency,,7,
09576_Roth,DSf,year,dry_spell_frequency,,7,
09577_Weißenburg-Gunzenhausen,DSf,year,dry_spell_frequency,,7,
09661_Aschaffenburg,DSf,year,dry_spell_frequency,,7,1.0
09662_Schweinfurt,DSf,year,dry_spell_frequency,,7,
09663_Würzburg,DSf,year,dry_spell_frequency,,7,
09671_Aschaffenburg,DSf,year,dry_spell_frequency,,7,1.0
09672_Bad Kissingen,DSf,year,dry_spell_frequency,,7,
09673_Rhön-Grabfeld,DSf,year,dry_spell_frequency,,7,
09674_Haßberge,DSf,year,dry_spell_frequency,,7,
09675_Kitzingen,DSf,year,dry_spell_frequency,,7,
09676_Miltenberg,DSf,year,dry_spell_frequency,,7,1.0
09677_Main-Spessart,DSf,year,dry_spell_frequency,,7,1.0
09678_Schweinfurt,DSf,year,dry_spell_frequency,,7,
09679_Würzburg,DSf,year,dry_spell_frequency,,7,
09761_Augsburg,DSf,year,dry_spell_frequency,,7,
09762_Kaufbeuren,DSf,year,dry_spell_frequency,,7,
09763_Kempten (Allgäu),DSf,year,dry_spell_frequency,,7,1.0
09764_Memmingen,DSf,year,dry_spell_frequency,,7,
09771_Aichach-Friedberg,DSf,year,dry_spell_frequency,,7,
09772_Augsburg,DSf,year,dry_spell_frequency,,7,
09773_Dillingen a.d. Donau,DSf,year,dry_spell_frequency,,7,
09774_Günzburg,DSf,year,dry_spell_frequency,,7,
09775_Neu-Ulm,DSf,year,dry_spell_frequency,,7,
09776_Lindau (Bodensee),DSf,year,dry_spell_frequency,,7,
09777_Ostallgäu,DSf,year,dry_spell_frequency,,7,
09778_Unterallgäu,DSf,year,dry_spell_frequency,,7,
09779_Donau-Ries,DSf,year,dry_spell_frequency,,7,
09780_Oberallgäu,DSf,year,dry_spell_frequency,,7,
10041_Regionalverband Saarbrücken,DSf,year,dry_spell_frequency,,7,1.0
10042_Merzig-Wadern,DSf,year,dry_spell_frequency,,7,1.0
10043_Neunkirchen,DSf,year,dry_spell_frequency,,7,1.0
10044_Saarlouis,DSf,year,dry_spell_frequency,,7,1.0
10045_Saarpfalz-Kreis,DSf,year,dry_spell_frequency,,7,1.0
10046_St. Wendel,DSf,year,dry_spell_frequency,,7,1.0
11000_Berlin,DSf,year,dry_spell_frequency,,7,
12051_Brandenburg an der Havel,DSf,year,dry_spell_frequency,,7,
12052_Cottbus,DSf,year,dry_spell_frequency,,7,
12053_Frankfurt (Oder),DSf,year,dry_spell_frequency,,7,
12054_Potsdam,DSf,year,dry_spell_frequency,,7,
12060_Barnim,DSf,year,dry_spell_frequency,,7,
12061_Dahme-Spreewald,DSf,year,dry_spell_frequency,,7,
12062_Elbe-Elster,DSf,year,dry_spell_frequency,,7,
12063_Havelland,DSf,year,dry_spell_frequency,,7,
12064_Märkisch-Oderland,DSf,year,dry_spell_frequency,,7,
12065_Oberhavel,DSf,year,dry_spell_frequency,,7,
12066_Oberspreewald-Lausitz,DSf,year,dry_spell_frequency,,7,-1.0
12067_Oder-Spree,DSf,year,dry_spell_frequency,,7,
12068_Ostprignitz-Ruppin,DSf,year,dry_spell_frequency,,7,
12069_Potsdam-Mittelmark,DSf,year,dry_spell_frequency,,7,
12070_Prignitz,DSf,year,dry_spell_frequency,,7,
12071_Spree-Neiße,DSf,year,dry_spell_frequency,,7,-1.0
12072_Teltow-Fläming,DSf,year,dry_spell_frequency,,7,
12073_Uckermark,DSf,year,dry_spell_frequency,,7,
13003_Rostock,DSf,year,dry_spell_frequency,,7,
13004_Schwerin,DSf,year,dry_spell_frequency,,7,
13072_Rostock,DSf,year,dry_spell_frequency,,7,
13076_Ludwigslust-Parchim,DSf,year,dry_spell_frequency,,7,
13071_Mecklenburgische Seenplatte,DSf,year,dry_spell_frequency,,7,
13073_Vorpommern-Rügen,DSf,year,dry_spell_frequency,,7,
13074_Nordwestmecklenburg,DSf,year,dry_spell_frequency,,7,
13075_Vorpommern-Greifswald,DSf,year,dry_spell_frequency,,7,
14511_Chemnitz,DSf,year,dry_spell_frequency,,7,
14522_Mittelsachsen,DSf,year,dry_spell_frequency,,7,
14523_Vogtlandkreis,DSf,year,dry_spell_frequency,,7,
14521_Erzgebirgskreis,DSf,year,dry_spell_frequency,,7,
14524_Zwickau,DSf,year,dry_spell_frequency,,7,
14612_Dresden,DSf,year,dry_spell_frequency,,7,
14626_Görlitz,DSf,year,dry_spell_frequency,,7,
14625_Bautzen,DSf,year,dry_spell_frequency,,7,
14627_Meißen,DSf,year,dry_spell_frequency,,7,
14628_Sächsische Schweiz-Osterzgebirge,DSf,year,dry_spell_frequency,,7,
14713_Leipzig,DSf,year,dry_spell_frequency,,7,
14729_Leipzig,DSf,year,dry_spell_frequency,,7,
14730_Nordsachsen,DSf,year,dry_spell_frequency,,7,
15001_Dessau-Roßlau,DSf,year,dry_spell_frequency,,7,
15082_Anhalt-Bitterfeld,DSf,year,dry_spell_frequency,,7,
15091_Wittenberg,DSf,year,dry_spell_frequency,,7,
15002_Halle (Saale),DSf,year,dry_spell_frequency,,7,
15084_Burgenlandkreis,DSf,year,dry_spell_frequency,,7,
15088_Saalekreis,DSf,year,dry_spell_frequency,,7,
15087_Mansfeld-Südharz,DSf,year,dry_spell_frequency,,7,
15003_Magdeburg,DSf,year,dry_spell_frequency,,7,
15085_Harz,DSf,year,dry_spell_frequency,,7,
15086_Jerichower Land,DSf,year,dry_spell_frequency,,7,
15083_Börde,DSf,year,dry_spell_frequency,,7,
15090_Stendal,DSf,year,dry_spell_frequency,,7,
15089_Salzlandkreis,DSf,year,dry_spell_frequency,,7,-1.0
15081_Altmarkkreis Salzwedel,DSf,year,dry_spell_frequency,,7,
16051_Erfurt,DSf,year,dry_spell_frequency,,7,
16052_Gera,DSf,year,dry_spell_frequency,,7,
16053_Jena,DSf,year,dry_spell_frequency,,7,
16054_Suhl,DSf,year,dry_spell_frequency,,7,1.0
16055_Weimar,DSf,year,dry_spell_frequency,,7,
16056_Eisenach,DSf,year,dry_spell_frequency,,7,
16061_Eichsfeld,DSf,year,dry_spell_frequency,,7,
16062_Nordhausen,DSf,year,dry_spell_frequency,,7,
16063_Wartburgkreis,DSf,year,dry_spell_frequency,,7,1.0
16064_Unstrut-Hainich-Kreis,DSf,year,dry_spell_frequency,,7,
16065_Kyffhäuserkreis,DSf,year,dry_spell_frequency,,7,
16066_Schmalkalden-Meiningen,DSf,year,dry_spell_frequency,,7,1.0
16067_Gotha,DSf,year,dry_spell_frequency,,7,
16068_Sömmerda,DSf,year,dry_spell_frequency,,7,
16069_Hildburghausen,DSf,year,dry_spell_frequency,,7,1.0
16070_Ilm-Kreis,DSf,year,dry_spell_frequency,,7,
16071_Weimarer Land,DSf,year,dry_spell_frequency,,7,
16072_Sonneberg,DSf,year,dry_spell_frequency,,7,1.0
16073_Saalfeld-Rudolstadt,DSf,year,dry_spell_frequency,,7,
16074_Saale-Holzland-Kreis,DSf,year,dry_spell_frequency,,7,
16075_Saale-Orla-Kreis,DSf,year,dry_spell_frequency,,7,
16076_Greiz,DSf,year,dry_spell_frequency,,7,
16077_Altenburger Land,DSf,year,dry_spell_frequency,,7,
01001_01059_Region_um_Flensburg,DSf,year,dry_spell_frequency,,7,
01002_01057_01058_Region_um_Kiel,DSf,year,dry_spell_frequency,,7,
01003_13074_01055_01053_01062_Region_um_Lübeck,DSf,year,dry_spell_frequency,,7,
01004_01058_01060_01057_01002_Region_um_Neumünster,DSf,year,dry_spell_frequency,,7,
03101_03157_03154_03151_03102_03158_03103_Region_um_Braunschweig,DSf,year,dry_spell_frequency,,7,
03102_03254_03157_03158_03153_03101_Region_um_Salzgitter,DSf,year,dry_spell_frequency,,7,
03103_03154_03151_Region_um_Wolfsburg,DSf,year,dry_spell_frequency,,7,
03401_03458_04011_03251_03461_Region_um_Delmenhorst,DSf,year,dry_spell_frequency,,7,
03402_03452_03457_Region_um_Emden,DSf,year,dry_spell_frequency,,7,
03403_03458_03451_03461_Region_um_Oldenburg_(Oldenburg),DSf,year,dry_spell_frequency,,7,
03404_03459_05566_Region_um_Osnabrück,DSf,year,dry_spell_frequency,,7,
03405_03455_Region_um_Wilhelmshaven,DSf,year,dry_spell_frequency,,7,
04011_03361_03251_03401_03461_03356_03352_04012_Region_um_Bremen,DSf,year,dry_spell_frequency,,7,
04012_03352_03461_Region_um_Bremerhaven,DSf,year,dry_spell_frequency,,7,
05111_05162_05158_05112_Region_um_Düsseldorf,DSf,year,dry_spell_frequency,,7,1.0
05112_05114_05119_05117_05170_05158_05111_Region_um_Duisburg,DSf,year,dry_spell_frequency,,7,1.0
05113_05119_05117_05513_05512_05158_05911_05954_05562_05513_05916_Region_um_Essen,DSf,year,dry_spell_frequency,,7,1.0
05114_05112_05162_05166_05170_Region_um_Krefeld,DSf,year,dry_spell_frequency,,7,1.0
05116_05370_05166_05162_Region_um_Mönchengladbach,DSf,year,dry_spell_frequency,,7,1.0
05117_05112_05158_05119_05113_Region_um_Mülheim_an_der_Ruhr,DSf,year,dry_spell_frequency,,7,1.0
05119_05170_05512_05113_05117_05112_Region_um_Oberhausen,DSf,year,dry_spell_frequency,,7,1.0
05120_05124_05122_05378_05374_Region_um_Remscheid,DSf,year,dry_spell_frequency,,7,1.0
05122_05158_05124_05378_05120_Region_um_Solingen,DSf,year,dry_spell_frequency,,7,1.0
05124_05122_05120_05158_05954_05374_Region_um_Wuppertal,DSf,year,dry_spell_frequency,,7,1.0
05314_05382_Region_um_Bonn,DSf,year,dry_spell_frequency,,7,1.0
05316_05315_05378_05158_Region_um_Leverkusen,DSf,year,dry_spell_frequency,,7,
05512_05119_05513_05113_05170_05562_Region_um_Bottrop,DSf,year,dry_spell_frequency,,7,1.0
05513_05113_05916_05911_05562_05512_Region_um_Gelsenkirchen,DSf,year,dry_spell_frequency,,7,1.0
05515_05566_05558_05570_Region_um_Münster,DSf,year,dry_spell_frequency,,7,1.0
05711_05754_05758_05766_Region_um_Bielefeld,DSf,year,dry_spell_frequency,,7,
05911_05954_05913_05513_05113_05916_05562_Region_um_Bochum,DSf,year,dry_spell_frequency,,7,1.0
05913_05914_05911_05916_05978_05954_05562_Region_um_Dortmund,DSf,year,dry_spell_frequency,,7,1.0
05914_05954_05913_05978_05962_Region_um_Hagen,DSf,year,dry_spell_frequency,,7,1.0
05915_05978_05974_05570_05558_Region_um_Hamm,DSf,year,dry_spell_frequency,,7,
05916_05513_05562_05911_Region_um_Herne,DSf,year,dry_spell_frequency,,7,1.0
06411_06432_06438_Region_um_Darmstadt,DSf,year,dry_spell_frequency,,7,1.0
06412_06413_06436_06434_06440_06435_06438_06433_Region_um_Frankfurt_am_Main,DSf,year,dry_spell_frequency,,7,
06413_06438_06435_06412_Region_um_Offenbach_am_Main,DSf,year,dry_spell_frequency,,7,1.0
06414_07315_07339_06439_06436_06433_Region_um_Wiesbaden,DSf,year,dry_spell_frequency,,7,
06436_06412_06414_06433_06439_06434_Region_um_Main-Taunus-Kreis,DSf,year,dry_spell_frequency,,7,
06438_06432_06411_06433_06413_06435_06412_09671_Region_um_Offenbach,DSf,year,dry_spell_frequency,,7,1.0
06611_06633_03159_Region_um_Kassel,DSf,year,dry_spell_frequency,,7,
07111_07137_07141_07143_Region_um_Koblenz,DSf,year,dry_spell_frequency,,7,1.0
07211_07235_Region_um_Trier,DSf,year,dry_spell_frequency,,7,1.0
07311_07318_07314_07338_08222_Region_um_Frankenthal_(Pfalz),DSf,year,dry_spell_frequency,,7,
07312_07335_07332_Region_um_Kaiserslautern,DSf,year,dry_spell_frequency,,7,1.0
07313_07337_Region_um_Landau_in_der_Pfalz,DSf,year,dry_spell_frequency,,7,
07314_07311_07338_08222_Region_um_Ludwigshafen_am_Rhein,DSf,year,dry_spell_frequency,,7,
07315_07339_06414_06433_Region_um_Mainz,DSf,year,dry_spell_frequency,,7,
07316_07337_07332_07313_Region_um_Neustadt_an_der_Weinstraße,DSf,year,dry_spell_frequency,,7,
07317_07340_Region_um_Pirmasens,DSf,year,dry_spell_frequency,,7,1.0
07318_07311_07314_07338_08215_08226_08212_Region_um_Speyer,DSf,year,dry_spell_frequency,,7,
07319_07331_07332_06431_07338_07311_07318_07314_Region_um_Worms,DSf,year,dry_spell_frequency,,7,
07320_07340_10045_07317_Region_um_Zweibrücken,DSf,year,dry_spell_frequency,,7,1.0
07338_07311_07318_07314_08222_08226_08215_07334_07337_07313_07316_07332_07319_08221_08212_Region_um_Rhein-Pfalz-Kreis,DSf,year,dry_spell_frequency,,7,
08111_08115_08116_08118_08119_Region_um_Stuttgart,DSf,year,dry_spell_frequency,,7,
08121_08125_Region_um_Heilbronn,DSf,year,dry_spell_frequency,,7,1.0
08211_08216_Region_um_Baden-Baden,DSf,year,dry_spell_frequency,,7,1.0
08212_08215_07334_Region_um_Karlsruhe,DSf,year,dry_spell_frequency,,7,
08221_08226_08222_Region_um_Heidelberg,DSf,year,dry_spell_frequency,,7,
08222_08221_08226_06431_07338_07311_07318_07314_Region_um_Mannheim,DSf,year,dry_spell_frequency,,7,
08231_08236_08235_Region_um_Pforzheim,DSf,year,dry_spell_frequency,,7,
08311_08316_08315_Region_um_Freiburg_im_Breisgau,DSf,year,dry_spell_frequency,,7,1.0
08421_08425_09775_Region_um_Ulm,DSf,year,dry_spell_frequency,,7,
09161_09176_09185_09186_Region_um_Ingolstadt,DSf,year,dry_spell_frequency,,7,1.0
09162_09184_09179_09174_Region_um_München,DSf,year,dry_spell_frequency,,7,
09163_09187_Region_um_Rosenheim,DSf,year,dry_spell_frequency,,7,
09261_09274_Region_um_Landshut,DSf,year,dry_spell_frequency,,7,
09262_09275_Region_um_Passau,DSf,year,dry_spell_frequency,,7,
09263_09278_Region_um_Straubing,DSf,year,dry_spell_frequency,,7,
09361_09371_Region_um_Amberg,DSf,year,dry_spell_frequency,,7,
09362_09375_Region_um_Regensburg,DSf,year,dry_spell_frequency,,7,
09363_09374_Region_um_Weiden_in_der_Oberpfalz,DSf,year,dry_spell_frequency,,7,
09461_09471_Region_um_Bamberg,DSf,year,dry_spell_frequency,,7,
09462_09472_Region_um_Bayreuth,DSf,year,dry_spell_frequency,,7,
09463_09473_Region_um_Coburg,DSf,year,dry_spell_frequency,,7,
09464_09475_Region_um_Hof,DSf,year,dry_spell_frequency,,7,
09561_09571_Region_um_Ansbach,DSf,year,dry_spell_frequency,,7,
09562_09572_09564_09563_Region_um_Erlangen,DSf,year,dry_spell_frequency,,7,
09563_09573_09562_09564_Region_um_Fürth,DSf,year,dry_spell_frequency,,7,
09564_09563_09574_09565_09573_09572_09576_09562_Region_um_Nürnberg,DSf,year,dry_spell_frequency,,7,
09565_09576_09564_Region_um_Schwabach,DSf,year,dry_spell_frequency,,7,
09573_09572_09562_09563_09574_09565_09576_09561_09571_09575_09564_Region_um_Fürth,DSf,year,dry_spell_frequency,,7,
09661_09671_09676_Region_um_Aschaffenburg,DSf,year,dry_spell_frequency,,7,1.0
09662_09678_Region_um_Schweinfurt,DSf,year,dry_spell_frequency,,7,
09663_09679_Region_um_Würzburg,DSf,year,dry_spell_frequency,,7,
09761_09772_09771_Region_um_Augsburg,DSf,year,dry_spell_frequency,,7,
09762_09777_Region_um_Kaufbeuren,DSf,year,dry_spell_frequency,,7,
09763_09780_Region_um_Kempten_(Allgäu),DSf,year,dry_spell_frequency,,7,
09764_09778_08436_Region_um_Memmingen,DSf,year,dry_spell_frequency,,7,1.0
09776_08435_08436_09780_09763_Region_um_Lindau_(Bodensee),DSf,year,dry_spell_frequency,,7,1.0
10043_10044_10045_10041_10046_07336_Region_um_Neunkirchen,DSf,year,dry_spell_frequency,,7,1.0
12051_12063_12069_Region_um_Brandenburg_an_der_Havel,DSf,year,dry_spell_frequency,,7,
12052_12071_Region_um_Cottbus,DSf,year,dry_spell_frequency,,7,-1.0
12053_12067_12064_Region_um_Frankfurt_(Oder),DSf,year,dry_spell_frequency,,7,
12054_12063_12069_11000_12051_Region_um_Potsdam,DSf,year,dry_spell_frequency,,7,
13003_13072_Region_um_Rostock,DSf,year,dry_spell_frequency,,7,
13004_13076_13074_Region_um_Schwerin,DSf,year,dry_spell_frequency,,7,
14511_14524_14521_14522_Region_um_Chemnitz,DSf,year,dry_spell_frequency,,7,
14612_14627_14625_14628_Region_um_Dresden,DSf,year,dry_spell_frequency,,7,
14713_14729_14730_Region_um_Leipzig,DSf,year,dry_spell_frequency,,7,
15001_15091_15082_Region_um_Dessau-Rolau,DSf,year,dry_spell_frequency,,7,
15002_15088_Region_um_Halle_(Saale),DSf,year,dry_spell_frequency,,7,
15003_15083_15089_15086_Region_um_Magdeburg,DSf,year,dry_spell_frequency,,7,
16051_16067_16068_16070_16071_16055_Region_um_Erfurt,DSf,year,dry_spell_frequency,,7,
16052_16076_15084_16074_Region_um_Gera,DSf,year,dry_spell_frequency,,7,
16053_16074_16071_16055_Region_um_Jena,DSf,year,dry_spell_frequency,,7,
16054_16066_16069_16070_Region_um_Suhl,DSf,year,dry_spell_frequency,,7,
16055_16071_Region_um_Weimar,DSf,year,dry_spell_frequency,,7,
16056_16063_06636_Region_um_Eisenach,DSf,year,dry_spell_frequency,,7,1.0
