region,DSf_year_1.5C_rcp85_time-mean_ensemble-diff-min,ci_name,ci_frequency,standard_name,units,mid_month
01001_Flensburg,-1.2615785598754883,DSf,year,dry_spell_frequency,,7
01002_Kiel,-1.5546941757202148,DSf,year,dry_spell_frequency,,7
01003_Lübeck,-1.5539216995239258,DSf,year,dry_spell_frequency,,7
01004_Neumünster,-1.4347753524780273,DSf,year,dry_spell_frequency,,7
01051_Dithmarschen,-1.081191062927246,DSf,year,dry_spell_frequency,,7
01053_Herzogtum Lauenburg,-1.6638517379760742,DSf,year,dry_spell_frequency,,7
01054_Nordfriesland,-1.3400168418884277,DSf,year,dry_spell_frequency,,7
01055_Ostholstein,-1.341700553894043,DSf,year,dry_spell_frequency,,7
01057_Plön,-1.3696022033691406,DSf,year,dry_spell_frequency,,7
01058_Rendsburg-Eckernförde,-1.2165603637695312,DSf,year,dry_spell_frequency,,7
01059_Schleswig-Flensburg,-1.0415277481079102,DSf,year,dry_spell_frequency,,7
01060_Segeberg,-1.1702237129211426,DSf,year,dry_spell_frequency,,7
01061_Steinburg,-1.3136510848999023,DSf,year,dry_spell_frequency,,7
01062_Stormarn,-1.3432698249816895,DSf,year,dry_spell_frequency,,7
02000_Hamburg,-1.0763182640075684,DSf,year,dry_spell_frequency,,7
03101_Braunschweig,-1.3594141006469727,DSf,year,dry_spell_frequency,,7
03102_Salzgitter,-1.2983331680297852,DSf,year,dry_spell_frequency,,7
03103_Wolfsburg,-1.2890725135803223,DSf,year,dry_spell_frequency,,7
03151_Gifhorn,-1.4939212799072266,DSf,year,dry_spell_frequency,,7
03159_Göttingen,-1.0257644653320312,DSf,year,dry_spell_frequency,,7
03153_Goslar,-0.8411130905151367,DSf,year,dry_spell_frequency,,7
03154_Helmstedt,-1.462498664855957,DSf,year,dry_spell_frequency,,7
03155_Northeim,-1.1388673782348633,DSf,year,dry_spell_frequency,,7
03157_Peine,-1.7154293060302734,DSf,year,dry_spell_frequency,,7
03158_Wolfenbüttel,-1.3722763061523438,DSf,year,dry_spell_frequency,,7
03241_Region Hannover,-1.3748102188110352,DSf,year,dry_spell_frequency,,7
03251_Diepholz,-1.3606867790222168,DSf,year,dry_spell_frequency,,7
03252_Hameln-Pyrmont,-1.3628005981445312,DSf,year,dry_spell_frequency,,7
03254_Hildesheim,-1.2568483352661133,DSf,year,dry_spell_frequency,,7
03255_Holzminden,-1.2403955459594727,DSf,year,dry_spell_frequency,,7
01056_Pinneberg,-1.060297966003418,DSf,year,dry_spell_frequency,,7
03256_Nienburg (Weser),-1.4372916221618652,DSf,year,dry_spell_frequency,,7
03257_Schaumburg,-1.363274097442627,DSf,year,dry_spell_frequency,,7
03351_Celle,-1.4982194900512695,DSf,year,dry_spell_frequency,,7
03352_Cuxhaven,-1.1375226974487305,DSf,year,dry_spell_frequency,,7
03353_Harburg,-1.496401309967041,DSf,year,dry_spell_frequency,,7
03354_Lüchow-Dannenberg,-1.5824565887451172,DSf,year,dry_spell_frequency,,7
03355_Lüneburg,-1.4046506881713867,DSf,year,dry_spell_frequency,,7
03356_Osterholz,-1.1937217712402344,DSf,year,dry_spell_frequency,,7
03357_Rotenburg (Wümme),-1.3977394104003906,DSf,year,dry_spell_frequency,,7
03358_Heidekreis,-1.4725446701049805,DSf,year,dry_spell_frequency,,7
03359_Stade,-1.123748779296875,DSf,year,dry_spell_frequency,,7
03360_Uelzen,-1.3240137100219727,DSf,year,dry_spell_frequency,,7
03361_Verden,-1.4009017944335938,DSf,year,dry_spell_frequency,,7
03401_Delmenhorst,-1.0708856582641602,DSf,year,dry_spell_frequency,,7
03402_Emden,-1.2703571319580078,DSf,year,dry_spell_frequency,,7
03403_Oldenburg (Oldb),-1.206254005432129,DSf,year,dry_spell_frequency,,7
03404_Osnabrück,-1.5501232147216797,DSf,year,dry_spell_frequency,,7
03405_Wilhelmshaven,-1.429955005645752,DSf,year,dry_spell_frequency,,7
03451_Ammerland,-1.147554874420166,DSf,year,dry_spell_frequency,,7
03452_Aurich,-1.5435123443603516,DSf,year,dry_spell_frequency,,7
03453_Cloppenburg,-1.333390712738037,DSf,year,dry_spell_frequency,,7
03454_Emsland,-1.2954092025756836,DSf,year,dry_spell_frequency,,7
03455_Friesland,-1.301706314086914,DSf,year,dry_spell_frequency,,7
03456_Grafschaft Bentheim,-1.3266596794128418,DSf,year,dry_spell_frequency,,7
03457_Leer,-1.214529037475586,DSf,year,dry_spell_frequency,,7
03458_Oldenburg,-1.1768364906311035,DSf,year,dry_spell_frequency,,7
03459_Osnabrück,-1.400186538696289,DSf,year,dry_spell_frequency,,7
03460_Vechta,-1.4777264595031738,DSf,year,dry_spell_frequency,,7
03461_Wesermarsch,-1.1920862197875977,DSf,year,dry_spell_frequency,,7
03462_Wittmund,-1.5425195693969727,DSf,year,dry_spell_frequency,,7
04011_Bremen,-1.1411666870117188,DSf,year,dry_spell_frequency,,7
04012_Bremerhaven,-1.2505006790161133,DSf,year,dry_spell_frequency,,7
05111_Düsseldorf,-0.9594202041625977,DSf,year,dry_spell_frequency,,7
05112_Duisburg,-1.0101323127746582,DSf,year,dry_spell_frequency,,7
05113_Essen,-1.201869010925293,DSf,year,dry_spell_frequency,,7
05114_Krefeld,-0.9861669540405273,DSf,year,dry_spell_frequency,,7
05116_Mönchengladbach,-0.959904670715332,DSf,year,dry_spell_frequency,,7
05117_Mülheim an der Ruhr,-0.9658455848693848,DSf,year,dry_spell_frequency,,7
05119_Oberhausen,-1.1061806678771973,DSf,year,dry_spell_frequency,,7
05120_Remscheid,-1.0731000900268555,DSf,year,dry_spell_frequency,,7
05122_Solingen,-1.0913281440734863,DSf,year,dry_spell_frequency,,7
05124_Wuppertal,-1.0686054229736328,DSf,year,dry_spell_frequency,,7
05154_Kleve,-0.979090690612793,DSf,year,dry_spell_frequency,,7
05158_Mettmann,-1.0215554237365723,DSf,year,dry_spell_frequency,,7
05162_Rhein-Kreis Neuss,-0.8013029098510742,DSf,year,dry_spell_frequency,,7
05166_Viersen,-0.889683723449707,DSf,year,dry_spell_frequency,,7
05170_Wesel,-0.9743638038635254,DSf,year,dry_spell_frequency,,7
05314_Bonn,-1.3403568267822266,DSf,year,dry_spell_frequency,,7
05315_Köln,-1.4754819869995117,DSf,year,dry_spell_frequency,,7
05316_Leverkusen,-1.2374749183654785,DSf,year,dry_spell_frequency,,7
05334_Städteregion Aachen,-1.085484504699707,DSf,year,dry_spell_frequency,,7
05358_Düren,-1.019343376159668,DSf,year,dry_spell_frequency,,7
05362_Rhein-Erft-Kreis,-1.0020380020141602,DSf,year,dry_spell_frequency,,7
05366_Euskirchen,-1.1027555465698242,DSf,year,dry_spell_frequency,,7
05370_Heinsberg,-1.0468511581420898,DSf,year,dry_spell_frequency,,7
05374_Oberbergischer Kreis,-0.9210100173950195,DSf,year,dry_spell_frequency,,7
05378_Rheinisch-Bergischer Kreis,-1.0038886070251465,DSf,year,dry_spell_frequency,,7
05382_Rhein-Sieg-Kreis,-1.1731929779052734,DSf,year,dry_spell_frequency,,7
05512_Bottrop,-0.9921770095825195,DSf,year,dry_spell_frequency,,7
05513_Gelsenkirchen,-1.186141014099121,DSf,year,dry_spell_frequency,,7
05515_Münster,-1.2718191146850586,DSf,year,dry_spell_frequency,,7
05554_Borken,-1.169945240020752,DSf,year,dry_spell_frequency,,7
05558_Coesfeld,-1.084517002105713,DSf,year,dry_spell_frequency,,7
05562_Recklinghausen,-1.0552759170532227,DSf,year,dry_spell_frequency,,7
05566_Steinfurt,-1.346583366394043,DSf,year,dry_spell_frequency,,7
05570_Warendorf,-1.2582836151123047,DSf,year,dry_spell_frequency,,7
05711_Bielefeld,-1.2489714622497559,DSf,year,dry_spell_frequency,,7
05754_Gütersloh,-1.0747976303100586,DSf,year,dry_spell_frequency,,7
05758_Herford,-1.7316327095031738,DSf,year,dry_spell_frequency,,7
05762_Höxter,-1.3013896942138672,DSf,year,dry_spell_frequency,,7
05766_Lippe,-1.191246509552002,DSf,year,dry_spell_frequency,,7
05770_Minden-Lübbecke,-1.3794093132019043,DSf,year,dry_spell_frequency,,7
05774_Paderborn,-1.233382225036621,DSf,year,dry_spell_frequency,,7
05911_Bochum,-1.2327442169189453,DSf,year,dry_spell_frequency,,7
05913_Dortmund,-1.414078712463379,DSf,year,dry_spell_frequency,,7
05914_Hagen,-0.8559055328369141,DSf,year,dry_spell_frequency,,7
05915_Hamm,-1.2009944915771484,DSf,year,dry_spell_frequency,,7
05916_Herne,-1.611715316772461,DSf,year,dry_spell_frequency,,7
05954_Ennepe-Ruhr-Kreis,-0.9397478103637695,DSf,year,dry_spell_frequency,,7
05958_Hochsauerlandkreis,-1.1690311431884766,DSf,year,dry_spell_frequency,,7
05962_Märkischer Kreis,-0.8304910659790039,DSf,year,dry_spell_frequency,,7
05966_Olpe,-0.9072198867797852,DSf,year,dry_spell_frequency,,7
05970_Siegen-Wittgenstein,-1.0559463500976562,DSf,year,dry_spell_frequency,,7
05974_Soest,-1.2124824523925781,DSf,year,dry_spell_frequency,,7
05978_Unna,-1.2179069519042969,DSf,year,dry_spell_frequency,,7
06411_Darmstadt,-0.8972444534301758,DSf,year,dry_spell_frequency,,7
06412_Frankfurt am Main,-0.9840555191040039,DSf,year,dry_spell_frequency,,7
06413_Offenbach am Main,-1.3734703063964844,DSf,year,dry_spell_frequency,,7
06414_Wiesbaden,-1.212355613708496,DSf,year,dry_spell_frequency,,7
06431_Bergstraße,-0.6980104446411133,DSf,year,dry_spell_frequency,,7
06432_Darmstadt-Dieburg,-0.8442544937133789,DSf,year,dry_spell_frequency,,7
06433_Groß-Gerau,-1.1569080352783203,DSf,year,dry_spell_frequency,,7
06434_Hochtaunuskreis,-1.2243289947509766,DSf,year,dry_spell_frequency,,7
06435_Main-Kinzig-Kreis,-0.8443613052368164,DSf,year,dry_spell_frequency,,7
06436_Main-Taunus-Kreis,-1.2060041427612305,DSf,year,dry_spell_frequency,,7
06437_Odenwaldkreis,-0.9241447448730469,DSf,year,dry_spell_frequency,,7
06438_Offenbach,-0.9870128631591797,DSf,year,dry_spell_frequency,,7
06439_Rheingau-Taunus-Kreis,-1.3664560317993164,DSf,year,dry_spell_frequency,,7
06440_Wetteraukreis,-0.974919319152832,DSf,year,dry_spell_frequency,,7
06531_Gießen,-0.8746824264526367,DSf,year,dry_spell_frequency,,7
06532_Lahn-Dill-Kreis,-1.0908784866333008,DSf,year,dry_spell_frequency,,7
06533_Limburg-Weilburg,-0.9378108978271484,DSf,year,dry_spell_frequency,,7
06534_Marburg-Biedenkopf,-1.1232357025146484,DSf,year,dry_spell_frequency,,7
06535_Vogelsbergkreis,-0.809596061706543,DSf,year,dry_spell_frequency,,7
06611_Kassel,-1.2556982040405273,DSf,year,dry_spell_frequency,,7
06631_Fulda,-0.8468170166015625,DSf,year,dry_spell_frequency,,7
06632_Hersfeld-Rotenburg,-0.9716672897338867,DSf,year,dry_spell_frequency,,7
06633_Kassel,-1.2395343780517578,DSf,year,dry_spell_frequency,,7
06634_Schwalm-Eder-Kreis,-0.9954671859741211,DSf,year,dry_spell_frequency,,7
06635_Waldeck-Frankenberg,-1.033334732055664,DSf,year,dry_spell_frequency,,7
06636_Werra-Meißner-Kreis,-1.4358577728271484,DSf,year,dry_spell_frequency,,7
07111_Koblenz,-1.1391820907592773,DSf,year,dry_spell_frequency,,7
07131_Ahrweiler,-1.268686294555664,DSf,year,dry_spell_frequency,,7
07132_Altenkirchen (Westerwald),-0.8559360504150391,DSf,year,dry_spell_frequency,,7
07133_Bad Kreuznach,-1.0737571716308594,DSf,year,dry_spell_frequency,,7
07134_Birkenfeld,-1.0476179122924805,DSf,year,dry_spell_frequency,,7
07135_Cochem-Zell,-0.8518819808959961,DSf,year,dry_spell_frequency,,7
07137_Mayen-Koblenz,-1.2230253219604492,DSf,year,dry_spell_frequency,,7
07138_Neuwied,-1.2380619049072266,DSf,year,dry_spell_frequency,,7
07140_Rhein-Hunsrück-Kreis,-1.476980209350586,DSf,year,dry_spell_frequency,,7
07141_Rhein-Lahn-Kreis,-1.06524658203125,DSf,year,dry_spell_frequency,,7
07143_Westerwaldkreis,-1.055251121520996,DSf,year,dry_spell_frequency,,7
07211_Trier,-0.9615259170532227,DSf,year,dry_spell_frequency,,7
07231_Bernkastel-Wittlich,-0.6194896697998047,DSf,year,dry_spell_frequency,,7
07232_Eifelkreis Bitburg-Prüm,-0.8072576522827148,DSf,year,dry_spell_frequency,,7
07233_Vulkaneifel,-0.871220588684082,DSf,year,dry_spell_frequency,,7
07235_Trier-Saarburg,-0.7735567092895508,DSf,year,dry_spell_frequency,,7
07311_Frankenthal (Pfalz),-1.3516950607299805,DSf,year,dry_spell_frequency,,7
07312_Kaiserslautern,-0.7186698913574219,DSf,year,dry_spell_frequency,,7
07313_Landau in der Pfalz,-1.5461997985839844,DSf,year,dry_spell_frequency,,7
07314_Ludwigshafen am Rhein,-1.5613164901733398,DSf,year,dry_spell_frequency,,7
07315_Mainz,-0.9091434478759766,DSf,year,dry_spell_frequency,,7
07316_Neustadt an der Weinstraße,-1.2471981048583984,DSf,year,dry_spell_frequency,,7
07317_Pirmasens,-1.094325065612793,DSf,year,dry_spell_frequency,,7
07318_Speyer,-1.5302505493164062,DSf,year,dry_spell_frequency,,7
07319_Worms,-1.9161081314086914,DSf,year,dry_spell_frequency,,7
07320_Zweibrücken,-0.9742155075073242,DSf,year,dry_spell_frequency,,7
07331_Alzey-Worms,-0.9638442993164062,DSf,year,dry_spell_frequency,,7
07332_Bad Dürkheim,-1.392557144165039,DSf,year,dry_spell_frequency,,7
07333_Donnersbergkreis,-1.0987882614135742,DSf,year,dry_spell_frequency,,7
07334_Germersheim,-1.2608156204223633,DSf,year,dry_spell_frequency,,7
07335_Kaiserslautern,-0.784113883972168,DSf,year,dry_spell_frequency,,7
07336_Kusel,-0.8189449310302734,DSf,year,dry_spell_frequency,,7
07337_Südliche Weinstraße,-1.4013328552246094,DSf,year,dry_spell_frequency,,7
07338_Rhein-Pfalz-Kreis,-1.402130126953125,DSf,year,dry_spell_frequency,,7
07339_Mainz-Bingen,-0.9372129440307617,DSf,year,dry_spell_frequency,,7
07340_Südwestpfalz,-1.0306816101074219,DSf,year,dry_spell_frequency,,7
08111_Stuttgart,-1.3750133514404297,DSf,year,dry_spell_frequency,,7
08115_Böblingen,-1.1811580657958984,DSf,year,dry_spell_frequency,,7
08116_Esslingen,-1.247995376586914,DSf,year,dry_spell_frequency,,7
08117_Göppingen,-0.9815492630004883,DSf,year,dry_spell_frequency,,7
08118_Ludwigsburg,-1.5402765274047852,DSf,year,dry_spell_frequency,,7
08119_Rems-Murr-Kreis,-0.7667951583862305,DSf,year,dry_spell_frequency,,7
08121_Heilbronn,-1.1883020401000977,DSf,year,dry_spell_frequency,,7
08125_Heilbronn,-1.016998291015625,DSf,year,dry_spell_frequency,,7
08126_Hohenlohekreis,-0.9176998138427734,DSf,year,dry_spell_frequency,,7
08127_Schwäbisch Hall,-1.1539878845214844,DSf,year,dry_spell_frequency,,7
08128_Main-Tauber-Kreis,-1.1430110931396484,DSf,year,dry_spell_frequency,,7
08135_Heidenheim,-1.1203422546386719,DSf,year,dry_spell_frequency,,7
08136_Ostalbkreis,-1.231236457824707,DSf,year,dry_spell_frequency,,7
08211_Baden-Baden,-1.2466049194335938,DSf,year,dry_spell_frequency,,7
08212_Karlsruhe,-1.4183597564697266,DSf,year,dry_spell_frequency,,7
08215_Karlsruhe,-1.193455696105957,DSf,year,dry_spell_frequency,,7
08216_Rastatt,-1.0462465286254883,DSf,year,dry_spell_frequency,,7
08221_Heidelberg,-0.9455966949462891,DSf,year,dry_spell_frequency,,7
08222_Mannheim,-1.3414897918701172,DSf,year,dry_spell_frequency,,7
08225_Neckar-Odenwald-Kreis,-0.8927402496337891,DSf,year,dry_spell_frequency,,7
08226_Rhein-Neckar-Kreis,-1.0211524963378906,DSf,year,dry_spell_frequency,,7
08231_Pforzheim,-1.4224319458007812,DSf,year,dry_spell_frequency,,7
08235_Calw,-1.2263832092285156,DSf,year,dry_spell_frequency,,7
08236_Enzkreis,-1.3612995147705078,DSf,year,dry_spell_frequency,,7
08237_Freudenstadt,-1.1345930099487305,DSf,year,dry_spell_frequency,,7
08311_Freiburg im Breisgau,-1.2921791076660156,DSf,year,dry_spell_frequency,,7
08315_Breisgau-Hochschwarzwald,-1.020350456237793,DSf,year,dry_spell_frequency,,7
08316_Emmendingen,-1.2550601959228516,DSf,year,dry_spell_frequency,,7
08317_Ortenaukreis,-1.194972038269043,DSf,year,dry_spell_frequency,,7
08325_Rottweil,-1.1858787536621094,DSf,year,dry_spell_frequency,,7
08326_Schwarzwald-Baar-Kreis,-1.2056188583374023,DSf,year,dry_spell_frequency,,7
08327_Tuttlingen,-0.9406719207763672,DSf,year,dry_spell_frequency,,7
08335_Konstanz,-1.2526445388793945,DSf,year,dry_spell_frequency,,7
08336_Lörrach,-0.8690576553344727,DSf,year,dry_spell_frequency,,7
08337_Waldshut,-0.8638086318969727,DSf,year,dry_spell_frequency,,7
08415_Reutlingen,-0.8821601867675781,DSf,year,dry_spell_frequency,,7
08416_Tübingen,-1.0886297225952148,DSf,year,dry_spell_frequency,,7
08417_Zollernalbkreis,-0.9568986892700195,DSf,year,dry_spell_frequency,,7
08421_Ulm,-1.0984201431274414,DSf,year,dry_spell_frequency,,7
08425_Alb-Donau-Kreis,-1.0176897048950195,DSf,year,dry_spell_frequency,,7
08426_Biberach,-1.0752220153808594,DSf,year,dry_spell_frequency,,7
08435_Bodenseekreis,-1.0631752014160156,DSf,year,dry_spell_frequency,,7
08436_Ravensburg,-0.975128173828125,DSf,year,dry_spell_frequency,,7
08437_Sigmaringen,-1.042038917541504,DSf,year,dry_spell_frequency,,7
09161_Ingolstadt,-1.281794548034668,DSf,year,dry_spell_frequency,,7
09162_München,-1.2869749069213867,DSf,year,dry_spell_frequency,,7
09163_Rosenheim,-1.3804044723510742,DSf,year,dry_spell_frequency,,7
09171_Altötting,-1.2516393661499023,DSf,year,dry_spell_frequency,,7
09172_Berchtesgadener Land,-1.1814384460449219,DSf,year,dry_spell_frequency,,7
09173_Bad Tölz-Wolfratshausen,-1.378849983215332,DSf,year,dry_spell_frequency,,7
09174_Dachau,-1.0305500030517578,DSf,year,dry_spell_frequency,,7
09175_Ebersberg,-1.4089622497558594,DSf,year,dry_spell_frequency,,7
09176_Eichstätt,-1.3307456970214844,DSf,year,dry_spell_frequency,,7
09177_Erding,-1.367997169494629,DSf,year,dry_spell_frequency,,7
09178_Freising,-1.2521867752075195,DSf,year,dry_spell_frequency,,7
09179_Fürstenfeldbruck,-0.8669948577880859,DSf,year,dry_spell_frequency,,7
09180_Garmisch-Partenkirchen,-1.447763442993164,DSf,year,dry_spell_frequency,,7
09181_Landsberg am Lech,-0.8731756210327148,DSf,year,dry_spell_frequency,,7
09182_Miesbach,-1.4423046112060547,DSf,year,dry_spell_frequency,,7
09183_Mühldorf a. Inn,-1.328780174255371,DSf,year,dry_spell_frequency,,7
09184_München,-1.2278947830200195,DSf,year,dry_spell_frequency,,7
09185_Neuburg-Schrobenhausen,-1.1199760437011719,DSf,year,dry_spell_frequency,,7
09186_Pfaffenhofen a.d. Ilm,-1.1826858520507812,DSf,year,dry_spell_frequency,,7
09187_Rosenheim,-1.384211540222168,DSf,year,dry_spell_frequency,,7
09188_Starnberg,-1.1687307357788086,DSf,year,dry_spell_frequency,,7
09189_Traunstein,-1.1660223007202148,DSf,year,dry_spell_frequency,,7
09190_Weilheim-Schongau,-1.0900516510009766,DSf,year,dry_spell_frequency,,7
09261_Landshut,-1.4493818283081055,DSf,year,dry_spell_frequency,,7
09262_Passau,-1.3817024230957031,DSf,year,dry_spell_frequency,,7
09263_Straubing,-1.4984626770019531,DSf,year,dry_spell_frequency,,7
09271_Deggendorf,-1.3779468536376953,DSf,year,dry_spell_frequency,,7
09272_Freyung-Grafenau,-1.3079938888549805,DSf,year,dry_spell_frequency,,7
09273_Kelheim,-1.0951623916625977,DSf,year,dry_spell_frequency,,7
09274_Landshut,-1.370387077331543,DSf,year,dry_spell_frequency,,7
09275_Passau,-1.102248191833496,DSf,year,dry_spell_frequency,,7
09276_Regen,-1.6486015319824219,DSf,year,dry_spell_frequency,,7
09277_Rottal-Inn,-1.1131095886230469,DSf,year,dry_spell_frequency,,7
09278_Straubing-Bogen,-1.3418922424316406,DSf,year,dry_spell_frequency,,7
09279_Dingolfing-Landau,-1.3618831634521484,DSf,year,dry_spell_frequency,,7
09361_Amberg,-1.5437278747558594,DSf,year,dry_spell_frequency,,7
09362_Regensburg,-1.583531379699707,DSf,year,dry_spell_frequency,,7
09363_Weiden i.d. OPf.,-1.2908658981323242,DSf,year,dry_spell_frequency,,7
09371_Amberg-Sulzbach,-1.446075439453125,DSf,year,dry_spell_frequency,,7
09372_Cham,-1.4649505615234375,DSf,year,dry_spell_frequency,,7
09373_Neumarkt i.d. OPf.,-1.3010225296020508,DSf,year,dry_spell_frequency,,7
09374_Neustadt a.d. Waldnaab,-1.2792625427246094,DSf,year,dry_spell_frequency,,7
09375_Regensburg,-1.5339279174804688,DSf,year,dry_spell_frequency,,7
09376_Schwandorf,-1.2003469467163086,DSf,year,dry_spell_frequency,,7
09377_Tirschenreuth,-1.4860591888427734,DSf,year,dry_spell_frequency,,7
09461_Bamberg,-1.2226362228393555,DSf,year,dry_spell_frequency,,7
09462_Bayreuth,-1.4604854583740234,DSf,year,dry_spell_frequency,,7
09463_Coburg,-1.1663837432861328,DSf,year,dry_spell_frequency,,7
09464_Hof,-1.504105567932129,DSf,year,dry_spell_frequency,,7
09471_Bamberg,-1.1953020095825195,DSf,year,dry_spell_frequency,,7
09472_Bayreuth,-1.1774768829345703,DSf,year,dry_spell_frequency,,7
09473_Coburg,-0.9033136367797852,DSf,year,dry_spell_frequency,,7
09474_Forchheim,-1.0164923667907715,DSf,year,dry_spell_frequency,,7
09475_Hof,-1.2289819717407227,DSf,year,dry_spell_frequency,,7
09476_Kronach,-1.0020341873168945,DSf,year,dry_spell_frequency,,7
09477_Kulmbach,-1.2351632118225098,DSf,year,dry_spell_frequency,,7
09478_Lichtenfels,-1.2808828353881836,DSf,year,dry_spell_frequency,,7
09479_Wunsiedel i. Fichtelgebirge,-1.395101547241211,DSf,year,dry_spell_frequency,,7
09561_Ansbach,-1.650125503540039,DSf,year,dry_spell_frequency,,7
09562_Erlangen,-1.2908573150634766,DSf,year,dry_spell_frequency,,7
09563_Fürth,-1.3875017166137695,DSf,year,dry_spell_frequency,,7
09564_Nürnberg,-1.38287353515625,DSf,year,dry_spell_frequency,,7
09565_Schwabach,-1.6664085388183594,DSf,year,dry_spell_frequency,,7
09571_Ansbach,-1.380859375,DSf,year,dry_spell_frequency,,7
09572_Erlangen-Höchstadt,-1.1675529479980469,DSf,year,dry_spell_frequency,,7
09573_Fürth,-1.5076913833618164,DSf,year,dry_spell_frequency,,7
09574_Nürnberger Land,-1.250413417816162,DSf,year,dry_spell_frequency,,7
09575_Neustadt a.d. Aisch-Bad Windsheim,-1.1223487854003906,DSf,year,dry_spell_frequency,,7
09576_Roth,-1.5691337585449219,DSf,year,dry_spell_frequency,,7
09577_Weißenburg-Gunzenhausen,-1.3555717468261719,DSf,year,dry_spell_frequency,,7
09661_Aschaffenburg,-0.8410749435424805,DSf,year,dry_spell_frequency,,7
09662_Schweinfurt,-1.1162357330322266,DSf,year,dry_spell_frequency,,7
09663_Würzburg,-1.2067365646362305,DSf,year,dry_spell_frequency,,7
09671_Aschaffenburg,-1.0845813751220703,DSf,year,dry_spell_frequency,,7
09672_Bad Kissingen,-1.1581354141235352,DSf,year,dry_spell_frequency,,7
09673_Rhön-Grabfeld,-1.0106706619262695,DSf,year,dry_spell_frequency,,7
09674_Haßberge,-1.2176427841186523,DSf,year,dry_spell_frequency,,7
09675_Kitzingen,-1.1919126510620117,DSf,year,dry_spell_frequency,,7
09676_Miltenberg,-1.1482524871826172,DSf,year,dry_spell_frequency,,7
09677_Main-Spessart,-1.3725337982177734,DSf,year,dry_spell_frequency,,7
09678_Schweinfurt,-1.1150455474853516,DSf,year,dry_spell_frequency,,7
09679_Würzburg,-1.2048044204711914,DSf,year,dry_spell_frequency,,7
09761_Augsburg,-0.7611865997314453,DSf,year,dry_spell_frequency,,7
09762_Kaufbeuren,-1.225935459136963,DSf,year,dry_spell_frequency,,7
09763_Kempten (Allgäu),-1.201737403869629,DSf,year,dry_spell_frequency,,7
09764_Memmingen,-1.124455451965332,DSf,year,dry_spell_frequency,,7
09771_Aichach-Friedberg,-0.8872251510620117,DSf,year,dry_spell_frequency,,7
09772_Augsburg,-0.8110589981079102,DSf,year,dry_spell_frequency,,7
09773_Dillingen a.d. Donau,-1.2162141799926758,DSf,year,dry_spell_frequency,,7
09774_Günzburg,-0.9765338897705078,DSf,year,dry_spell_frequency,,7
09775_Neu-Ulm,-1.100275993347168,DSf,year,dry_spell_frequency,,7
09776_Lindau (Bodensee),-1.301595687866211,DSf,year,dry_spell_frequency,,7
09777_Ostallgäu,-1.2041597366333008,DSf,year,dry_spell_frequency,,7
09778_Unterallgäu,-0.8310575485229492,DSf,year,dry_spell_frequency,,7
09779_Donau-Ries,-1.3232202529907227,DSf,year,dry_spell_frequency,,7
09780_Oberallgäu,-1.3276863098144531,DSf,year,dry_spell_frequency,,7
10041_Regionalverband Saarbrücken,-0.3334169387817383,DSf,year,dry_spell_frequency,,7
10042_Merzig-Wadern,-0.5464391708374023,DSf,year,dry_spell_frequency,,7
10043_Neunkirchen,-0.7775602340698242,DSf,year,dry_spell_frequency,,7
10044_Saarlouis,-0.565180778503418,DSf,year,dry_spell_frequency,,7
10045_Saarpfalz-Kreis,-0.8335294723510742,DSf,year,dry_spell_frequency,,7
10046_St. Wendel,-0.6598081588745117,DSf,year,dry_spell_frequency,,7
11000_Berlin,-1.4225807189941406,DSf,year,dry_spell_frequency,,7
12051_Brandenburg an der Havel,-2.17034912109375,DSf,year,dry_spell_frequency,,7
12052_Cottbus,-1.8760013580322266,DSf,year,dry_spell_frequency,,7
12053_Frankfurt (Oder),-1.8371248245239258,DSf,year,dry_spell_frequency,,7
12054_Potsdam,-1.8930082321166992,DSf,year,dry_spell_frequency,,7
12060_Barnim,-1.6939630508422852,DSf,year,dry_spell_frequency,,7
12061_Dahme-Spreewald,-1.826146125793457,DSf,year,dry_spell_frequency,,7
12062_Elbe-Elster,-1.7299213409423828,DSf,year,dry_spell_frequency,,7
12063_Havelland,-1.879633903503418,DSf,year,dry_spell_frequency,,7
12064_Märkisch-Oderland,-1.5837469100952148,DSf,year,dry_spell_frequency,,7
12065_Oberhavel,-1.7195720672607422,DSf,year,dry_spell_frequency,,7
12066_Oberspreewald-Lausitz,-1.8803739547729492,DSf,year,dry_spell_frequency,,7
12067_Oder-Spree,-1.6299047470092773,DSf,year,dry_spell_frequency,,7
12068_Ostprignitz-Ruppin,-1.703503131866455,DSf,year,dry_spell_frequency,,7
12069_Potsdam-Mittelmark,-1.665522575378418,DSf,year,dry_spell_frequency,,7
12070_Prignitz,-1.5153632164001465,DSf,year,dry_spell_frequency,,7
12071_Spree-Neiße,-1.5810470581054688,DSf,year,dry_spell_frequency,,7
12072_Teltow-Fläming,-1.6829328536987305,DSf,year,dry_spell_frequency,,7
12073_Uckermark,-1.5897760391235352,DSf,year,dry_spell_frequency,,7
13003_Rostock,-1.6929693222045898,DSf,year,dry_spell_frequency,,7
13004_Schwerin,-1.5888776779174805,DSf,year,dry_spell_frequency,,7
13072_Rostock,-1.5682392120361328,DSf,year,dry_spell_frequency,,7
13076_Ludwigslust-Parchim,-1.5820398330688477,DSf,year,dry_spell_frequency,,7
13071_Mecklenburgische Seenplatte,-1.7449636459350586,DSf,year,dry_spell_frequency,,7
13073_Vorpommern-Rügen,-1.5747532844543457,DSf,year,dry_spell_frequency,,7
13074_Nordwestmecklenburg,-1.6178741455078125,DSf,year,dry_spell_frequency,,7
13075_Vorpommern-Greifswald,-1.7064952850341797,DSf,year,dry_spell_frequency,,7
14511_Chemnitz,-1.8549070358276367,DSf,year,dry_spell_frequency,,7
14522_Mittelsachsen,-1.5605859756469727,DSf,year,dry_spell_frequency,,7
14523_Vogtlandkreis,-1.6784372329711914,DSf,year,dry_spell_frequency,,7
14521_Erzgebirgskreis,-1.8437671661376953,DSf,year,dry_spell_frequency,,7
14524_Zwickau,-1.646437644958496,DSf,year,dry_spell_frequency,,7
14612_Dresden,-1.8972206115722656,DSf,year,dry_spell_frequency,,7
14626_Görlitz,-2.020427703857422,DSf,year,dry_spell_frequency,,7
14625_Bautzen,-1.8440370559692383,DSf,year,dry_spell_frequency,,7
14627_Meißen,-2.015169143676758,DSf,year,dry_spell_frequency,,7
14628_Sächsische Schweiz-Osterzgebirge,-1.5358953475952148,DSf,year,dry_spell_frequency,,7
14713_Leipzig,-1.828679084777832,DSf,year,dry_spell_frequency,,7
14729_Leipzig,-1.5501413345336914,DSf,year,dry_spell_frequency,,7
14730_Nordsachsen,-1.7171850204467773,DSf,year,dry_spell_frequency,,7
15001_Dessau-Roßlau,-1.6571941375732422,DSf,year,dry_spell_frequency,,7
15082_Anhalt-Bitterfeld,-1.7189903259277344,DSf,year,dry_spell_frequency,,7
15091_Wittenberg,-1.6984834671020508,DSf,year,dry_spell_frequency,,7
15002_Halle (Saale),-2.0744800567626953,DSf,year,dry_spell_frequency,,7
15084_Burgenlandkreis,-1.5971107482910156,DSf,year,dry_spell_frequency,,7
15088_Saalekreis,-1.65118408203125,DSf,year,dry_spell_frequency,,7
15087_Mansfeld-Südharz,-1.5516300201416016,DSf,year,dry_spell_frequency,,7
15003_Magdeburg,-1.6319732666015625,DSf,year,dry_spell_frequency,,7
15085_Harz,-1.404759407043457,DSf,year,dry_spell_frequency,,7
15086_Jerichower Land,-1.7768049240112305,DSf,year,dry_spell_frequency,,7
15083_Börde,-1.5297966003417969,DSf,year,dry_spell_frequency,,7
15090_Stendal,-1.7746391296386719,DSf,year,dry_spell_frequency,,7
15089_Salzlandkreis,-1.7424249649047852,DSf,year,dry_spell_frequency,,7
15081_Altmarkkreis Salzwedel,-1.5741233825683594,DSf,year,dry_spell_frequency,,7
16051_Erfurt,-1.7315502166748047,DSf,year,dry_spell_frequency,,7
16052_Gera,-1.6524467468261719,DSf,year,dry_spell_frequency,,7
16053_Jena,-1.736861228942871,DSf,year,dry_spell_frequency,,7
16054_Suhl,-0.8612461090087891,DSf,year,dry_spell_frequency,,7
16055_Weimar,-1.4613094329833984,DSf,year,dry_spell_frequency,,7
16056_Eisenach,-1.4474096298217773,DSf,year,dry_spell_frequency,,7
16061_Eichsfeld,-1.2025232315063477,DSf,year,dry_spell_frequency,,7
16062_Nordhausen,-1.735311508178711,DSf,year,dry_spell_frequency,,7
16063_Wartburgkreis,-1.0772409439086914,DSf,year,dry_spell_frequency,,7
16064_Unstrut-Hainich-Kreis,-1.5477170944213867,DSf,year,dry_spell_frequency,,7
16065_Kyffhäuserkreis,-1.5935144424438477,DSf,year,dry_spell_frequency,,7
16066_Schmalkalden-Meiningen,-0.8667688369750977,DSf,year,dry_spell_frequency,,7
16067_Gotha,-1.7043476104736328,DSf,year,dry_spell_frequency,,7
16068_Sömmerda,-1.8810234069824219,DSf,year,dry_spell_frequency,,7
16069_Hildburghausen,-0.7639923095703125,DSf,year,dry_spell_frequency,,7
16070_Ilm-Kreis,-1.5589599609375,DSf,year,dry_spell_frequency,,7
16071_Weimarer Land,-1.5016984939575195,DSf,year,dry_spell_frequency,,7
16072_Sonneberg,-1.1141595840454102,DSf,year,dry_spell_frequency,,7
16073_Saalfeld-Rudolstadt,-1.3600597381591797,DSf,year,dry_spell_frequency,,7
16074_Saale-Holzland-Kreis,-1.559774398803711,DSf,year,dry_spell_frequency,,7
16075_Saale-Orla-Kreis,-1.4857759475708008,DSf,year,dry_spell_frequency,,7
16076_Greiz,-1.6681890487670898,DSf,year,dry_spell_frequency,,7
16077_Altenburger Land,-1.5590505599975586,DSf,year,dry_spell_frequency,,7
01001_01059_Region_um_Flensburg,-1.0471515655517578,DSf,year,dry_spell_frequency,,7
01002_01057_01058_Region_um_Kiel,-1.277780532836914,DSf,year,dry_spell_frequency,,7
01003_13074_01055_01053_01062_Region_um_Lübeck,-1.5224690437316895,DSf,year,dry_spell_frequency,,7
01004_01058_01060_01057_01002_Region_um_Neumünster,-1.1844310760498047,DSf,year,dry_spell_frequency,,7
03101_03157_03154_03151_03102_03158_03103_Region_um_Braunschweig,-1.3337059020996094,DSf,year,dry_spell_frequency,,7
03102_03254_03157_03158_03153_03101_Region_um_Salzgitter,-1.1992950439453125,DSf,year,dry_spell_frequency,,7
03103_03154_03151_Region_um_Wolfsburg,-1.3770694732666016,DSf,year,dry_spell_frequency,,7
03401_03458_04011_03251_03461_Region_um_Delmenhorst,-1.072432518005371,DSf,year,dry_spell_frequency,,7
03402_03452_03457_Region_um_Emden,-1.3900375366210938,DSf,year,dry_spell_frequency,,7
03403_03458_03451_03461_Region_um_Oldenburg_(Oldenburg),-1.1202483177185059,DSf,year,dry_spell_frequency,,7
03404_03459_05566_Region_um_Osnabrück,-1.3665919303894043,DSf,year,dry_spell_frequency,,7
03405_03455_Region_um_Wilhelmshaven,-1.2541322708129883,DSf,year,dry_spell_frequency,,7
04011_03361_03251_03401_03461_03356_03352_04012_Region_um_Bremen,-1.1276440620422363,DSf,year,dry_spell_frequency,,7
04012_03352_03461_Region_um_Bremerhaven,-1.0757675170898438,DSf,year,dry_spell_frequency,,7
05111_05162_05158_05112_Region_um_Düsseldorf,-0.8211727142333984,DSf,year,dry_spell_frequency,,7
05112_05114_05119_05117_05170_05158_05111_Region_um_Duisburg,-0.8375082015991211,DSf,year,dry_spell_frequency,,7
05113_05119_05117_05513_05512_05158_05911_05954_05562_05513_05916_Region_um_Essen,-0.999638557434082,DSf,year,dry_spell_frequency,,7
05114_05112_05162_05166_05170_Region_um_Krefeld,-0.7583284378051758,DSf,year,dry_spell_frequency,,7
05116_05370_05166_05162_Region_um_Mönchengladbach,-0.8801097869873047,DSf,year,dry_spell_frequency,,7
05117_05112_05158_05119_05113_Region_um_Mülheim_an_der_Ruhr,-0.9580583572387695,DSf,year,dry_spell_frequency,,7
05119_05170_05512_05113_05117_05112_Region_um_Oberhausen,-0.9381051063537598,DSf,year,dry_spell_frequency,,7
05120_05124_05122_05378_05374_Region_um_Remscheid,-0.8702893257141113,DSf,year,dry_spell_frequency,,7
05122_05158_05124_05378_05120_Region_um_Solingen,-1.029801845550537,DSf,year,dry_spell_frequency,,7
05124_05122_05120_05158_05954_05374_Region_um_Wuppertal,-0.8849186897277832,DSf,year,dry_spell_frequency,,7
05314_05382_Region_um_Bonn,-1.191802978515625,DSf,year,dry_spell_frequency,,7
05316_05315_05378_05158_Region_um_Leverkusen,-1.0524911880493164,DSf,year,dry_spell_frequency,,7
05512_05119_05513_05113_05170_05562_Region_um_Bottrop,-0.8953008651733398,DSf,year,dry_spell_frequency,,7
05513_05113_05916_05911_05562_05512_Region_um_Gelsenkirchen,-1.1233348846435547,DSf,year,dry_spell_frequency,,7
05515_05566_05558_05570_Region_um_Münster,-1.20570707321167,DSf,year,dry_spell_frequency,,7
05711_05754_05758_05766_Region_um_Bielefeld,-1.203660488128662,DSf,year,dry_spell_frequency,,7
05911_05954_05913_05513_05113_05916_05562_Region_um_Bochum,-1.1075448989868164,DSf,year,dry_spell_frequency,,7
05913_05914_05911_05916_05978_05954_05562_Region_um_Dortmund,-1.0917081832885742,DSf,year,dry_spell_frequency,,7
05914_05954_05913_05978_05962_Region_um_Hagen,-0.8544340133666992,DSf,year,dry_spell_frequency,,7
05915_05978_05974_05570_05558_Region_um_Hamm,-1.1037592887878418,DSf,year,dry_spell_frequency,,7
05916_05513_05562_05911_Region_um_Herne,-1.120595932006836,DSf,year,dry_spell_frequency,,7
06411_06432_06438_Region_um_Darmstadt,-0.8647918701171875,DSf,year,dry_spell_frequency,,7
06412_06413_06436_06434_06440_06435_06438_06433_Region_um_Frankfurt_am_Main,-0.9464378356933594,DSf,year,dry_spell_frequency,,7
06413_06438_06435_06412_Region_um_Offenbach_am_Main,-0.7919158935546875,DSf,year,dry_spell_frequency,,7
06414_07315_07339_06439_06436_06433_Region_um_Wiesbaden,-1.1576776504516602,DSf,year,dry_spell_frequency,,7
06436_06412_06414_06433_06439_06434_Region_um_Main-Taunus-Kreis,-1.2057561874389648,DSf,year,dry_spell_frequency,,7
06438_06432_06411_06433_06413_06435_06412_09671_Region_um_Offenbach,-0.851954460144043,DSf,year,dry_spell_frequency,,7
06611_06633_03159_Region_um_Kassel,-0.9182448387145996,DSf,year,dry_spell_frequency,,7
07111_07137_07141_07143_Region_um_Koblenz,-1.0728082656860352,DSf,year,dry_spell_frequency,,7
07211_07235_Region_um_Trier,-0.7926397323608398,DSf,year,dry_spell_frequency,,7
07311_07318_07314_07338_08222_Region_um_Frankenthal_(Pfalz),-1.3950719833374023,DSf,year,dry_spell_frequency,,7
07312_07335_07332_Region_um_Kaiserslautern,-0.9454069137573242,DSf,year,dry_spell_frequency,,7
07313_07337_Region_um_Landau_in_der_Pfalz,-1.4194755554199219,DSf,year,dry_spell_frequency,,7
07314_07311_07338_08222_Region_um_Ludwigshafen_am_Rhein,-1.3857793807983398,DSf,year,dry_spell_frequency,,7
07315_07339_06414_06433_Region_um_Mainz,-1.0246896743774414,DSf,year,dry_spell_frequency,,7
07316_07337_07332_07313_Region_um_Neustadt_an_der_Weinstraße,-1.270096778869629,DSf,year,dry_spell_frequency,,7
07317_07340_Region_um_Pirmasens,-1.0348148345947266,DSf,year,dry_spell_frequency,,7
07318_07311_07314_07338_08215_08226_08212_Region_um_Speyer,-1.053680419921875,DSf,year,dry_spell_frequency,,7
07319_07331_07332_06431_07338_07311_07318_07314_Region_um_Worms,-0.9324741363525391,DSf,year,dry_spell_frequency,,7
07320_07340_10045_07317_Region_um_Zweibrücken,-0.8671169281005859,DSf,year,dry_spell_frequency,,7
07338_07311_07318_07314_08222_08226_08215_07334_07337_07313_07316_07332_07319_08221_08212_Region_um_Rhein-Pfalz-Kreis,-1.0869140625,DSf,year,dry_spell_frequency,,7
08111_08115_08116_08118_08119_Region_um_Stuttgart,-1.0694122314453125,DSf,year,dry_spell_frequency,,7
08121_08125_Region_um_Heilbronn,-1.0322380065917969,DSf,year,dry_spell_frequency,,7
08211_08216_Region_um_Baden-Baden,-1.0777997970581055,DSf,year,dry_spell_frequency,,7
08212_08215_07334_Region_um_Karlsruhe,-1.2346248626708984,DSf,year,dry_spell_frequency,,7
08221_08226_08222_Region_um_Heidelberg,-1.0509452819824219,DSf,year,dry_spell_frequency,,7
08222_08221_08226_06431_07338_07311_07318_07314_Region_um_Mannheim,-1.0066566467285156,DSf,year,dry_spell_frequency,,7
08231_08236_08235_Region_um_Pforzheim,-1.1689138412475586,DSf,year,dry_spell_frequency,,7
08311_08316_08315_Region_um_Freiburg_im_Breisgau,-1.1114273071289062,DSf,year,dry_spell_frequency,,7
08421_08425_09775_Region_um_Ulm,-0.9366846084594727,DSf,year,dry_spell_frequency,,7
09161_09176_09185_09186_Region_um_Ingolstadt,-1.0871829986572266,DSf,year,dry_spell_frequency,,7
09162_09184_09179_09174_Region_um_München,-1.0801916122436523,DSf,year,dry_spell_frequency,,7
09163_09187_Region_um_Rosenheim,-1.3841094970703125,DSf,year,dry_spell_frequency,,7
09261_09274_Region_um_Landshut,-1.3744010925292969,DSf,year,dry_spell_frequency,,7
09262_09275_Region_um_Passau,-1.1146297454833984,DSf,year,dry_spell_frequency,,7
09263_09278_Region_um_Straubing,-1.335190773010254,DSf,year,dry_spell_frequency,,7
09361_09371_Region_um_Amberg,-1.446547508239746,DSf,year,dry_spell_frequency,,7
09362_09375_Region_um_Regensburg,-1.5329570770263672,DSf,year,dry_spell_frequency,,7
09363_09374_Region_um_Weiden_in_der_Oberpfalz,-1.2798233032226562,DSf,year,dry_spell_frequency,,7
09461_09471_Region_um_Bamberg,-1.1965885162353516,DSf,year,dry_spell_frequency,,7
09462_09472_Region_um_Bayreuth,-1.1923151016235352,DSf,year,dry_spell_frequency,,7
09463_09473_Region_um_Coburg,-0.9013538360595703,DSf,year,dry_spell_frequency,,7
09464_09475_Region_um_Hof,-1.2455596923828125,DSf,year,dry_spell_frequency,,7
09561_09571_Region_um_Ansbach,-1.3947086334228516,DSf,year,dry_spell_frequency,,7
09562_09572_09564_09563_Region_um_Erlangen,-1.237351417541504,DSf,year,dry_spell_frequency,,7
09563_09573_09562_09564_Region_um_Fürth,-1.4323081970214844,DSf,year,dry_spell_frequency,,7
09564_09563_09574_09565_09573_09572_09576_09562_Region_um_Nürnberg,-1.3763618469238281,DSf,year,dry_spell_frequency,,7
09565_09576_09564_Region_um_Schwabach,-1.5430793762207031,DSf,year,dry_spell_frequency,,7
09573_09572_09562_09563_09574_09565_09576_09561_09571_09575_09564_Region_um_Fürth,-1.261587142944336,DSf,year,dry_spell_frequency,,7
09661_09671_09676_Region_um_Aschaffenburg,-1.0993432998657227,DSf,year,dry_spell_frequency,,7
09662_09678_Region_um_Schweinfurt,-1.1123104095458984,DSf,year,dry_spell_frequency,,7
09663_09679_Region_um_Würzburg,-1.204981803894043,DSf,year,dry_spell_frequency,,7
09761_09772_09771_Region_um_Augsburg,-0.8197603225708008,DSf,year,dry_spell_frequency,,7
09762_09777_Region_um_Kaufbeuren,-1.2048115730285645,DSf,year,dry_spell_frequency,,7
09763_09780_Region_um_Kempten_(Allgäu),-1.3141555786132812,DSf,year,dry_spell_frequency,,7
09764_09778_08436_Region_um_Memmingen,-0.839019775390625,DSf,year,dry_spell_frequency,,7
09776_08435_08436_09780_09763_Region_um_Lindau_(Bodensee),-1.0609407424926758,DSf,year,dry_spell_frequency,,7
10043_10044_10045_10041_10046_07336_Region_um_Neunkirchen,-0.6390705108642578,DSf,year,dry_spell_frequency,,7
12051_12063_12069_Region_um_Brandenburg_an_der_Havel,-1.7734460830688477,DSf,year,dry_spell_frequency,,7
12052_12071_Region_um_Cottbus,-1.6083660125732422,DSf,year,dry_spell_frequency,,7
12053_12067_12064_Region_um_Frankfurt_(Oder),-1.515106201171875,DSf,year,dry_spell_frequency,,7
12054_12063_12069_11000_12051_Region_um_Potsdam,-1.6776533126831055,DSf,year,dry_spell_frequency,,7
13003_13072_Region_um_Rostock,-1.5743827819824219,DSf,year,dry_spell_frequency,,7
13004_13076_13074_Region_um_Schwerin,-1.5930299758911133,DSf,year,dry_spell_frequency,,7
14511_14524_14521_14522_Region_um_Chemnitz,-1.603428840637207,DSf,year,dry_spell_frequency,,7
14612_14627_14625_14628_Region_um_Dresden,-1.754317283630371,DSf,year,dry_spell_frequency,,7
14713_14729_14730_Region_um_Leipzig,-1.6564855575561523,DSf,year,dry_spell_frequency,,7
15001_15091_15082_Region_um_Dessau-Rolau,-1.7038240432739258,DSf,year,dry_spell_frequency,,7
15002_15088_Region_um_Halle_(Saale),-1.6889915466308594,DSf,year,dry_spell_frequency,,7
15003_15083_15089_15086_Region_um_Magdeburg,-1.5037860870361328,DSf,year,dry_spell_frequency,,7
16051_16067_16068_16070_16071_16055_Region_um_Erfurt,-1.5230388641357422,DSf,year,dry_spell_frequency,,7
16052_16076_15084_16074_Region_um_Gera,-1.6065845489501953,DSf,year,dry_spell_frequency,,7
16053_16074_16071_16055_Region_um_Jena,-1.4893341064453125,DSf,year,dry_spell_frequency,,7
16054_16066_16069_16070_Region_um_Suhl,-0.8571348190307617,DSf,year,dry_spell_frequency,,7
16055_16071_Region_um_Weimar,-1.4890556335449219,DSf,year,dry_spell_frequency,,7
16056_16063_06636_Region_um_Eisenach,-1.1627683639526367,DSf,year,dry_spell_frequency,,7
