region,SU35_year_2C_rcp85_time-mean_ensemble-diff-max,ci_name,ci_frequency,standard_name,units,mid_month
01001_01059_Region_um_Flensburg,1.3291335105895996,SU35,year,days_with_air_temperature_above_or_equal_threshold,days,7
01001_Flensburg,1.1365845203399658,SU35,year,days_with_air_temperature_above_or_equal_threshold,days,7
01002_01057_01058_Region_um_Kiel,1.95890474319458,SU35,year,days_with_air_temperature_above_or_equal_threshold,days,7
01002_Kiel,1.8410649299621582,SU35,year,days_with_air_temperature_above_or_equal_threshold,days,7
01003_13074_01055_01053_01062_Region_um_Lübeck,2.9642210006713867,SU35,year,days_with_air_temperature_above_or_equal_threshold,days,7
01003_Lübeck,2.7567543983459473,SU35,year,days_with_air_temperature_above_or_equal_threshold,days,7
01004_01058_01060_01057_01002_Region_um_Neumünster,2.2722015380859375,SU35,year,days_with_air_temperature_above_or_equal_threshold,days,7
01004_Neumünster,2.912503242492676,SU35,year,days_with_air_temperature_above_or_equal_threshold,days,7
01051_Dithmarschen,2.3356075286865234,SU35,year,days_with_air_temperature_above_or_equal_threshold,days,7
01053_Herzogtum Lauenburg,3.7830138206481934,SU35,year,days_with_air_temperature_above_or_equal_threshold,days,7
01054_Nordfriesland,1.1867027282714844,SU35,year,days_with_air_temperature_above_or_equal_threshold,days,7
01055_Ostholstein,1.5980498790740967,SU35,year,days_with_air_temperature_above_or_equal_threshold,days,7
01056_Pinneberg,3.3109290599823,SU35,year,days_with_air_temperature_above_or_equal_threshold,days,7
01057_Plön,1.7320955991744995,SU35,year,days_with_air_temperature_above_or_equal_threshold,days,7
01058_Rendsburg-Eckernförde,2.0784647464752197,SU35,year,days_with_air_temperature_above_or_equal_threshold,days,7
01059_Schleswig-Flensburg,1.3341832160949707,SU35,year,days_with_air_temperature_above_or_equal_threshold,days,7
01060_Segeberg,3.0245254039764404,SU35,year,days_with_air_temperature_above_or_equal_threshold,days,7
01061_Steinburg,2.9276063442230225,SU35,year,days_with_air_temperature_above_or_equal_threshold,days,7
01062_Stormarn,3.4875903129577637,SU35,year,days_with_air_temperature_above_or_equal_threshold,days,7
02000_Hamburg,3.667283296585083,SU35,year,days_with_air_temperature_above_or_equal_threshold,days,7
03101_03157_03154_03151_03102_03158_03103_Region_um_Braunschweig,4.98073673248291,SU35,year,days_with_air_temperature_above_or_equal_threshold,days,7
03101_Braunschweig,5.321800708770752,SU35,year,days_with_air_temperature_above_or_equal_threshold,days,7
03102_03254_03157_03158_03153_03101_Region_um_Salzgitter,4.238646507263184,SU35,year,days_with_air_temperature_above_or_equal_threshold,days,7
03102_Salzgitter,5.041271209716797,SU35,year,days_with_air_temperature_above_or_equal_threshold,days,7
03103_03154_03151_Region_um_Wolfsburg,4.8553996086120605,SU35,year,days_with_air_temperature_above_or_equal_threshold,days,7
03103_Wolfsburg,4.951508045196533,SU35,year,days_with_air_temperature_above_or_equal_threshold,days,7
03151_Gifhorn,4.866451740264893,SU35,year,days_with_air_temperature_above_or_equal_threshold,days,7
03153_Goslar,2.4219446182250977,SU35,year,days_with_air_temperature_above_or_equal_threshold,days,7
03154_Helmstedt,4.799899101257324,SU35,year,days_with_air_temperature_above_or_equal_threshold,days,7
03155_Northeim,3.9585518836975098,SU35,year,days_with_air_temperature_above_or_equal_threshold,days,7
03157_Peine,5.267726898193359,SU35,year,days_with_air_temperature_above_or_equal_threshold,days,7
03158_Wolfenbüttel,5.082058906555176,SU35,year,days_with_air_temperature_above_or_equal_threshold,days,7
03159_Göttingen,3.7108688354492188,SU35,year,days_with_air_temperature_above_or_equal_threshold,days,7
03241_Region Hannover,4.711334228515625,SU35,year,days_with_air_temperature_above_or_equal_threshold,days,7
03251_Diepholz,4.054818630218506,SU35,year,days_with_air_temperature_above_or_equal_threshold,days,7
03252_Hameln-Pyrmont,4.1304097175598145,SU35,year,days_with_air_temperature_above_or_equal_threshold,days,7
03254_Hildesheim,4.401856422424316,SU35,year,days_with_air_temperature_above_or_equal_threshold,days,7
03255_Holzminden,3.7188987731933594,SU35,year,days_with_air_temperature_above_or_equal_threshold,days,7
03256_Nienburg (Weser),4.475276470184326,SU35,year,days_with_air_temperature_above_or_equal_threshold,days,7
03257_Schaumburg,4.255674362182617,SU35,year,days_with_air_temperature_above_or_equal_threshold,days,7
03351_Celle,4.527097225189209,SU35,year,days_with_air_temperature_above_or_equal_threshold,days,7
03352_Cuxhaven,2.9637088775634766,SU35,year,days_with_air_temperature_above_or_equal_threshold,days,7
03353_Harburg,4.001707553863525,SU35,year,days_with_air_temperature_above_or_equal_threshold,days,7
03354_Lüchow-Dannenberg,5.091574668884277,SU35,year,days_with_air_temperature_above_or_equal_threshold,days,7
03355_Lüneburg,4.661945343017578,SU35,year,days_with_air_temperature_above_or_equal_threshold,days,7
03356_Osterholz,3.7103071212768555,SU35,year,days_with_air_temperature_above_or_equal_threshold,days,7
03357_Rotenburg (Wümme),3.955763816833496,SU35,year,days_with_air_temperature_above_or_equal_threshold,days,7
03358_Heidekreis,4.1417436599731445,SU35,year,days_with_air_temperature_above_or_equal_threshold,days,7
03359_Stade,3.314164876937866,SU35,year,days_with_air_temperature_above_or_equal_threshold,days,7
03360_Uelzen,4.504886150360107,SU35,year,days_with_air_temperature_above_or_equal_threshold,days,7
03361_Verden,4.457638740539551,SU35,year,days_with_air_temperature_above_or_equal_threshold,days,7
03401_03458_04011_03251_03461_Region_um_Delmenhorst,3.6603844165802,SU35,year,days_with_air_temperature_above_or_equal_threshold,days,7
03401_Delmenhorst,4.066323280334473,SU35,year,days_with_air_temperature_above_or_equal_threshold,days,7
03402_03452_03457_Region_um_Emden,1.8000319004058838,SU35,year,days_with_air_temperature_above_or_equal_threshold,days,7
03402_Emden,1.4279890060424805,SU35,year,days_with_air_temperature_above_or_equal_threshold,days,7
03403_03458_03451_03461_Region_um_Oldenburg_(Oldenburg),3.095207452774048,SU35,year,days_with_air_temperature_above_or_equal_threshold,days,7
03403_Oldenburg (Oldb),3.1469850540161133,SU35,year,days_with_air_temperature_above_or_equal_threshold,days,7
03404_03459_05566_Region_um_Osnabrück,3.824887275695801,SU35,year,days_with_air_temperature_above_or_equal_threshold,days,7
03404_Osnabrück,3.420196533203125,SU35,year,days_with_air_temperature_above_or_equal_threshold,days,7
03405_03455_Region_um_Wilhelmshaven,1.693088173866272,SU35,year,days_with_air_temperature_above_or_equal_threshold,days,7
03405_Wilhelmshaven,1.0803717374801636,SU35,year,days_with_air_temperature_above_or_equal_threshold,days,7
03451_Ammerland,2.8599209785461426,SU35,year,days_with_air_temperature_above_or_equal_threshold,days,7
03452_Aurich,1.525521159172058,SU35,year,days_with_air_temperature_above_or_equal_threshold,days,7
03453_Cloppenburg,3.6030325889587402,SU35,year,days_with_air_temperature_above_or_equal_threshold,days,7
03454_Emsland,3.3636531829833984,SU35,year,days_with_air_temperature_above_or_equal_threshold,days,7
03455_Friesland,1.8554961681365967,SU35,year,days_with_air_temperature_above_or_equal_threshold,days,7
03456_Grafschaft Bentheim,3.428764820098877,SU35,year,days_with_air_temperature_above_or_equal_threshold,days,7
03457_Leer,2.2949657440185547,SU35,year,days_with_air_temperature_above_or_equal_threshold,days,7
03458_Oldenburg,3.7820870876312256,SU35,year,days_with_air_temperature_above_or_equal_threshold,days,7
03459_Osnabrück,3.78554105758667,SU35,year,days_with_air_temperature_above_or_equal_threshold,days,7
03460_Vechta,4.012371063232422,SU35,year,days_with_air_temperature_above_or_equal_threshold,days,7
03461_Wesermarsch,2.4314041137695312,SU35,year,days_with_air_temperature_above_or_equal_threshold,days,7
03462_Wittmund,1.642940878868103,SU35,year,days_with_air_temperature_above_or_equal_threshold,days,7
04011_03361_03251_03401_03461_03356_03352_04012_Region_um_Bremen,3.518341302871704,SU35,year,days_with_air_temperature_above_or_equal_threshold,days,7
04011_Bremen,3.8924484252929688,SU35,year,days_with_air_temperature_above_or_equal_threshold,days,7
04012_03352_03461_Region_um_Bremerhaven,2.81284236907959,SU35,year,days_with_air_temperature_above_or_equal_threshold,days,7
04012_Bremerhaven,2.87691068649292,SU35,year,days_with_air_temperature_above_or_equal_threshold,days,7
05111_05162_05158_05112_Region_um_Düsseldorf,4.127624988555908,SU35,year,days_with_air_temperature_above_or_equal_threshold,days,7
05111_Düsseldorf,4.273201942443848,SU35,year,days_with_air_temperature_above_or_equal_threshold,days,7
05112_05114_05119_05117_05170_05158_05111_Region_um_Duisburg,4.114435195922852,SU35,year,days_with_air_temperature_above_or_equal_threshold,days,7
05112_Duisburg,4.239326000213623,SU35,year,days_with_air_temperature_above_or_equal_threshold,days,7
05113_05119_05117_05513_05512_05158_05911_05954_05562_05513_05916_Region_um_Essen,3.727578639984131,SU35,year,days_with_air_temperature_above_or_equal_threshold,days,7
05113_Essen,3.836928606033325,SU35,year,days_with_air_temperature_above_or_equal_threshold,days,7
05114_05112_05162_05166_05170_Region_um_Krefeld,4.208535671234131,SU35,year,days_with_air_temperature_above_or_equal_threshold,days,7
05114_Krefeld,4.3599348068237305,SU35,year,days_with_air_temperature_above_or_equal_threshold,days,7
05116_05370_05166_05162_Region_um_Mönchengladbach,4.179354667663574,SU35,year,days_with_air_temperature_above_or_equal_threshold,days,7
05116_Mönchengladbach,4.04591178894043,SU35,year,days_with_air_temperature_above_or_equal_threshold,days,7
05117_05112_05158_05119_05113_Region_um_Mülheim_an_der_Ruhr,3.843409538269043,SU35,year,days_with_air_temperature_above_or_equal_threshold,days,7
05117_Mülheim an der Ruhr,4.047950744628906,SU35,year,days_with_air_temperature_above_or_equal_threshold,days,7
05119_05170_05512_05113_05117_05112_Region_um_Oberhausen,4.077507972717285,SU35,year,days_with_air_temperature_above_or_equal_threshold,days,7
05119_Oberhausen,4.318683624267578,SU35,year,days_with_air_temperature_above_or_equal_threshold,days,7
05120_05124_05122_05378_05374_Region_um_Remscheid,2.926518678665161,SU35,year,days_with_air_temperature_above_or_equal_threshold,days,7
05120_Remscheid,2.715808868408203,SU35,year,days_with_air_temperature_above_or_equal_threshold,days,7
05122_05158_05124_05378_05120_Region_um_Solingen,3.4045815467834473,SU35,year,days_with_air_temperature_above_or_equal_threshold,days,7
05122_Solingen,3.454456329345703,SU35,year,days_with_air_temperature_above_or_equal_threshold,days,7
05124_05122_05120_05158_05954_05374_Region_um_Wuppertal,2.9054512977600098,SU35,year,days_with_air_temperature_above_or_equal_threshold,days,7
05124_Wuppertal,2.8879330158233643,SU35,year,days_with_air_temperature_above_or_equal_threshold,days,7
05154_Kleve,3.9151370525360107,SU35,year,days_with_air_temperature_above_or_equal_threshold,days,7
05158_Mettmann,3.6938223838806152,SU35,year,days_with_air_temperature_above_or_equal_threshold,days,7
05162_Rhein-Kreis Neuss,4.474610328674316,SU35,year,days_with_air_temperature_above_or_equal_threshold,days,7
05166_Viersen,4.095196723937988,SU35,year,days_with_air_temperature_above_or_equal_threshold,days,7
05170_Wesel,4.2565412521362305,SU35,year,days_with_air_temperature_above_or_equal_threshold,days,7
05314_05382_Region_um_Bonn,4.383693695068359,SU35,year,days_with_air_temperature_above_or_equal_threshold,days,7
05314_Bonn,4.746922969818115,SU35,year,days_with_air_temperature_above_or_equal_threshold,days,7
05315_Köln,4.9634599685668945,SU35,year,days_with_air_temperature_above_or_equal_threshold,days,7
05316_05315_05378_05158_Region_um_Leverkusen,4.063649654388428,SU35,year,days_with_air_temperature_above_or_equal_threshold,days,7
05316_Leverkusen,4.403954982757568,SU35,year,days_with_air_temperature_above_or_equal_threshold,days,7
05334_Städteregion Aachen,2.498762607574463,SU35,year,days_with_air_temperature_above_or_equal_threshold,days,7
05358_Düren,3.6801137924194336,SU35,year,days_with_air_temperature_above_or_equal_threshold,days,7
05362_Rhein-Erft-Kreis,4.863814830780029,SU35,year,days_with_air_temperature_above_or_equal_threshold,days,7
05366_Euskirchen,2.2449142932891846,SU35,year,days_with_air_temperature_above_or_equal_threshold,days,7
05370_Heinsberg,4.139173984527588,SU35,year,days_with_air_temperature_above_or_equal_threshold,days,7
05374_Oberbergischer Kreis,2.714275598526001,SU35,year,days_with_air_temperature_above_or_equal_threshold,days,7
05378_Rheinisch-Bergischer Kreis,3.618591070175171,SU35,year,days_with_air_temperature_above_or_equal_threshold,days,7
05382_Rhein-Sieg-Kreis,4.338187217712402,SU35,year,days_with_air_temperature_above_or_equal_threshold,days,7
05512_05119_05513_05113_05170_05562_Region_um_Bottrop,4.015636444091797,SU35,year,days_with_air_temperature_above_or_equal_threshold,days,7
05512_Bottrop,4.140141487121582,SU35,year,days_with_air_temperature_above_or_equal_threshold,days,7
05513_05113_05916_05911_05562_05512_Region_um_Gelsenkirchen,4.028250694274902,SU35,year,days_with_air_temperature_above_or_equal_threshold,days,7
05513_Gelsenkirchen,4.246589660644531,SU35,year,days_with_air_temperature_above_or_equal_threshold,days,7
05515_05566_05558_05570_Region_um_Münster,4.040548324584961,SU35,year,days_with_air_temperature_above_or_equal_threshold,days,7
05515_Münster,4.254563331604004,SU35,year,days_with_air_temperature_above_or_equal_threshold,days,7
05554_Borken,3.820378303527832,SU35,year,days_with_air_temperature_above_or_equal_threshold,days,7
05558_Coesfeld,3.8254172801971436,SU35,year,days_with_air_temperature_above_or_equal_threshold,days,7
05562_Recklinghausen,4.037107467651367,SU35,year,days_with_air_temperature_above_or_equal_threshold,days,7
05566_Steinfurt,3.898559808731079,SU35,year,days_with_air_temperature_above_or_equal_threshold,days,7
05570_Warendorf,4.391914367675781,SU35,year,days_with_air_temperature_above_or_equal_threshold,days,7
05711_05754_05758_05766_Region_um_Bielefeld,3.9464144706726074,SU35,year,days_with_air_temperature_above_or_equal_threshold,days,7
05711_Bielefeld,3.7915258407592773,SU35,year,days_with_air_temperature_above_or_equal_threshold,days,7
05754_Gütersloh,4.332137107849121,SU35,year,days_with_air_temperature_above_or_equal_threshold,days,7
05758_Herford,3.807574987411499,SU35,year,days_with_air_temperature_above_or_equal_threshold,days,7
05762_Höxter,3.690110206604004,SU35,year,days_with_air_temperature_above_or_equal_threshold,days,7
05766_Lippe,3.730524778366089,SU35,year,days_with_air_temperature_above_or_equal_threshold,days,7
05770_Minden-Lübbecke,4.295088768005371,SU35,year,days_with_air_temperature_above_or_equal_threshold,days,7
05774_Paderborn,3.393338680267334,SU35,year,days_with_air_temperature_above_or_equal_threshold,days,7
05911_05954_05913_05513_05113_05916_05562_Region_um_Bochum,3.6991066932678223,SU35,year,days_with_air_temperature_above_or_equal_threshold,days,7
05911_Bochum,4.035861015319824,SU35,year,days_with_air_temperature_above_or_equal_threshold,days,7
05913_05914_05911_05916_05978_05954_05562_Region_um_Dortmund,3.5805792808532715,SU35,year,days_with_air_temperature_above_or_equal_threshold,days,7
05913_Dortmund,3.872905731201172,SU35,year,days_with_air_temperature_above_or_equal_threshold,days,7
05914_05954_05913_05978_05962_Region_um_Hagen,2.8868556022644043,SU35,year,days_with_air_temperature_above_or_equal_threshold,days,7
05914_Hagen,2.6859326362609863,SU35,year,days_with_air_temperature_above_or_equal_threshold,days,7
05915_05978_05974_05570_05558_Region_um_Hamm,3.9170188903808594,SU35,year,days_with_air_temperature_above_or_equal_threshold,days,7
05915_Hamm,4.506164073944092,SU35,year,days_with_air_temperature_above_or_equal_threshold,days,7
05916_05513_05562_05911_Region_um_Herne,4.055019855499268,SU35,year,days_with_air_temperature_above_or_equal_threshold,days,7
05916_Herne,4.199999809265137,SU35,year,days_with_air_temperature_above_or_equal_threshold,days,7
05954_Ennepe-Ruhr-Kreis,2.7151081562042236,SU35,year,days_with_air_temperature_above_or_equal_threshold,days,7
05958_Hochsauerlandkreis,1.778334617614746,SU35,year,days_with_air_temperature_above_or_equal_threshold,days,7
05962_Märkischer Kreis,2.286022424697876,SU35,year,days_with_air_temperature_above_or_equal_threshold,days,7
05966_Olpe,2.0455105304718018,SU35,year,days_with_air_temperature_above_or_equal_threshold,days,7
05970_Siegen-Wittgenstein,2.1012072563171387,SU35,year,days_with_air_temperature_above_or_equal_threshold,days,7
05974_Soest,3.450915813446045,SU35,year,days_with_air_temperature_above_or_equal_threshold,days,7
05978_Unna,3.9059581756591797,SU35,year,days_with_air_temperature_above_or_equal_threshold,days,7
06411_06432_06438_Region_um_Darmstadt,7.630455017089844,SU35,year,days_with_air_temperature_above_or_equal_threshold,days,7
06411_Darmstadt,7.87846040725708,SU35,year,days_with_air_temperature_above_or_equal_threshold,days,7
06412_06413_06436_06434_06440_06435_06438_06433_Region_um_Frankfurt_am_Main,6.186210632324219,SU35,year,days_with_air_temperature_above_or_equal_threshold,days,7
06412_Frankfurt am Main,7.359579086303711,SU35,year,days_with_air_temperature_above_or_equal_threshold,days,7
06413_06438_06435_06412_Region_um_Offenbach_am_Main,6.136466979980469,SU35,year,days_with_air_temperature_above_or_equal_threshold,days,7
06413_Offenbach am Main,7.846320152282715,SU35,year,days_with_air_temperature_above_or_equal_threshold,days,7
06414_07315_07339_06439_06436_06433_Region_um_Wiesbaden,6.476217746734619,SU35,year,days_with_air_temperature_above_or_equal_threshold,days,7
06414_Wiesbaden,5.950016975402832,SU35,year,days_with_air_temperature_above_or_equal_threshold,days,7
06431_Bergstraße,7.588831901550293,SU35,year,days_with_air_temperature_above_or_equal_threshold,days,7
06432_Darmstadt-Dieburg,7.406601905822754,SU35,year,days_with_air_temperature_above_or_equal_threshold,days,7
06433_Groß-Gerau,8.497089385986328,SU35,year,days_with_air_temperature_above_or_equal_threshold,days,7
06434_Hochtaunuskreis,4.971731662750244,SU35,year,days_with_air_temperature_above_or_equal_threshold,days,7
06435_Main-Kinzig-Kreis,5.408404350280762,SU35,year,days_with_air_temperature_above_or_equal_threshold,days,7
06436_06412_06414_06433_06439_06434_Region_um_Main-Taunus-Kreis,6.048394680023193,SU35,year,days_with_air_temperature_above_or_equal_threshold,days,7
06436_Main-Taunus-Kreis,6.283570766448975,SU35,year,days_with_air_temperature_above_or_equal_threshold,days,7
06437_Odenwaldkreis,5.528189182281494,SU35,year,days_with_air_temperature_above_or_equal_threshold,days,7
06438_06432_06411_06433_06413_06435_06412_09671_Region_um_Offenbach,6.623290538787842,SU35,year,days_with_air_temperature_above_or_equal_threshold,days,7
06438_Offenbach,8.13778305053711,SU35,year,days_with_air_temperature_above_or_equal_threshold,days,7
06439_Rheingau-Taunus-Kreis,4.929838180541992,SU35,year,days_with_air_temperature_above_or_equal_threshold,days,7
06440_Wetteraukreis,5.955265045166016,SU35,year,days_with_air_temperature_above_or_equal_threshold,days,7
06531_Gießen,5.105418682098389,SU35,year,days_with_air_temperature_above_or_equal_threshold,days,7
06532_Lahn-Dill-Kreis,3.751370906829834,SU35,year,days_with_air_temperature_above_or_equal_threshold,days,7
06533_Limburg-Weilburg,4.819750785827637,SU35,year,days_with_air_temperature_above_or_equal_threshold,days,7
06534_Marburg-Biedenkopf,4.061872482299805,SU35,year,days_with_air_temperature_above_or_equal_threshold,days,7
06535_Vogelsbergkreis,3.654686450958252,SU35,year,days_with_air_temperature_above_or_equal_threshold,days,7
06611_06633_03159_Region_um_Kassel,3.7709531784057617,SU35,year,days_with_air_temperature_above_or_equal_threshold,days,7
06611_Kassel,3.908336877822876,SU35,year,days_with_air_temperature_above_or_equal_threshold,days,7
06631_Fulda,3.295024871826172,SU35,year,days_with_air_temperature_above_or_equal_threshold,days,7
06632_Hersfeld-Rotenburg,4.048562526702881,SU35,year,days_with_air_temperature_above_or_equal_threshold,days,7
06633_Kassel,3.8419344425201416,SU35,year,days_with_air_temperature_above_or_equal_threshold,days,7
06634_Schwalm-Eder-Kreis,4.049463272094727,SU35,year,days_with_air_temperature_above_or_equal_threshold,days,7
06635_Waldeck-Frankenberg,2.8480002880096436,SU35,year,days_with_air_temperature_above_or_equal_threshold,days,7
06636_Werra-Meißner-Kreis,3.92075777053833,SU35,year,days_with_air_temperature_above_or_equal_threshold,days,7
07111_07137_07141_07143_Region_um_Koblenz,4.311062335968018,SU35,year,days_with_air_temperature_above_or_equal_threshold,days,7
07111_Koblenz,5.360228538513184,SU35,year,days_with_air_temperature_above_or_equal_threshold,days,7
07131_Ahrweiler,3.198748826980591,SU35,year,days_with_air_temperature_above_or_equal_threshold,days,7
07132_Altenkirchen (Westerwald),3.090243339538574,SU35,year,days_with_air_temperature_above_or_equal_threshold,days,7
07133_Bad Kreuznach,5.834741592407227,SU35,year,days_with_air_temperature_above_or_equal_threshold,days,7
07134_Birkenfeld,3.4547016620635986,SU35,year,days_with_air_temperature_above_or_equal_threshold,days,7
07135_Cochem-Zell,4.156664848327637,SU35,year,days_with_air_temperature_above_or_equal_threshold,days,7
07137_Mayen-Koblenz,4.530020713806152,SU35,year,days_with_air_temperature_above_or_equal_threshold,days,7
07138_Neuwied,4.483544826507568,SU35,year,days_with_air_temperature_above_or_equal_threshold,days,7
07140_Rhein-Hunsrück-Kreis,4.024898529052734,SU35,year,days_with_air_temperature_above_or_equal_threshold,days,7
07141_Rhein-Lahn-Kreis,5.0534348487854,SU35,year,days_with_air_temperature_above_or_equal_threshold,days,7
07143_Westerwaldkreis,3.4258265495300293,SU35,year,days_with_air_temperature_above_or_equal_threshold,days,7
07211_07235_Region_um_Trier,4.367504596710205,SU35,year,days_with_air_temperature_above_or_equal_threshold,days,7
07211_Trier,4.924823760986328,SU35,year,days_with_air_temperature_above_or_equal_threshold,days,7
07231_Bernkastel-Wittlich,4.10943603515625,SU35,year,days_with_air_temperature_above_or_equal_threshold,days,7
07232_Eifelkreis Bitburg-Prüm,2.651756763458252,SU35,year,days_with_air_temperature_above_or_equal_threshold,days,7
07233_Vulkaneifel,1.7472808361053467,SU35,year,days_with_air_temperature_above_or_equal_threshold,days,7
07235_Trier-Saarburg,4.304527282714844,SU35,year,days_with_air_temperature_above_or_equal_threshold,days,7
07311_07318_07314_07338_08222_Region_um_Frankenthal_(Pfalz),10.024503707885742,SU35,year,days_with_air_temperature_above_or_equal_threshold,days,7
07311_Frankenthal (Pfalz),10.074118614196777,SU35,year,days_with_air_temperature_above_or_equal_threshold,days,7
07312_07335_07332_Region_um_Kaiserslautern,6.282289505004883,SU35,year,days_with_air_temperature_above_or_equal_threshold,days,7
07312_Kaiserslautern,5.637030124664307,SU35,year,days_with_air_temperature_above_or_equal_threshold,days,7
07313_07337_Region_um_Landau_in_der_Pfalz,7.17645263671875,SU35,year,days_with_air_temperature_above_or_equal_threshold,days,7
07313_Landau in der Pfalz,6.976205348968506,SU35,year,days_with_air_temperature_above_or_equal_threshold,days,7
07314_07311_07338_08222_Region_um_Ludwigshafen_am_Rhein,10.025033950805664,SU35,year,days_with_air_temperature_above_or_equal_threshold,days,7
07314_Ludwigshafen am Rhein,10.090375900268555,SU35,year,days_with_air_temperature_above_or_equal_threshold,days,7
07315_07339_06414_06433_Region_um_Mainz,7.435359954833984,SU35,year,days_with_air_temperature_above_or_equal_threshold,days,7
07315_Mainz,7.532057285308838,SU35,year,days_with_air_temperature_above_or_equal_threshold,days,7
07316_07337_07332_07313_Region_um_Neustadt_an_der_Weinstraße,7.099171161651611,SU35,year,days_with_air_temperature_above_or_equal_threshold,days,7
07316_Neustadt an der Weinstraße,7.494548320770264,SU35,year,days_with_air_temperature_above_or_equal_threshold,days,7
07317_07340_Region_um_Pirmasens,5.7706708908081055,SU35,year,days_with_air_temperature_above_or_equal_threshold,days,7
07317_Pirmasens,5.67106819152832,SU35,year,days_with_air_temperature_above_or_equal_threshold,days,7
07318_07311_07314_07338_08215_08226_08212_Region_um_Speyer,9.07456111907959,SU35,year,days_with_air_temperature_above_or_equal_threshold,days,7
07318_Speyer,10.016818046569824,SU35,year,days_with_air_temperature_above_or_equal_threshold,days,7
07319_07331_07332_06431_07338_07311_07318_07314_Region_um_Worms,7.97775411605835,SU35,year,days_with_air_temperature_above_or_equal_threshold,days,7
07319_Worms,9.119304656982422,SU35,year,days_with_air_temperature_above_or_equal_threshold,days,7
07320_07340_10045_07317_Region_um_Zweibrücken,5.83616828918457,SU35,year,days_with_air_temperature_above_or_equal_threshold,days,7
07320_Zweibrücken,5.942305564880371,SU35,year,days_with_air_temperature_above_or_equal_threshold,days,7
07331_Alzey-Worms,7.7146806716918945,SU35,year,days_with_air_temperature_above_or_equal_threshold,days,7
07332_Bad Dürkheim,6.935503959655762,SU35,year,days_with_air_temperature_above_or_equal_threshold,days,7
07333_Donnersbergkreis,6.355529308319092,SU35,year,days_with_air_temperature_above_or_equal_threshold,days,7
07334_Germersheim,9.543316841125488,SU35,year,days_with_air_temperature_above_or_equal_threshold,days,7
07335_Kaiserslautern,5.803404808044434,SU35,year,days_with_air_temperature_above_or_equal_threshold,days,7
07336_Kusel,5.781183242797852,SU35,year,days_with_air_temperature_above_or_equal_threshold,days,7
07337_Südliche Weinstraße,7.205124855041504,SU35,year,days_with_air_temperature_above_or_equal_threshold,days,7
07338_07311_07318_07314_08222_08226_08215_07334_07337_07313_07316_07332_07319_08221_08212_Region_um_Rhein-Pfalz-Kreis,8.573087692260742,SU35,year,days_with_air_temperature_above_or_equal_threshold,days,7
07338_Rhein-Pfalz-Kreis,9.931665420532227,SU35,year,days_with_air_temperature_above_or_equal_threshold,days,7
07339_Mainz-Bingen,7.141237258911133,SU35,year,days_with_air_temperature_above_or_equal_threshold,days,7
07340_Südwestpfalz,5.777584075927734,SU35,year,days_with_air_temperature_above_or_equal_threshold,days,7
08111_08115_08116_08118_08119_Region_um_Stuttgart,6.764423847198486,SU35,year,days_with_air_temperature_above_or_equal_threshold,days,7
08111_Stuttgart,7.161863327026367,SU35,year,days_with_air_temperature_above_or_equal_threshold,days,7
08115_Böblingen,5.506720066070557,SU35,year,days_with_air_temperature_above_or_equal_threshold,days,7
08116_Esslingen,6.248770236968994,SU35,year,days_with_air_temperature_above_or_equal_threshold,days,7
08117_Göppingen,4.637631893157959,SU35,year,days_with_air_temperature_above_or_equal_threshold,days,7
08118_Ludwigsburg,8.110787391662598,SU35,year,days_with_air_temperature_above_or_equal_threshold,days,7
08119_Rems-Murr-Kreis,6.869932651519775,SU35,year,days_with_air_temperature_above_or_equal_threshold,days,7
08121_08125_Region_um_Heilbronn,8.461762428283691,SU35,year,days_with_air_temperature_above_or_equal_threshold,days,7
08121_Heilbronn,8.802581787109375,SU35,year,days_with_air_temperature_above_or_equal_threshold,days,7
08125_Heilbronn,8.428483009338379,SU35,year,days_with_air_temperature_above_or_equal_threshold,days,7
08126_Hohenlohekreis,7.194664478302002,SU35,year,days_with_air_temperature_above_or_equal_threshold,days,7
08127_Schwäbisch Hall,5.619476318359375,SU35,year,days_with_air_temperature_above_or_equal_threshold,days,7
08128_Main-Tauber-Kreis,6.992319583892822,SU35,year,days_with_air_temperature_above_or_equal_threshold,days,7
08135_Heidenheim,4.108125686645508,SU35,year,days_with_air_temperature_above_or_equal_threshold,days,7
08136_Ostalbkreis,4.648662567138672,SU35,year,days_with_air_temperature_above_or_equal_threshold,days,7
08211_08216_Region_um_Baden-Baden,6.573976516723633,SU35,year,days_with_air_temperature_above_or_equal_threshold,days,7
08211_Baden-Baden,6.259528636932373,SU35,year,days_with_air_temperature_above_or_equal_threshold,days,7
08212_08215_07334_Region_um_Karlsruhe,9.395818710327148,SU35,year,days_with_air_temperature_above_or_equal_threshold,days,7
08212_Karlsruhe,10.023759841918945,SU35,year,days_with_air_temperature_above_or_equal_threshold,days,7
08215_Karlsruhe,9.230574607849121,SU35,year,days_with_air_temperature_above_or_equal_threshold,days,7
08216_Rastatt,6.63275671005249,SU35,year,days_with_air_temperature_above_or_equal_threshold,days,7
08221_08226_08222_Region_um_Heidelberg,8.561527252197266,SU35,year,days_with_air_temperature_above_or_equal_threshold,days,7
08221_Heidelberg,8.486173629760742,SU35,year,days_with_air_temperature_above_or_equal_threshold,days,7
08222_08221_08226_06431_07338_07311_07318_07314_Region_um_Mannheim,8.548087120056152,SU35,year,days_with_air_temperature_above_or_equal_threshold,days,7
08222_Mannheim,10.16879940032959,SU35,year,days_with_air_temperature_above_or_equal_threshold,days,7
08225_Neckar-Odenwald-Kreis,6.47282600402832,SU35,year,days_with_air_temperature_above_or_equal_threshold,days,7
08226_Rhein-Neckar-Kreis,8.344183921813965,SU35,year,days_with_air_temperature_above_or_equal_threshold,days,7
08231_08236_08235_Region_um_Pforzheim,4.599712371826172,SU35,year,days_with_air_temperature_above_or_equal_threshold,days,7
08231_Pforzheim,5.764825344085693,SU35,year,days_with_air_temperature_above_or_equal_threshold,days,7
08235_Calw,3.0572025775909424,SU35,year,days_with_air_temperature_above_or_equal_threshold,days,7
08236_Enzkreis,6.530621528625488,SU35,year,days_with_air_temperature_above_or_equal_threshold,days,7
08237_Freudenstadt,2.6958274841308594,SU35,year,days_with_air_temperature_above_or_equal_threshold,days,7
08311_08316_08315_Region_um_Freiburg_im_Breisgau,5.132883071899414,SU35,year,days_with_air_temperature_above_or_equal_threshold,days,7
08311_Freiburg im Breisgau,6.620355129241943,SU35,year,days_with_air_temperature_above_or_equal_threshold,days,7
08315_Breisgau-Hochschwarzwald,4.211091995239258,SU35,year,days_with_air_temperature_above_or_equal_threshold,days,7
08316_Emmendingen,6.668717384338379,SU35,year,days_with_air_temperature_above_or_equal_threshold,days,7
08317_Ortenaukreis,6.679520130157471,SU35,year,days_with_air_temperature_above_or_equal_threshold,days,7
08325_Rottweil,2.906615972518921,SU35,year,days_with_air_temperature_above_or_equal_threshold,days,7
08326_Schwarzwald-Baar-Kreis,1.9724384546279907,SU35,year,days_with_air_temperature_above_or_equal_threshold,days,7
08327_Tuttlingen,2.971749782562256,SU35,year,days_with_air_temperature_above_or_equal_threshold,days,7
08335_Konstanz,3.8271639347076416,SU35,year,days_with_air_temperature_above_or_equal_threshold,days,7
08336_Lörrach,5.144164085388184,SU35,year,days_with_air_temperature_above_or_equal_threshold,days,7
08337_Waldshut,4.037238121032715,SU35,year,days_with_air_temperature_above_or_equal_threshold,days,7
08415_Reutlingen,2.7188167572021484,SU35,year,days_with_air_temperature_above_or_equal_threshold,days,7
08416_Tübingen,5.541733741760254,SU35,year,days_with_air_temperature_above_or_equal_threshold,days,7
08417_Zollernalbkreis,2.7291176319122314,SU35,year,days_with_air_temperature_above_or_equal_threshold,days,7
08421_08425_09775_Region_um_Ulm,3.8547399044036865,SU35,year,days_with_air_temperature_above_or_equal_threshold,days,7
08421_Ulm,4.355081081390381,SU35,year,days_with_air_temperature_above_or_equal_threshold,days,7
08425_Alb-Donau-Kreis,3.523371934890747,SU35,year,days_with_air_temperature_above_or_equal_threshold,days,7
08426_Biberach,3.6055188179016113,SU35,year,days_with_air_temperature_above_or_equal_threshold,days,7
08435_Bodenseekreis,3.505030393600464,SU35,year,days_with_air_temperature_above_or_equal_threshold,days,7
08436_Ravensburg,2.450737953186035,SU35,year,days_with_air_temperature_above_or_equal_threshold,days,7
08437_Sigmaringen,2.622960090637207,SU35,year,days_with_air_temperature_above_or_equal_threshold,days,7
09161_09176_09185_09186_Region_um_Ingolstadt,5.952579021453857,SU35,year,days_with_air_temperature_above_or_equal_threshold,days,7
09161_Ingolstadt,6.862438201904297,SU35,year,days_with_air_temperature_above_or_equal_threshold,days,7
09162_09184_09179_09174_Region_um_München,3.751389265060425,SU35,year,days_with_air_temperature_above_or_equal_threshold,days,7
09162_München,4.174043655395508,SU35,year,days_with_air_temperature_above_or_equal_threshold,days,7
09163_09187_Region_um_Rosenheim,3.1788532733917236,SU35,year,days_with_air_temperature_above_or_equal_threshold,days,7
09163_Rosenheim,4.233333587646484,SU35,year,days_with_air_temperature_above_or_equal_threshold,days,7
09171_Altötting,5.02225399017334,SU35,year,days_with_air_temperature_above_or_equal_threshold,days,7
09172_Berchtesgadener Land,1.4579724073410034,SU35,year,days_with_air_temperature_above_or_equal_threshold,days,7
09173_Bad Tölz-Wolfratshausen,1.418534755706787,SU35,year,days_with_air_temperature_above_or_equal_threshold,days,7
09174_Dachau,4.670527935028076,SU35,year,days_with_air_temperature_above_or_equal_threshold,days,7
09175_Ebersberg,3.7266149520874023,SU35,year,days_with_air_temperature_above_or_equal_threshold,days,7
09176_Eichstätt,5.528329849243164,SU35,year,days_with_air_temperature_above_or_equal_threshold,days,7
09177_Erding,4.876168727874756,SU35,year,days_with_air_temperature_above_or_equal_threshold,days,7
09178_Freising,5.382390022277832,SU35,year,days_with_air_temperature_above_or_equal_threshold,days,7
09179_Fürstenfeldbruck,3.347728729248047,SU35,year,days_with_air_temperature_above_or_equal_threshold,days,7
09180_Garmisch-Partenkirchen,0.659166693687439,SU35,year,days_with_air_temperature_above_or_equal_threshold,days,7
09181_Landsberg am Lech,2.485250949859619,SU35,year,days_with_air_temperature_above_or_equal_threshold,days,7
09182_Miesbach,1.0714696645736694,SU35,year,days_with_air_temperature_above_or_equal_threshold,days,7
09183_Mühldorf a. Inn,4.762165069580078,SU35,year,days_with_air_temperature_above_or_equal_threshold,days,7
09184_München,3.4318881034851074,SU35,year,days_with_air_temperature_above_or_equal_threshold,days,7
09185_Neuburg-Schrobenhausen,6.3090410232543945,SU35,year,days_with_air_temperature_above_or_equal_threshold,days,7
09186_Pfaffenhofen a.d. Ilm,6.121057033538818,SU35,year,days_with_air_temperature_above_or_equal_threshold,days,7
09187_Rosenheim,3.149620532989502,SU35,year,days_with_air_temperature_above_or_equal_threshold,days,7
09188_Starnberg,2.787238836288452,SU35,year,days_with_air_temperature_above_or_equal_threshold,days,7
09189_Traunstein,3.0496745109558105,SU35,year,days_with_air_temperature_above_or_equal_threshold,days,7
09190_Weilheim-Schongau,1.8087899684906006,SU35,year,days_with_air_temperature_above_or_equal_threshold,days,7
09261_09274_Region_um_Landshut,5.687020301818848,SU35,year,days_with_air_temperature_above_or_equal_threshold,days,7
09261_Landshut,5.709356784820557,SU35,year,days_with_air_temperature_above_or_equal_threshold,days,7
09262_09275_Region_um_Passau,6.487531661987305,SU35,year,days_with_air_temperature_above_or_equal_threshold,days,7
09262_Passau,7.312543869018555,SU35,year,days_with_air_temperature_above_or_equal_threshold,days,7
09263_09278_Region_um_Straubing,5.8942461013793945,SU35,year,days_with_air_temperature_above_or_equal_threshold,days,7
09263_Straubing,6.462860107421875,SU35,year,days_with_air_temperature_above_or_equal_threshold,days,7
09271_Deggendorf,5.9198126792907715,SU35,year,days_with_air_temperature_above_or_equal_threshold,days,7
09272_Freyung-Grafenau,2.521197557449341,SU35,year,days_with_air_temperature_above_or_equal_threshold,days,7
09273_Kelheim,6.056830883026123,SU35,year,days_with_air_temperature_above_or_equal_threshold,days,7
09274_Landshut,5.685824871063232,SU35,year,days_with_air_temperature_above_or_equal_threshold,days,7
09275_Passau,6.449286937713623,SU35,year,days_with_air_temperature_above_or_equal_threshold,days,7
09276_Regen,2.8214330673217773,SU35,year,days_with_air_temperature_above_or_equal_threshold,days,7
09277_Rottal-Inn,5.7916259765625,SU35,year,days_with_air_temperature_above_or_equal_threshold,days,7
09278_Straubing-Bogen,5.878115177154541,SU35,year,days_with_air_temperature_above_or_equal_threshold,days,7
09279_Dingolfing-Landau,6.6474127769470215,SU35,year,days_with_air_temperature_above_or_equal_threshold,days,7
09361_09371_Region_um_Amberg,4.84979772567749,SU35,year,days_with_air_temperature_above_or_equal_threshold,days,7
09361_Amberg,5.255418300628662,SU35,year,days_with_air_temperature_above_or_equal_threshold,days,7
09362_09375_Region_um_Regensburg,5.971999168395996,SU35,year,days_with_air_temperature_above_or_equal_threshold,days,7
09362_Regensburg,6.423069000244141,SU35,year,days_with_air_temperature_above_or_equal_threshold,days,7
09363_09374_Region_um_Weiden_in_der_Oberpfalz,3.840877056121826,SU35,year,days_with_air_temperature_above_or_equal_threshold,days,7
09363_Weiden i.d. OPf.,4.273634433746338,SU35,year,days_with_air_temperature_above_or_equal_threshold,days,7
09371_Amberg-Sulzbach,4.832870960235596,SU35,year,days_with_air_temperature_above_or_equal_threshold,days,7
09372_Cham,4.131644248962402,SU35,year,days_with_air_temperature_above_or_equal_threshold,days,7
09373_Neumarkt i.d. OPf.,4.591249465942383,SU35,year,days_with_air_temperature_above_or_equal_threshold,days,7
09374_Neustadt a.d. Waldnaab,3.818852663040161,SU35,year,days_with_air_temperature_above_or_equal_threshold,days,7
09375_Regensburg,5.943638801574707,SU35,year,days_with_air_temperature_above_or_equal_threshold,days,7
09376_Schwandorf,4.930814743041992,SU35,year,days_with_air_temperature_above_or_equal_threshold,days,7
09377_Tirschenreuth,3.089059352874756,SU35,year,days_with_air_temperature_above_or_equal_threshold,days,7
09461_09471_Region_um_Bamberg,6.184867858886719,SU35,year,days_with_air_temperature_above_or_equal_threshold,days,7
09461_Bamberg,6.6186652183532715,SU35,year,days_with_air_temperature_above_or_equal_threshold,days,7
09462_09472_Region_um_Bayreuth,3.7448668479919434,SU35,year,days_with_air_temperature_above_or_equal_threshold,days,7
09462_Bayreuth,3.9759440422058105,SU35,year,days_with_air_temperature_above_or_equal_threshold,days,7
09463_09473_Region_um_Coburg,4.971927165985107,SU35,year,days_with_air_temperature_above_or_equal_threshold,days,7
09463_Coburg,5.521711826324463,SU35,year,days_with_air_temperature_above_or_equal_threshold,days,7
09464_09475_Region_um_Hof,2.3522121906280518,SU35,year,days_with_air_temperature_above_or_equal_threshold,days,7
09464_Hof,2.4271140098571777,SU35,year,days_with_air_temperature_above_or_equal_threshold,days,7
09471_Bamberg,6.163461685180664,SU35,year,days_with_air_temperature_above_or_equal_threshold,days,7
09472_Bayreuth,3.732081890106201,SU35,year,days_with_air_temperature_above_or_equal_threshold,days,7
09473_Coburg,4.931347370147705,SU35,year,days_with_air_temperature_above_or_equal_threshold,days,7
09474_Forchheim,5.921976089477539,SU35,year,days_with_air_temperature_above_or_equal_threshold,days,7
09475_Hof,2.3474106788635254,SU35,year,days_with_air_temperature_above_or_equal_threshold,days,7
09476_Kronach,2.9779253005981445,SU35,year,days_with_air_temperature_above_or_equal_threshold,days,7
09477_Kulmbach,3.8385353088378906,SU35,year,days_with_air_temperature_above_or_equal_threshold,days,7
09478_Lichtenfels,5.384850978851318,SU35,year,days_with_air_temperature_above_or_equal_threshold,days,7
09479_Wunsiedel i. Fichtelgebirge,2.394437789916992,SU35,year,days_with_air_temperature_above_or_equal_threshold,days,7
09561_09571_Region_um_Ansbach,5.693149089813232,SU35,year,days_with_air_temperature_above_or_equal_threshold,days,7
09561_Ansbach,5.842281341552734,SU35,year,days_with_air_temperature_above_or_equal_threshold,days,7
09562_09572_09564_09563_Region_um_Erlangen,7.253291130065918,SU35,year,days_with_air_temperature_above_or_equal_threshold,days,7
09562_Erlangen,7.340548515319824,SU35,year,days_with_air_temperature_above_or_equal_threshold,days,7
09563_09573_09562_09564_Region_um_Fürth,7.137206077575684,SU35,year,days_with_air_temperature_above_or_equal_threshold,days,7
09563_Fürth,7.40000057220459,SU35,year,days_with_air_temperature_above_or_equal_threshold,days,7
09564_09563_09574_09565_09573_09572_09576_09562_Region_um_Nürnberg,6.330409049987793,SU35,year,days_with_air_temperature_above_or_equal_threshold,days,7
09564_Nürnberg,7.055933952331543,SU35,year,days_with_air_temperature_above_or_equal_threshold,days,7
09565_09576_09564_Region_um_Schwabach,6.2371697425842285,SU35,year,days_with_air_temperature_above_or_equal_threshold,days,7
09565_Schwabach,6.79024600982666,SU35,year,days_with_air_temperature_above_or_equal_threshold,days,7
09571_Ansbach,5.685062408447266,SU35,year,days_with_air_temperature_above_or_equal_threshold,days,7
09572_Erlangen-Höchstadt,7.286077499389648,SU35,year,days_with_air_temperature_above_or_equal_threshold,days,7
09573_09572_09562_09563_09574_09565_09576_09561_09571_09575_09564_Region_um_Fürth,6.244901180267334,SU35,year,days_with_air_temperature_above_or_equal_threshold,days,7
09573_Fürth,7.075827121734619,SU35,year,days_with_air_temperature_above_or_equal_threshold,days,7
09574_Nürnberger Land,5.3023200035095215,SU35,year,days_with_air_temperature_above_or_equal_threshold,days,7
09575_Neustadt a.d. Aisch-Bad Windsheim,6.942195415496826,SU35,year,days_with_air_temperature_above_or_equal_threshold,days,7
09576_Roth,6.047365665435791,SU35,year,days_with_air_temperature_above_or_equal_threshold,days,7
09577_Weißenburg-Gunzenhausen,5.3378095626831055,SU35,year,days_with_air_temperature_above_or_equal_threshold,days,7
09661_09671_09676_Region_um_Aschaffenburg,6.0127787590026855,SU35,year,days_with_air_temperature_above_or_equal_threshold,days,7
09661_Aschaffenburg,7.064733505249023,SU35,year,days_with_air_temperature_above_or_equal_threshold,days,7
09662_09678_Region_um_Schweinfurt,6.908154487609863,SU35,year,days_with_air_temperature_above_or_equal_threshold,days,7
09662_Schweinfurt,6.8785529136657715,SU35,year,days_with_air_temperature_above_or_equal_threshold,days,7
09663_09679_Region_um_Würzburg,7.697508335113525,SU35,year,days_with_air_temperature_above_or_equal_threshold,days,7
09663_Würzburg,7.917248725891113,SU35,year,days_with_air_temperature_above_or_equal_threshold,days,7
09671_Aschaffenburg,5.9970784187316895,SU35,year,days_with_air_temperature_above_or_equal_threshold,days,7
09672_Bad Kissingen,4.905916213989258,SU35,year,days_with_air_temperature_above_or_equal_threshold,days,7
09673_Rhön-Grabfeld,4.135240077972412,SU35,year,days_with_air_temperature_above_or_equal_threshold,days,7
09674_Haßberge,6.053235054016113,SU35,year,days_with_air_temperature_above_or_equal_threshold,days,7
09675_Kitzingen,7.530202388763428,SU35,year,days_with_air_temperature_above_or_equal_threshold,days,7
09676_Miltenberg,5.953119277954102,SU35,year,days_with_air_temperature_above_or_equal_threshold,days,7
09677_Main-Spessart,6.015192031860352,SU35,year,days_with_air_temperature_above_or_equal_threshold,days,7
09678_Schweinfurt,6.909430027008057,SU35,year,days_with_air_temperature_above_or_equal_threshold,days,7
09679_Würzburg,7.675137519836426,SU35,year,days_with_air_temperature_above_or_equal_threshold,days,7
09761_09772_09771_Region_um_Augsburg,4.93196439743042,SU35,year,days_with_air_temperature_above_or_equal_threshold,days,7
09761_Augsburg,4.663987636566162,SU35,year,days_with_air_temperature_above_or_equal_threshold,days,7
09762_09777_Region_um_Kaufbeuren,1.20999276638031,SU35,year,days_with_air_temperature_above_or_equal_threshold,days,7
09762_Kaufbeuren,1.5211583375930786,SU35,year,days_with_air_temperature_above_or_equal_threshold,days,7
09763_09780_Region_um_Kempten_(Allgäu),0.8456915020942688,SU35,year,days_with_air_temperature_above_or_equal_threshold,days,7
09763_Kempten (Allgäu),1.2637354135513306,SU35,year,days_with_air_temperature_above_or_equal_threshold,days,7
09764_09778_08436_Region_um_Memmingen,2.654419422149658,SU35,year,days_with_air_temperature_above_or_equal_threshold,days,7
09764_Memmingen,2.4453928470611572,SU35,year,days_with_air_temperature_above_or_equal_threshold,days,7
09771_Aichach-Friedberg,5.247607707977295,SU35,year,days_with_air_temperature_above_or_equal_threshold,days,7
09772_Augsburg,4.742269515991211,SU35,year,days_with_air_temperature_above_or_equal_threshold,days,7
09773_Dillingen a.d. Donau,5.551027297973633,SU35,year,days_with_air_temperature_above_or_equal_threshold,days,7
09774_Günzburg,4.982265472412109,SU35,year,days_with_air_temperature_above_or_equal_threshold,days,7
09775_Neu-Ulm,4.609513282775879,SU35,year,days_with_air_temperature_above_or_equal_threshold,days,7
09776_08435_08436_09780_09763_Region_um_Lindau_(Bodensee),1.7110514640808105,SU35,year,days_with_air_temperature_above_or_equal_threshold,days,7
09776_Lindau (Bodensee),1.9954631328582764,SU35,year,days_with_air_temperature_above_or_equal_threshold,days,7
09777_Ostallgäu,1.204089879989624,SU35,year,days_with_air_temperature_above_or_equal_threshold,days,7
09778_Unterallgäu,2.9597325325012207,SU35,year,days_with_air_temperature_above_or_equal_threshold,days,7
09779_Donau-Ries,5.698236465454102,SU35,year,days_with_air_temperature_above_or_equal_threshold,days,7
09780_Oberallgäu,0.8273501992225647,SU35,year,days_with_air_temperature_above_or_equal_threshold,days,7
10041_Regionalverband Saarbrücken,6.0102410316467285,SU35,year,days_with_air_temperature_above_or_equal_threshold,days,7
10042_Merzig-Wadern,4.645674705505371,SU35,year,days_with_air_temperature_above_or_equal_threshold,days,7
10043_10044_10045_10041_10046_07336_Region_um_Neunkirchen,5.468735218048096,SU35,year,days_with_air_temperature_above_or_equal_threshold,days,7
10043_Neunkirchen,5.617160320281982,SU35,year,days_with_air_temperature_above_or_equal_threshold,days,7
10044_Saarlouis,5.512568473815918,SU35,year,days_with_air_temperature_above_or_equal_threshold,days,7
10045_Saarpfalz-Kreis,5.977993011474609,SU35,year,days_with_air_temperature_above_or_equal_threshold,days,7
10046_St. Wendel,4.02568244934082,SU35,year,days_with_air_temperature_above_or_equal_threshold,days,7
11000_Berlin,6.522279262542725,SU35,year,days_with_air_temperature_above_or_equal_threshold,days,7
12051_12063_12069_Region_um_Brandenburg_an_der_Havel,5.97188663482666,SU35,year,days_with_air_temperature_above_or_equal_threshold,days,7
12051_Brandenburg an der Havel,6.277062892913818,SU35,year,days_with_air_temperature_above_or_equal_threshold,days,7
12052_12071_Region_um_Cottbus,7.092922687530518,SU35,year,days_with_air_temperature_above_or_equal_threshold,days,7
12052_Cottbus,7.162578105926514,SU35,year,days_with_air_temperature_above_or_equal_threshold,days,7
12053_12067_12064_Region_um_Frankfurt_(Oder),6.3636603355407715,SU35,year,days_with_air_temperature_above_or_equal_threshold,days,7
12053_Frankfurt (Oder),6.707586765289307,SU35,year,days_with_air_temperature_above_or_equal_threshold,days,7
12054_12063_12069_11000_12051_Region_um_Potsdam,6.079972267150879,SU35,year,days_with_air_temperature_above_or_equal_threshold,days,7
12054_Potsdam,6.605570316314697,SU35,year,days_with_air_temperature_above_or_equal_threshold,days,7
12060_Barnim,5.362553119659424,SU35,year,days_with_air_temperature_above_or_equal_threshold,days,7
12061_Dahme-Spreewald,6.831167221069336,SU35,year,days_with_air_temperature_above_or_equal_threshold,days,7
12062_Elbe-Elster,6.910182952880859,SU35,year,days_with_air_temperature_above_or_equal_threshold,days,7
12063_Havelland,5.942206382751465,SU35,year,days_with_air_temperature_above_or_equal_threshold,days,7
12064_Märkisch-Oderland,6.204413890838623,SU35,year,days_with_air_temperature_above_or_equal_threshold,days,7
12065_Oberhavel,5.2837677001953125,SU35,year,days_with_air_temperature_above_or_equal_threshold,days,7
12066_Oberspreewald-Lausitz,6.938199043273926,SU35,year,days_with_air_temperature_above_or_equal_threshold,days,7
12067_Oder-Spree,6.492288112640381,SU35,year,days_with_air_temperature_above_or_equal_threshold,days,7
12068_Ostprignitz-Ruppin,5.131834506988525,SU35,year,days_with_air_temperature_above_or_equal_threshold,days,7
12069_Potsdam-Mittelmark,5.977659225463867,SU35,year,days_with_air_temperature_above_or_equal_threshold,days,7
12070_Prignitz,4.927253246307373,SU35,year,days_with_air_temperature_above_or_equal_threshold,days,7
12071_Spree-Neiße,7.085811614990234,SU35,year,days_with_air_temperature_above_or_equal_threshold,days,7
12072_Teltow-Fläming,6.585236549377441,SU35,year,days_with_air_temperature_above_or_equal_threshold,days,7
12073_Uckermark,4.58861780166626,SU35,year,days_with_air_temperature_above_or_equal_threshold,days,7
13003_13072_Region_um_Rostock,3.3676676750183105,SU35,year,days_with_air_temperature_above_or_equal_threshold,days,7
13003_Rostock,3.21768856048584,SU35,year,days_with_air_temperature_above_or_equal_threshold,days,7
13004_13076_13074_Region_um_Schwerin,3.9080111980438232,SU35,year,days_with_air_temperature_above_or_equal_threshold,days,7
13004_Schwerin,3.6810340881347656,SU35,year,days_with_air_temperature_above_or_equal_threshold,days,7
13071_Mecklenburgische Seenplatte,3.5913636684417725,SU35,year,days_with_air_temperature_above_or_equal_threshold,days,7
13072_Rostock,3.3754334449768066,SU35,year,days_with_air_temperature_above_or_equal_threshold,days,7
13073_Vorpommern-Rügen,2.0796778202056885,SU35,year,days_with_air_temperature_above_or_equal_threshold,days,7
13074_Nordwestmecklenburg,3.198728084564209,SU35,year,days_with_air_temperature_above_or_equal_threshold,days,7
13075_Vorpommern-Greifswald,3.132561683654785,SU35,year,days_with_air_temperature_above_or_equal_threshold,days,7
13076_Ludwigslust-Parchim,4.2311248779296875,SU35,year,days_with_air_temperature_above_or_equal_threshold,days,7
14511_14524_14521_14522_Region_um_Chemnitz,3.280080795288086,SU35,year,days_with_air_temperature_above_or_equal_threshold,days,7
14511_Chemnitz,3.8003990650177,SU35,year,days_with_air_temperature_above_or_equal_threshold,days,7
14521_Erzgebirgskreis,1.7757513523101807,SU35,year,days_with_air_temperature_above_or_equal_threshold,days,7
14522_Mittelsachsen,4.166216850280762,SU35,year,days_with_air_temperature_above_or_equal_threshold,days,7
14523_Vogtlandkreis,2.6968181133270264,SU35,year,days_with_air_temperature_above_or_equal_threshold,days,7
14524_Zwickau,4.242394924163818,SU35,year,days_with_air_temperature_above_or_equal_threshold,days,7
14612_14627_14625_14628_Region_um_Dresden,5.52157735824585,SU35,year,days_with_air_temperature_above_or_equal_threshold,days,7
14612_Dresden,6.206058502197266,SU35,year,days_with_air_temperature_above_or_equal_threshold,days,7
14625_Bautzen,5.930941104888916,SU35,year,days_with_air_temperature_above_or_equal_threshold,days,7
14626_Görlitz,5.637073040008545,SU35,year,days_with_air_temperature_above_or_equal_threshold,days,7
14627_Meißen,6.731026649475098,SU35,year,days_with_air_temperature_above_or_equal_threshold,days,7
14628_Sächsische Schweiz-Osterzgebirge,3.73352313041687,SU35,year,days_with_air_temperature_above_or_equal_threshold,days,7
14713_14729_14730_Region_um_Leipzig,6.8407883644104,SU35,year,days_with_air_temperature_above_or_equal_threshold,days,7
14713_Leipzig,6.992223262786865,SU35,year,days_with_air_temperature_above_or_equal_threshold,days,7
14729_Leipzig,6.727331161499023,SU35,year,days_with_air_temperature_above_or_equal_threshold,days,7
14730_Nordsachsen,6.910233974456787,SU35,year,days_with_air_temperature_above_or_equal_threshold,days,7
15001_15091_15082_Region_um_Dessau-Rolau,6.682620048522949,SU35,year,days_with_air_temperature_above_or_equal_threshold,days,7
15001_Dessau-Roßlau,6.813205718994141,SU35,year,days_with_air_temperature_above_or_equal_threshold,days,7
15002_15088_Region_um_Halle_(Saale),6.667274475097656,SU35,year,days_with_air_temperature_above_or_equal_threshold,days,7
15002_Halle (Saale),6.9277424812316895,SU35,year,days_with_air_temperature_above_or_equal_threshold,days,7
15003_15083_15089_15086_Region_um_Magdeburg,5.8675312995910645,SU35,year,days_with_air_temperature_above_or_equal_threshold,days,7
15003_Magdeburg,6.118699073791504,SU35,year,days_with_air_temperature_above_or_equal_threshold,days,7
15081_Altmarkkreis Salzwedel,5.283524990081787,SU35,year,days_with_air_temperature_above_or_equal_threshold,days,7
15082_Anhalt-Bitterfeld,6.7954630851745605,SU35,year,days_with_air_temperature_above_or_equal_threshold,days,7
15083_Börde,5.406081676483154,SU35,year,days_with_air_temperature_above_or_equal_threshold,days,7
15084_Burgenlandkreis,6.397375583648682,SU35,year,days_with_air_temperature_above_or_equal_threshold,days,7
15085_Harz,3.5854599475860596,SU35,year,days_with_air_temperature_above_or_equal_threshold,days,7
15086_Jerichower Land,6.105830192565918,SU35,year,days_with_air_temperature_above_or_equal_threshold,days,7
15087_Mansfeld-Südharz,4.770091533660889,SU35,year,days_with_air_temperature_above_or_equal_threshold,days,7
15088_Saalekreis,6.641729354858398,SU35,year,days_with_air_temperature_above_or_equal_threshold,days,7
15089_Salzlandkreis,6.329653739929199,SU35,year,days_with_air_temperature_above_or_equal_threshold,days,7
15090_Stendal,5.704380512237549,SU35,year,days_with_air_temperature_above_or_equal_threshold,days,7
15091_Wittenberg,6.581846237182617,SU35,year,days_with_air_temperature_above_or_equal_threshold,days,7
16051_16067_16068_16070_16071_16055_Region_um_Erfurt,4.745882511138916,SU35,year,days_with_air_temperature_above_or_equal_threshold,days,7
16051_Erfurt,5.755196571350098,SU35,year,days_with_air_temperature_above_or_equal_threshold,days,7
16052_16076_15084_16074_Region_um_Gera,5.546697616577148,SU35,year,days_with_air_temperature_above_or_equal_threshold,days,7
16052_Gera,5.265929222106934,SU35,year,days_with_air_temperature_above_or_equal_threshold,days,7
16053_16074_16071_16055_Region_um_Jena,5.292069435119629,SU35,year,days_with_air_temperature_above_or_equal_threshold,days,7
16053_Jena,5.283298492431641,SU35,year,days_with_air_temperature_above_or_equal_threshold,days,7
16054_16066_16069_16070_Region_um_Suhl,3.179854393005371,SU35,year,days_with_air_temperature_above_or_equal_threshold,days,7
16054_Suhl,2.144045829772949,SU35,year,days_with_air_temperature_above_or_equal_threshold,days,7
16055_16071_Region_um_Weimar,5.284688949584961,SU35,year,days_with_air_temperature_above_or_equal_threshold,days,7
16055_Weimar,5.025695323944092,SU35,year,days_with_air_temperature_above_or_equal_threshold,days,7
16056_16063_06636_Region_um_Eisenach,3.9881198406219482,SU35,year,days_with_air_temperature_above_or_equal_threshold,days,7
16056_Eisenach,4.35520076751709,SU35,year,days_with_air_temperature_above_or_equal_threshold,days,7
16061_Eichsfeld,3.7466282844543457,SU35,year,days_with_air_temperature_above_or_equal_threshold,days,7
16062_Nordhausen,3.681919574737549,SU35,year,days_with_air_temperature_above_or_equal_threshold,days,7
16063_Wartburgkreis,4.010842323303223,SU35,year,days_with_air_temperature_above_or_equal_threshold,days,7
16064_Unstrut-Hainich-Kreis,4.664366245269775,SU35,year,days_with_air_temperature_above_or_equal_threshold,days,7
16065_Kyffhäuserkreis,5.532938003540039,SU35,year,days_with_air_temperature_above_or_equal_threshold,days,7
16066_Schmalkalden-Meiningen,3.115062952041626,SU35,year,days_with_air_temperature_above_or_equal_threshold,days,7
16067_Gotha,3.9773523807525635,SU35,year,days_with_air_temperature_above_or_equal_threshold,days,7
16068_Sömmerda,6.501007080078125,SU35,year,days_with_air_temperature_above_or_equal_threshold,days,7
16069_Hildburghausen,3.640803575515747,SU35,year,days_with_air_temperature_above_or_equal_threshold,days,7
16070_Ilm-Kreis,2.937195301055908,SU35,year,days_with_air_temperature_above_or_equal_threshold,days,7
16071_Weimarer Land,5.314367294311523,SU35,year,days_with_air_temperature_above_or_equal_threshold,days,7
16072_Sonneberg,2.56878924369812,SU35,year,days_with_air_temperature_above_or_equal_threshold,days,7
16073_Saalfeld-Rudolstadt,3.2614147663116455,SU35,year,days_with_air_temperature_above_or_equal_threshold,days,7
16074_Saale-Holzland-Kreis,5.301407337188721,SU35,year,days_with_air_temperature_above_or_equal_threshold,days,7
16075_Saale-Orla-Kreis,3.140277624130249,SU35,year,days_with_air_temperature_above_or_equal_threshold,days,7
16076_Greiz,4.431390762329102,SU35,year,days_with_air_temperature_above_or_equal_threshold,days,7
16077_Altenburger Land,6.052614688873291,SU35,year,days_with_air_temperature_above_or_equal_threshold,days,7
