region,HSx3_year_1.5C_rcp85_time-mean_ensemble-diff-max,ci_name,ci_frequency,standard_name,units,mid_month
01001_01059_Region_um_Flensburg,2.31815767288208,HSx3,year,hot_spell_duration,days,7
01001_Flensburg,2.4330153465270996,HSx3,year,hot_spell_duration,days,7
01002_01057_01058_Region_um_Kiel,2.806530475616455,HSx3,year,hot_spell_duration,days,7
01002_Kiel,2.4617879390716553,HSx3,year,hot_spell_duration,days,7
01003_13074_01055_01053_01062_Region_um_Lübeck,3.146439552307129,HSx3,year,hot_spell_duration,days,7
01003_Lübeck,3.3013386726379395,HSx3,year,hot_spell_duration,days,7
01004_01058_01060_01057_01002_Region_um_Neumünster,2.9410526752471924,HSx3,year,hot_spell_duration,days,7
01004_Neumünster,3.277656316757202,HSx3,year,hot_spell_duration,days,7
01051_Dithmarschen,3.1283562183380127,HSx3,year,hot_spell_duration,days,7
01053_Herzogtum Lauenburg,4.165363788604736,HSx3,year,hot_spell_duration,days,7
01054_Nordfriesland,2.3368709087371826,HSx3,year,hot_spell_duration,days,7
01055_Ostholstein,1.860908031463623,HSx3,year,hot_spell_duration,days,7
01056_Pinneberg,3.5977604389190674,HSx3,year,hot_spell_duration,days,7
01057_Plön,2.671203851699829,HSx3,year,hot_spell_duration,days,7
01058_Rendsburg-Eckernförde,2.893211841583252,HSx3,year,hot_spell_duration,days,7
01059_Schleswig-Flensburg,2.315145492553711,HSx3,year,hot_spell_duration,days,7
01060_Segeberg,3.260362148284912,HSx3,year,hot_spell_duration,days,7
01061_Steinburg,3.429936170578003,HSx3,year,hot_spell_duration,days,7
01062_Stormarn,3.7945220470428467,HSx3,year,hot_spell_duration,days,7
02000_Hamburg,3.987891674041748,HSx3,year,hot_spell_duration,days,7
03101_03157_03154_03151_03102_03158_03103_Region_um_Braunschweig,4.650407791137695,HSx3,year,hot_spell_duration,days,7
03101_Braunschweig,4.944070816040039,HSx3,year,hot_spell_duration,days,7
03102_03254_03157_03158_03153_03101_Region_um_Salzgitter,3.4680681228637695,HSx3,year,hot_spell_duration,days,7
03102_Salzgitter,3.8486876487731934,HSx3,year,hot_spell_duration,days,7
03103_03154_03151_Region_um_Wolfsburg,5.025043487548828,HSx3,year,hot_spell_duration,days,7
03103_Wolfsburg,4.692955017089844,HSx3,year,hot_spell_duration,days,7
03151_Gifhorn,5.260691165924072,HSx3,year,hot_spell_duration,days,7
03153_Goslar,2.6603357791900635,HSx3,year,hot_spell_duration,days,7
03154_Helmstedt,4.577712059020996,HSx3,year,hot_spell_duration,days,7
03155_Northeim,3.6797447204589844,HSx3,year,hot_spell_duration,days,7
03157_Peine,4.801815986633301,HSx3,year,hot_spell_duration,days,7
03158_Wolfenbüttel,4.072378158569336,HSx3,year,hot_spell_duration,days,7
03159_Göttingen,3.603719711303711,HSx3,year,hot_spell_duration,days,7
03241_Region Hannover,4.360093116760254,HSx3,year,hot_spell_duration,days,7
03251_Diepholz,4.238036155700684,HSx3,year,hot_spell_duration,days,7
03252_Hameln-Pyrmont,3.69938325881958,HSx3,year,hot_spell_duration,days,7
03254_Hildesheim,3.518831968307495,HSx3,year,hot_spell_duration,days,7
03255_Holzminden,3.3644375801086426,HSx3,year,hot_spell_duration,days,7
03256_Nienburg (Weser),4.342100620269775,HSx3,year,hot_spell_duration,days,7
03257_Schaumburg,3.937345027923584,HSx3,year,hot_spell_duration,days,7
03351_Celle,4.510294437408447,HSx3,year,hot_spell_duration,days,7
03352_Cuxhaven,3.2054145336151123,HSx3,year,hot_spell_duration,days,7
03353_Harburg,4.102773666381836,HSx3,year,hot_spell_duration,days,7
03354_Lüchow-Dannenberg,4.72929573059082,HSx3,year,hot_spell_duration,days,7
03355_Lüneburg,4.119908809661865,HSx3,year,hot_spell_duration,days,7
03356_Osterholz,3.4906013011932373,HSx3,year,hot_spell_duration,days,7
03357_Rotenburg (Wümme),3.8006985187530518,HSx3,year,hot_spell_duration,days,7
03358_Heidekreis,4.013167381286621,HSx3,year,hot_spell_duration,days,7
03359_Stade,3.6552650928497314,HSx3,year,hot_spell_duration,days,7
03360_Uelzen,4.332066535949707,HSx3,year,hot_spell_duration,days,7
03361_Verden,3.806328535079956,HSx3,year,hot_spell_duration,days,7
03401_03458_04011_03251_03461_Region_um_Delmenhorst,3.911820411682129,HSx3,year,hot_spell_duration,days,7
03401_Delmenhorst,3.622725486755371,HSx3,year,hot_spell_duration,days,7
03402_03452_03457_Region_um_Emden,3.3333210945129395,HSx3,year,hot_spell_duration,days,7
03402_Emden,2.964779853820801,HSx3,year,hot_spell_duration,days,7
03403_03458_03451_03461_Region_um_Oldenburg_(Oldenburg),3.6204586029052734,HSx3,year,hot_spell_duration,days,7
03403_Oldenburg (Oldb),3.653804302215576,HSx3,year,hot_spell_duration,days,7
03404_03459_05566_Region_um_Osnabrück,4.784296989440918,HSx3,year,hot_spell_duration,days,7
03404_Osnabrück,4.604276657104492,HSx3,year,hot_spell_duration,days,7
03405_03455_Region_um_Wilhelmshaven,2.793992042541504,HSx3,year,hot_spell_duration,days,7
03405_Wilhelmshaven,2.1936182975769043,HSx3,year,hot_spell_duration,days,7
03451_Ammerland,3.570556402206421,HSx3,year,hot_spell_duration,days,7
03452_Aurich,3.192668914794922,HSx3,year,hot_spell_duration,days,7
03453_Cloppenburg,4.285861492156982,HSx3,year,hot_spell_duration,days,7
03454_Emsland,4.619194984436035,HSx3,year,hot_spell_duration,days,7
03455_Friesland,2.8997561931610107,HSx3,year,hot_spell_duration,days,7
03456_Grafschaft Bentheim,5.1764326095581055,HSx3,year,hot_spell_duration,days,7
03457_Leer,3.544297933578491,HSx3,year,hot_spell_duration,days,7
03458_Oldenburg,3.968796491622925,HSx3,year,hot_spell_duration,days,7
03459_Osnabrück,4.757122993469238,HSx3,year,hot_spell_duration,days,7
03460_Vechta,4.745852470397949,HSx3,year,hot_spell_duration,days,7
03461_Wesermarsch,3.2249391078948975,HSx3,year,hot_spell_duration,days,7
03462_Wittmund,3.0958669185638428,HSx3,year,hot_spell_duration,days,7
04011_03361_03251_03401_03461_03356_03352_04012_Region_um_Bremen,3.6299405097961426,HSx3,year,hot_spell_duration,days,7
04011_Bremen,3.788337230682373,HSx3,year,hot_spell_duration,days,7
04012_03352_03461_Region_um_Bremerhaven,3.214067220687866,HSx3,year,hot_spell_duration,days,7
04012_Bremerhaven,3.3383071422576904,HSx3,year,hot_spell_duration,days,7
05111_05162_05158_05112_Region_um_Düsseldorf,5.248384475708008,HSx3,year,hot_spell_duration,days,7
05111_Düsseldorf,5.515834808349609,HSx3,year,hot_spell_duration,days,7
05112_05114_05119_05117_05170_05158_05111_Region_um_Duisburg,5.360292911529541,HSx3,year,hot_spell_duration,days,7
05112_Duisburg,5.597401142120361,HSx3,year,hot_spell_duration,days,7
05113_05119_05117_05513_05512_05158_05911_05954_05562_05513_05916_Region_um_Essen,4.861130714416504,HSx3,year,hot_spell_duration,days,7
05113_Essen,4.859460830688477,HSx3,year,hot_spell_duration,days,7
05114_05112_05162_05166_05170_Region_um_Krefeld,5.331027984619141,HSx3,year,hot_spell_duration,days,7
05114_Krefeld,5.3845295906066895,HSx3,year,hot_spell_duration,days,7
05116_05370_05166_05162_Region_um_Mönchengladbach,4.873160362243652,HSx3,year,hot_spell_duration,days,7
05116_Mönchengladbach,4.7161946296691895,HSx3,year,hot_spell_duration,days,7
05117_05112_05158_05119_05113_Region_um_Mülheim_an_der_Ruhr,5.1510725021362305,HSx3,year,hot_spell_duration,days,7
05117_Mülheim an der Ruhr,5.452795028686523,HSx3,year,hot_spell_duration,days,7
05119_05170_05512_05113_05117_05112_Region_um_Oberhausen,5.406633377075195,HSx3,year,hot_spell_duration,days,7
05119_Oberhausen,5.687437534332275,HSx3,year,hot_spell_duration,days,7
05120_05124_05122_05378_05374_Region_um_Remscheid,4.001707553863525,HSx3,year,hot_spell_duration,days,7
05120_Remscheid,3.568667411804199,HSx3,year,hot_spell_duration,days,7
05122_05158_05124_05378_05120_Region_um_Solingen,4.624197959899902,HSx3,year,hot_spell_duration,days,7
05122_Solingen,4.820573806762695,HSx3,year,hot_spell_duration,days,7
05124_05122_05120_05158_05954_05374_Region_um_Wuppertal,3.840318441390991,HSx3,year,hot_spell_duration,days,7
05124_Wuppertal,3.865858554840088,HSx3,year,hot_spell_duration,days,7
05154_Kleve,5.434412002563477,HSx3,year,hot_spell_duration,days,7
05158_Mettmann,4.892416477203369,HSx3,year,hot_spell_duration,days,7
05162_Rhein-Kreis Neuss,5.3329596519470215,HSx3,year,hot_spell_duration,days,7
05166_Viersen,5.084169864654541,HSx3,year,hot_spell_duration,days,7
05170_Wesel,5.438237190246582,HSx3,year,hot_spell_duration,days,7
05314_05382_Region_um_Bonn,4.160776615142822,HSx3,year,hot_spell_duration,days,7
05314_Bonn,4.695948123931885,HSx3,year,hot_spell_duration,days,7
05315_Köln,5.73063850402832,HSx3,year,hot_spell_duration,days,7
05316_05315_05378_05158_Region_um_Leverkusen,5.076247215270996,HSx3,year,hot_spell_duration,days,7
05316_Leverkusen,5.502099514007568,HSx3,year,hot_spell_duration,days,7
05334_Städteregion Aachen,2.9973013401031494,HSx3,year,hot_spell_duration,days,7
05358_Düren,3.4887802600860596,HSx3,year,hot_spell_duration,days,7
05362_Rhein-Erft-Kreis,5.226766586303711,HSx3,year,hot_spell_duration,days,7
05366_Euskirchen,2.911144495010376,HSx3,year,hot_spell_duration,days,7
05370_Heinsberg,4.366571426391602,HSx3,year,hot_spell_duration,days,7
05374_Oberbergischer Kreis,3.6103363037109375,HSx3,year,hot_spell_duration,days,7
05378_Rheinisch-Bergischer Kreis,4.821713447570801,HSx3,year,hot_spell_duration,days,7
05382_Rhein-Sieg-Kreis,4.152679443359375,HSx3,year,hot_spell_duration,days,7
05512_05119_05513_05113_05170_05562_Region_um_Bottrop,5.439742088317871,HSx3,year,hot_spell_duration,days,7
05512_Bottrop,5.504821300506592,HSx3,year,hot_spell_duration,days,7
05513_05113_05916_05911_05562_05512_Region_um_Gelsenkirchen,5.258551597595215,HSx3,year,hot_spell_duration,days,7
05513_Gelsenkirchen,5.714918613433838,HSx3,year,hot_spell_duration,days,7
05515_05566_05558_05570_Region_um_Münster,5.058988571166992,HSx3,year,hot_spell_duration,days,7
05515_Münster,5.214061737060547,HSx3,year,hot_spell_duration,days,7
05554_Borken,5.299290180206299,HSx3,year,hot_spell_duration,days,7
05558_Coesfeld,5.601146221160889,HSx3,year,hot_spell_duration,days,7
05562_Recklinghausen,5.6083197593688965,HSx3,year,hot_spell_duration,days,7
05566_Steinfurt,4.828434944152832,HSx3,year,hot_spell_duration,days,7
05570_Warendorf,4.880358695983887,HSx3,year,hot_spell_duration,days,7
05711_05754_05758_05766_Region_um_Bielefeld,4.363450050354004,HSx3,year,hot_spell_duration,days,7
05711_Bielefeld,5.017212390899658,HSx3,year,hot_spell_duration,days,7
05754_Gütersloh,4.958057880401611,HSx3,year,hot_spell_duration,days,7
05758_Herford,4.222783088684082,HSx3,year,hot_spell_duration,days,7
05762_Höxter,3.592322587966919,HSx3,year,hot_spell_duration,days,7
05766_Lippe,3.817570686340332,HSx3,year,hot_spell_duration,days,7
05770_Minden-Lübbecke,4.401899814605713,HSx3,year,hot_spell_duration,days,7
05774_Paderborn,3.2274765968322754,HSx3,year,hot_spell_duration,days,7
05911_05954_05913_05513_05113_05916_05562_Region_um_Bochum,4.656981468200684,HSx3,year,hot_spell_duration,days,7
05911_Bochum,4.389713287353516,HSx3,year,hot_spell_duration,days,7
05913_05914_05911_05916_05978_05954_05562_Region_um_Dortmund,4.387312889099121,HSx3,year,hot_spell_duration,days,7
05913_Dortmund,4.743013858795166,HSx3,year,hot_spell_duration,days,7
05914_05954_05913_05978_05962_Region_um_Hagen,3.3201780319213867,HSx3,year,hot_spell_duration,days,7
05914_Hagen,2.86639142036438,HSx3,year,hot_spell_duration,days,7
05915_05978_05974_05570_05558_Region_um_Hamm,4.382208824157715,HSx3,year,hot_spell_duration,days,7
05915_Hamm,4.571303367614746,HSx3,year,hot_spell_duration,days,7
05916_05513_05562_05911_Region_um_Herne,5.313144683837891,HSx3,year,hot_spell_duration,days,7
05916_Herne,5.8440728187561035,HSx3,year,hot_spell_duration,days,7
05954_Ennepe-Ruhr-Kreis,3.2891592979431152,HSx3,year,hot_spell_duration,days,7
05958_Hochsauerlandkreis,2.8917489051818848,HSx3,year,hot_spell_duration,days,7
05962_Märkischer Kreis,3.023721694946289,HSx3,year,hot_spell_duration,days,7
05966_Olpe,3.310335874557495,HSx3,year,hot_spell_duration,days,7
05970_Siegen-Wittgenstein,3.6103622913360596,HSx3,year,hot_spell_duration,days,7
05974_Soest,3.084068775177002,HSx3,year,hot_spell_duration,days,7
05978_Unna,4.302520751953125,HSx3,year,hot_spell_duration,days,7
06411_06432_06438_Region_um_Darmstadt,5.793211936950684,HSx3,year,hot_spell_duration,days,7
06411_Darmstadt,6.220941066741943,HSx3,year,hot_spell_duration,days,7
06412_06413_06436_06434_06440_06435_06438_06433_Region_um_Frankfurt_am_Main,6.0531325340271,HSx3,year,hot_spell_duration,days,7
06412_Frankfurt am Main,7.133814334869385,HSx3,year,hot_spell_duration,days,7
06413_06438_06435_06412_Region_um_Offenbach_am_Main,5.796324729919434,HSx3,year,hot_spell_duration,days,7
06413_Offenbach am Main,7.254570007324219,HSx3,year,hot_spell_duration,days,7
06414_07315_07339_06439_06436_06433_Region_um_Wiesbaden,6.053356170654297,HSx3,year,hot_spell_duration,days,7
06414_Wiesbaden,6.524758338928223,HSx3,year,hot_spell_duration,days,7
06431_Bergstraße,5.700571537017822,HSx3,year,hot_spell_duration,days,7
06432_Darmstadt-Dieburg,5.515255928039551,HSx3,year,hot_spell_duration,days,7
06433_Groß-Gerau,6.609247207641602,HSx3,year,hot_spell_duration,days,7
06434_Hochtaunuskreis,6.140439987182617,HSx3,year,hot_spell_duration,days,7
06435_Main-Kinzig-Kreis,5.320635795593262,HSx3,year,hot_spell_duration,days,7
06436_06412_06414_06433_06439_06434_Region_um_Main-Taunus-Kreis,6.207962512969971,HSx3,year,hot_spell_duration,days,7
06436_Main-Taunus-Kreis,6.808965682983398,HSx3,year,hot_spell_duration,days,7
06437_Odenwaldkreis,4.3250041007995605,HSx3,year,hot_spell_duration,days,7
06438_06432_06411_06433_06413_06435_06412_09671_Region_um_Offenbach,5.721538543701172,HSx3,year,hot_spell_duration,days,7
06438_Offenbach,6.563645362854004,HSx3,year,hot_spell_duration,days,7
06439_Rheingau-Taunus-Kreis,5.508984088897705,HSx3,year,hot_spell_duration,days,7
06440_Wetteraukreis,6.117880821228027,HSx3,year,hot_spell_duration,days,7
06531_Gießen,5.640907287597656,HSx3,year,hot_spell_duration,days,7
06532_Lahn-Dill-Kreis,4.972808361053467,HSx3,year,hot_spell_duration,days,7
06533_Limburg-Weilburg,4.825497627258301,HSx3,year,hot_spell_duration,days,7
06534_Marburg-Biedenkopf,4.958136081695557,HSx3,year,hot_spell_duration,days,7
06535_Vogelsbergkreis,4.267311096191406,HSx3,year,hot_spell_duration,days,7
06611_06633_03159_Region_um_Kassel,3.631263494491577,HSx3,year,hot_spell_duration,days,7
06611_Kassel,3.7322568893432617,HSx3,year,hot_spell_duration,days,7
06631_Fulda,3.785540819168091,HSx3,year,hot_spell_duration,days,7
06632_Hersfeld-Rotenburg,4.444429397583008,HSx3,year,hot_spell_duration,days,7
06633_Kassel,3.6604223251342773,HSx3,year,hot_spell_duration,days,7
06634_Schwalm-Eder-Kreis,4.120349407196045,HSx3,year,hot_spell_duration,days,7
06635_Waldeck-Frankenberg,3.655379056930542,HSx3,year,hot_spell_duration,days,7
06636_Werra-Meißner-Kreis,4.266975402832031,HSx3,year,hot_spell_duration,days,7
07111_07137_07141_07143_Region_um_Koblenz,4.450867176055908,HSx3,year,hot_spell_duration,days,7
07111_Koblenz,4.9364848136901855,HSx3,year,hot_spell_duration,days,7
07131_Ahrweiler,3.224973440170288,HSx3,year,hot_spell_duration,days,7
07132_Altenkirchen (Westerwald),3.5444929599761963,HSx3,year,hot_spell_duration,days,7
07133_Bad Kreuznach,4.611160755157471,HSx3,year,hot_spell_duration,days,7
07134_Birkenfeld,3.963390588760376,HSx3,year,hot_spell_duration,days,7
07135_Cochem-Zell,4.209867477416992,HSx3,year,hot_spell_duration,days,7
07137_Mayen-Koblenz,4.220095634460449,HSx3,year,hot_spell_duration,days,7
07138_Neuwied,5.222356796264648,HSx3,year,hot_spell_duration,days,7
07140_Rhein-Hunsrück-Kreis,3.6875526905059814,HSx3,year,hot_spell_duration,days,7
07141_Rhein-Lahn-Kreis,4.485573768615723,HSx3,year,hot_spell_duration,days,7
07143_Westerwaldkreis,4.557415962219238,HSx3,year,hot_spell_duration,days,7
07211_07235_Region_um_Trier,4.101184844970703,HSx3,year,hot_spell_duration,days,7
07211_Trier,3.974968910217285,HSx3,year,hot_spell_duration,days,7
07231_Bernkastel-Wittlich,3.707108497619629,HSx3,year,hot_spell_duration,days,7
07232_Eifelkreis Bitburg-Prüm,3.474339246749878,HSx3,year,hot_spell_duration,days,7
07233_Vulkaneifel,3.256436347961426,HSx3,year,hot_spell_duration,days,7
07235_Trier-Saarburg,4.115447044372559,HSx3,year,hot_spell_duration,days,7
07311_07318_07314_07338_08222_Region_um_Frankenthal_(Pfalz),6.351422309875488,HSx3,year,hot_spell_duration,days,7
07311_Frankenthal (Pfalz),6.343475341796875,HSx3,year,hot_spell_duration,days,7
07312_07335_07332_Region_um_Kaiserslautern,5.4892120361328125,HSx3,year,hot_spell_duration,days,7
07312_Kaiserslautern,5.130274295806885,HSx3,year,hot_spell_duration,days,7
07313_07337_Region_um_Landau_in_der_Pfalz,6.181282997131348,HSx3,year,hot_spell_duration,days,7
07313_Landau in der Pfalz,6.177613258361816,HSx3,year,hot_spell_duration,days,7
07314_07311_07338_08222_Region_um_Ludwigshafen_am_Rhein,6.347078323364258,HSx3,year,hot_spell_duration,days,7
07314_Ludwigshafen am Rhein,6.300440788269043,HSx3,year,hot_spell_duration,days,7
07315_07339_06414_06433_Region_um_Mainz,6.26230525970459,HSx3,year,hot_spell_duration,days,7
07315_Mainz,6.731855392456055,HSx3,year,hot_spell_duration,days,7
07316_07337_07332_07313_Region_um_Neustadt_an_der_Weinstraße,6.082720756530762,HSx3,year,hot_spell_duration,days,7
07316_Neustadt an der Weinstraße,5.927578449249268,HSx3,year,hot_spell_duration,days,7
07317_07340_Region_um_Pirmasens,5.525358200073242,HSx3,year,hot_spell_duration,days,7
07317_Pirmasens,5.400193214416504,HSx3,year,hot_spell_duration,days,7
07318_07311_07314_07338_08215_08226_08212_Region_um_Speyer,5.53915548324585,HSx3,year,hot_spell_duration,days,7
07318_Speyer,6.4146575927734375,HSx3,year,hot_spell_duration,days,7
07319_07331_07332_06431_07338_07311_07318_07314_Region_um_Worms,5.826181888580322,HSx3,year,hot_spell_duration,days,7
07319_Worms,6.627906799316406,HSx3,year,hot_spell_duration,days,7
07320_07340_10045_07317_Region_um_Zweibrücken,5.247617721557617,HSx3,year,hot_spell_duration,days,7
07320_Zweibrücken,4.9596757888793945,HSx3,year,hot_spell_duration,days,7
07331_Alzey-Worms,5.857213497161865,HSx3,year,hot_spell_duration,days,7
07332_Bad Dürkheim,5.993774890899658,HSx3,year,hot_spell_duration,days,7
07333_Donnersbergkreis,4.9528656005859375,HSx3,year,hot_spell_duration,days,7
07334_Germersheim,5.974064350128174,HSx3,year,hot_spell_duration,days,7
07335_Kaiserslautern,5.08690881729126,HSx3,year,hot_spell_duration,days,7
07336_Kusel,4.861340522766113,HSx3,year,hot_spell_duration,days,7
07337_Südliche Weinstraße,6.1818084716796875,HSx3,year,hot_spell_duration,days,7
07338_07311_07318_07314_08222_08226_08215_07334_07337_07313_07316_07332_07319_08221_08212_Region_um_Rhein-Pfalz-Kreis,5.793708324432373,HSx3,year,hot_spell_duration,days,7
07338_Rhein-Pfalz-Kreis,6.270064353942871,HSx3,year,hot_spell_duration,days,7
07339_Mainz-Bingen,5.915244102478027,HSx3,year,hot_spell_duration,days,7
07340_Südwestpfalz,5.534046173095703,HSx3,year,hot_spell_duration,days,7
08111_08115_08116_08118_08119_Region_um_Stuttgart,4.779160022735596,HSx3,year,hot_spell_duration,days,7
08111_Stuttgart,4.713556289672852,HSx3,year,hot_spell_duration,days,7
08115_Böblingen,4.602902412414551,HSx3,year,hot_spell_duration,days,7
08116_Esslingen,4.73560094833374,HSx3,year,hot_spell_duration,days,7
08117_Göppingen,4.378464221954346,HSx3,year,hot_spell_duration,days,7
08118_Ludwigsburg,4.775609493255615,HSx3,year,hot_spell_duration,days,7
08119_Rems-Murr-Kreis,4.956315517425537,HSx3,year,hot_spell_duration,days,7
08121_08125_Region_um_Heilbronn,4.88592529296875,HSx3,year,hot_spell_duration,days,7
08121_Heilbronn,5.0814208984375,HSx3,year,hot_spell_duration,days,7
08125_Heilbronn,4.886289596557617,HSx3,year,hot_spell_duration,days,7
08126_Hohenlohekreis,4.710258960723877,HSx3,year,hot_spell_duration,days,7
08127_Schwäbisch Hall,4.93270206451416,HSx3,year,hot_spell_duration,days,7
08128_Main-Tauber-Kreis,4.800050735473633,HSx3,year,hot_spell_duration,days,7
08135_Heidenheim,4.5266947746276855,HSx3,year,hot_spell_duration,days,7
08136_Ostalbkreis,4.52777099609375,HSx3,year,hot_spell_duration,days,7
08211_08216_Region_um_Baden-Baden,4.655735015869141,HSx3,year,hot_spell_duration,days,7
08211_Baden-Baden,4.565524578094482,HSx3,year,hot_spell_duration,days,7
08212_08215_07334_Region_um_Karlsruhe,5.539041996002197,HSx3,year,hot_spell_duration,days,7
08212_Karlsruhe,5.8327507972717285,HSx3,year,hot_spell_duration,days,7
08215_Karlsruhe,5.3646440505981445,HSx3,year,hot_spell_duration,days,7
08216_Rastatt,4.6725969314575195,HSx3,year,hot_spell_duration,days,7
08221_08226_08222_Region_um_Heidelberg,5.8733930587768555,HSx3,year,hot_spell_duration,days,7
08221_Heidelberg,6.172372341156006,HSx3,year,hot_spell_duration,days,7
08222_08221_08226_06431_07338_07311_07318_07314_Region_um_Mannheim,5.873344421386719,HSx3,year,hot_spell_duration,days,7
08222_Mannheim,6.610847473144531,HSx3,year,hot_spell_duration,days,7
08225_Neckar-Odenwald-Kreis,5.024003028869629,HSx3,year,hot_spell_duration,days,7
08226_Rhein-Neckar-Kreis,5.75933837890625,HSx3,year,hot_spell_duration,days,7
08231_08236_08235_Region_um_Pforzheim,4.063541412353516,HSx3,year,hot_spell_duration,days,7
08231_Pforzheim,4.635636329650879,HSx3,year,hot_spell_duration,days,7
08235_Calw,3.5774102210998535,HSx3,year,hot_spell_duration,days,7
08236_Enzkreis,4.6344146728515625,HSx3,year,hot_spell_duration,days,7
08237_Freudenstadt,3.645465850830078,HSx3,year,hot_spell_duration,days,7
08311_08316_08315_Region_um_Freiburg_im_Breisgau,4.6031084060668945,HSx3,year,hot_spell_duration,days,7
08311_Freiburg im Breisgau,5.157769203186035,HSx3,year,hot_spell_duration,days,7
08315_Breisgau-Hochschwarzwald,3.9863498210906982,HSx3,year,hot_spell_duration,days,7
08316_Emmendingen,5.7364912033081055,HSx3,year,hot_spell_duration,days,7
08317_Ortenaukreis,5.082492828369141,HSx3,year,hot_spell_duration,days,7
08325_Rottweil,3.8134613037109375,HSx3,year,hot_spell_duration,days,7
08326_Schwarzwald-Baar-Kreis,3.124390125274658,HSx3,year,hot_spell_duration,days,7
08327_Tuttlingen,3.591679096221924,HSx3,year,hot_spell_duration,days,7
08335_Konstanz,4.812639236450195,HSx3,year,hot_spell_duration,days,7
08336_Lörrach,4.650465965270996,HSx3,year,hot_spell_duration,days,7
08337_Waldshut,3.9715850353240967,HSx3,year,hot_spell_duration,days,7
08415_Reutlingen,3.499634265899658,HSx3,year,hot_spell_duration,days,7
08416_Tübingen,4.365036964416504,HSx3,year,hot_spell_duration,days,7
08417_Zollernalbkreis,3.5030620098114014,HSx3,year,hot_spell_duration,days,7
08421_08425_09775_Region_um_Ulm,4.387753963470459,HSx3,year,hot_spell_duration,days,7
08421_Ulm,4.724737167358398,HSx3,year,hot_spell_duration,days,7
08425_Alb-Donau-Kreis,4.147609710693359,HSx3,year,hot_spell_duration,days,7
08426_Biberach,4.23559045791626,HSx3,year,hot_spell_duration,days,7
08435_Bodenseekreis,4.104191303253174,HSx3,year,hot_spell_duration,days,7
08436_Ravensburg,3.2859461307525635,HSx3,year,hot_spell_duration,days,7
08437_Sigmaringen,3.802924156188965,HSx3,year,hot_spell_duration,days,7
09161_09176_09185_09186_Region_um_Ingolstadt,5.317713737487793,HSx3,year,hot_spell_duration,days,7
09161_Ingolstadt,5.717421054840088,HSx3,year,hot_spell_duration,days,7
09162_09184_09179_09174_Region_um_München,4.225098609924316,HSx3,year,hot_spell_duration,days,7
09162_München,5.053384304046631,HSx3,year,hot_spell_duration,days,7
09163_09187_Region_um_Rosenheim,3.5812315940856934,HSx3,year,hot_spell_duration,days,7
09163_Rosenheim,4.064544200897217,HSx3,year,hot_spell_duration,days,7
09171_Altötting,6.191278457641602,HSx3,year,hot_spell_duration,days,7
09172_Berchtesgadener Land,2.39151930809021,HSx3,year,hot_spell_duration,days,7
09173_Bad Tölz-Wolfratshausen,2.1957311630249023,HSx3,year,hot_spell_duration,days,7
09174_Dachau,5.194458961486816,HSx3,year,hot_spell_duration,days,7
09175_Ebersberg,4.382680892944336,HSx3,year,hot_spell_duration,days,7
09176_Eichstätt,4.955385208129883,HSx3,year,hot_spell_duration,days,7
09177_Erding,5.289587020874023,HSx3,year,hot_spell_duration,days,7
09178_Freising,5.638331413269043,HSx3,year,hot_spell_duration,days,7
09179_Fürstenfeldbruck,4.211851119995117,HSx3,year,hot_spell_duration,days,7
09180_Garmisch-Partenkirchen,1.2694238424301147,HSx3,year,hot_spell_duration,days,7
09181_Landsberg am Lech,3.532958984375,HSx3,year,hot_spell_duration,days,7
09182_Miesbach,2.1541383266448975,HSx3,year,hot_spell_duration,days,7
09183_Mühldorf a. Inn,5.797322750091553,HSx3,year,hot_spell_duration,days,7
09184_München,4.035828590393066,HSx3,year,hot_spell_duration,days,7
09185_Neuburg-Schrobenhausen,5.5220417976379395,HSx3,year,hot_spell_duration,days,7
09186_Pfaffenhofen a.d. Ilm,5.678927421569824,HSx3,year,hot_spell_duration,days,7
09187_Rosenheim,3.5832667350769043,HSx3,year,hot_spell_duration,days,7
09188_Starnberg,3.765120506286621,HSx3,year,hot_spell_duration,days,7
09189_Traunstein,3.55745005607605,HSx3,year,hot_spell_duration,days,7
09190_Weilheim-Schongau,2.6218926906585693,HSx3,year,hot_spell_duration,days,7
09261_09274_Region_um_Landshut,5.984463691711426,HSx3,year,hot_spell_duration,days,7
09261_Landshut,5.7941789627075195,HSx3,year,hot_spell_duration,days,7
09262_09275_Region_um_Passau,5.719039440155029,HSx3,year,hot_spell_duration,days,7
09262_Passau,5.649962425231934,HSx3,year,hot_spell_duration,days,7
09263_09278_Region_um_Straubing,5.814868927001953,HSx3,year,hot_spell_duration,days,7
09263_Straubing,6.222286224365234,HSx3,year,hot_spell_duration,days,7
09271_Deggendorf,5.817880630493164,HSx3,year,hot_spell_duration,days,7
09272_Freyung-Grafenau,3.8976659774780273,HSx3,year,hot_spell_duration,days,7
09273_Kelheim,5.602727890014648,HSx3,year,hot_spell_duration,days,7
09274_Landshut,5.994649887084961,HSx3,year,hot_spell_duration,days,7
09275_Passau,5.72224235534668,HSx3,year,hot_spell_duration,days,7
09276_Regen,3.9802281856536865,HSx3,year,hot_spell_duration,days,7
09277_Rottal-Inn,6.26442813873291,HSx3,year,hot_spell_duration,days,7
09278_Straubing-Bogen,5.790788650512695,HSx3,year,hot_spell_duration,days,7
09279_Dingolfing-Landau,6.17046594619751,HSx3,year,hot_spell_duration,days,7
09361_09371_Region_um_Amberg,4.368733882904053,HSx3,year,hot_spell_duration,days,7
09361_Amberg,4.734708309173584,HSx3,year,hot_spell_duration,days,7
09362_09375_Region_um_Regensburg,5.604308128356934,HSx3,year,hot_spell_duration,days,7
09362_Regensburg,5.996303558349609,HSx3,year,hot_spell_duration,days,7
09363_09374_Region_um_Weiden_in_der_Oberpfalz,4.158250331878662,HSx3,year,hot_spell_duration,days,7
09363_Weiden i.d. OPf.,4.032238960266113,HSx3,year,hot_spell_duration,days,7
09371_Amberg-Sulzbach,4.3534626960754395,HSx3,year,hot_spell_duration,days,7
09372_Cham,4.386883735656738,HSx3,year,hot_spell_duration,days,7
09373_Neumarkt i.d. OPf.,4.456485748291016,HSx3,year,hot_spell_duration,days,7
09374_Neustadt a.d. Waldnaab,4.165933132171631,HSx3,year,hot_spell_duration,days,7
09375_Regensburg,5.579659461975098,HSx3,year,hot_spell_duration,days,7
09376_Schwandorf,4.532596588134766,HSx3,year,hot_spell_duration,days,7
09377_Tirschenreuth,3.8397064208984375,HSx3,year,hot_spell_duration,days,7
09461_09471_Region_um_Bamberg,5.035279273986816,HSx3,year,hot_spell_duration,days,7
09461_Bamberg,5.081742763519287,HSx3,year,hot_spell_duration,days,7
09462_09472_Region_um_Bayreuth,4.1096296310424805,HSx3,year,hot_spell_duration,days,7
09462_Bayreuth,4.424846649169922,HSx3,year,hot_spell_duration,days,7
09463_09473_Region_um_Coburg,5.004730224609375,HSx3,year,hot_spell_duration,days,7
09463_Coburg,5.241393089294434,HSx3,year,hot_spell_duration,days,7
09464_09475_Region_um_Hof,3.348670482635498,HSx3,year,hot_spell_duration,days,7
09464_Hof,3.2935526371002197,HSx3,year,hot_spell_duration,days,7
09471_Bamberg,5.032987594604492,HSx3,year,hot_spell_duration,days,7
09472_Bayreuth,4.092189788818359,HSx3,year,hot_spell_duration,days,7
09473_Coburg,4.987262725830078,HSx3,year,hot_spell_duration,days,7
09474_Forchheim,4.775763511657715,HSx3,year,hot_spell_duration,days,7
09475_Hof,3.352203845977783,HSx3,year,hot_spell_duration,days,7
09476_Kronach,3.7973382472991943,HSx3,year,hot_spell_duration,days,7
09477_Kulmbach,3.9307212829589844,HSx3,year,hot_spell_duration,days,7
09478_Lichtenfels,4.721646308898926,HSx3,year,hot_spell_duration,days,7
09479_Wunsiedel i. Fichtelgebirge,3.7646608352661133,HSx3,year,hot_spell_duration,days,7
09561_09571_Region_um_Ansbach,4.404052734375,HSx3,year,hot_spell_duration,days,7
09561_Ansbach,4.308131217956543,HSx3,year,hot_spell_duration,days,7
09562_09572_09564_09563_Region_um_Erlangen,4.953585624694824,HSx3,year,hot_spell_duration,days,7
09562_Erlangen,5.086074352264404,HSx3,year,hot_spell_duration,days,7
09563_09573_09562_09564_Region_um_Fürth,4.964197635650635,HSx3,year,hot_spell_duration,days,7
09563_Fürth,5.077546119689941,HSx3,year,hot_spell_duration,days,7
09564_09563_09574_09565_09573_09572_09576_09562_Region_um_Nürnberg,4.6114068031311035,HSx3,year,hot_spell_duration,days,7
09564_Nürnberg,5.113185882568359,HSx3,year,hot_spell_duration,days,7
09565_09576_09564_Region_um_Schwabach,4.644023895263672,HSx3,year,hot_spell_duration,days,7
09565_Schwabach,4.995145320892334,HSx3,year,hot_spell_duration,days,7
09571_Ansbach,4.409253120422363,HSx3,year,hot_spell_duration,days,7
09572_Erlangen-Höchstadt,4.998351097106934,HSx3,year,hot_spell_duration,days,7
09573_09572_09562_09563_09574_09565_09576_09561_09571_09575_09564_Region_um_Fürth,4.550337791442871,HSx3,year,hot_spell_duration,days,7
09573_Fürth,4.925005912780762,HSx3,year,hot_spell_duration,days,7
09574_Nürnberger Land,4.427781581878662,HSx3,year,hot_spell_duration,days,7
09575_Neustadt a.d. Aisch-Bad Windsheim,4.810126304626465,HSx3,year,hot_spell_duration,days,7
09576_Roth,4.692966461181641,HSx3,year,hot_spell_duration,days,7
09577_Weißenburg-Gunzenhausen,4.709522247314453,HSx3,year,hot_spell_duration,days,7
09661_09671_09676_Region_um_Aschaffenburg,4.855830192565918,HSx3,year,hot_spell_duration,days,7
09661_Aschaffenburg,5.361166954040527,HSx3,year,hot_spell_duration,days,7
09662_09678_Region_um_Schweinfurt,5.740320205688477,HSx3,year,hot_spell_duration,days,7
09662_Schweinfurt,5.788012504577637,HSx3,year,hot_spell_duration,days,7
09663_09679_Region_um_Würzburg,5.239710330963135,HSx3,year,hot_spell_duration,days,7
09663_Würzburg,5.4561076164245605,HSx3,year,hot_spell_duration,days,7
09671_Aschaffenburg,5.271271705627441,HSx3,year,hot_spell_duration,days,7
09672_Bad Kissingen,5.159024715423584,HSx3,year,hot_spell_duration,days,7
09673_Rhön-Grabfeld,4.746385097503662,HSx3,year,hot_spell_duration,days,7
09674_Haßberge,5.296191692352295,HSx3,year,hot_spell_duration,days,7
09675_Kitzingen,5.300198078155518,HSx3,year,hot_spell_duration,days,7
09676_Miltenberg,4.412325382232666,HSx3,year,hot_spell_duration,days,7
09677_Main-Spessart,4.919585704803467,HSx3,year,hot_spell_duration,days,7
09678_Schweinfurt,5.738267421722412,HSx3,year,hot_spell_duration,days,7
09679_Würzburg,5.217679500579834,HSx3,year,hot_spell_duration,days,7
09761_09772_09771_Region_um_Augsburg,5.283065319061279,HSx3,year,hot_spell_duration,days,7
09761_Augsburg,5.415318012237549,HSx3,year,hot_spell_duration,days,7
09762_09777_Region_um_Kaufbeuren,2.065596580505371,HSx3,year,hot_spell_duration,days,7
09762_Kaufbeuren,2.8369898796081543,HSx3,year,hot_spell_duration,days,7
09763_09780_Region_um_Kempten_(Allgäu),1.2379703521728516,HSx3,year,hot_spell_duration,days,7
09763_Kempten (Allgäu),2.0318384170532227,HSx3,year,hot_spell_duration,days,7
09764_09778_08436_Region_um_Memmingen,3.3854517936706543,HSx3,year,hot_spell_duration,days,7
09764_Memmingen,3.603466033935547,HSx3,year,hot_spell_duration,days,7
09771_Aichach-Friedberg,5.466209411621094,HSx3,year,hot_spell_duration,days,7
09772_Augsburg,5.132925033569336,HSx3,year,hot_spell_duration,days,7
09773_Dillingen a.d. Donau,5.44766902923584,HSx3,year,hot_spell_duration,days,7
09774_Günzburg,5.327810764312744,HSx3,year,hot_spell_duration,days,7
09775_Neu-Ulm,4.940569877624512,HSx3,year,hot_spell_duration,days,7
09776_08435_08436_09780_09763_Region_um_Lindau_(Bodensee),2.5947365760803223,HSx3,year,hot_spell_duration,days,7
09776_Lindau (Bodensee),2.86051082611084,HSx3,year,hot_spell_duration,days,7
09777_Ostallgäu,2.0496442317962646,HSx3,year,hot_spell_duration,days,7
09778_Unterallgäu,3.5033650398254395,HSx3,year,hot_spell_duration,days,7
09779_Donau-Ries,5.073448657989502,HSx3,year,hot_spell_duration,days,7
09780_Oberallgäu,1.2031397819519043,HSx3,year,hot_spell_duration,days,7
10041_Regionalverband Saarbrücken,4.945988655090332,HSx3,year,hot_spell_duration,days,7
10042_Merzig-Wadern,4.776181697845459,HSx3,year,hot_spell_duration,days,7
10043_10044_10045_10041_10046_07336_Region_um_Neunkirchen,4.891676902770996,HSx3,year,hot_spell_duration,days,7
10043_Neunkirchen,5.102811813354492,HSx3,year,hot_spell_duration,days,7
10044_Saarlouis,5.155217170715332,HSx3,year,hot_spell_duration,days,7
10045_Saarpfalz-Kreis,4.620546340942383,HSx3,year,hot_spell_duration,days,7
10046_St. Wendel,4.7553300857543945,HSx3,year,hot_spell_duration,days,7
11000_Berlin,5.026590347290039,HSx3,year,hot_spell_duration,days,7
12051_12063_12069_Region_um_Brandenburg_an_der_Havel,4.654526710510254,HSx3,year,hot_spell_duration,days,7
12051_Brandenburg an der Havel,4.691959381103516,HSx3,year,hot_spell_duration,days,7
12052_12071_Region_um_Cottbus,4.831744194030762,HSx3,year,hot_spell_duration,days,7
12052_Cottbus,5.107953071594238,HSx3,year,hot_spell_duration,days,7
12053_12067_12064_Region_um_Frankfurt_(Oder),4.620530128479004,HSx3,year,hot_spell_duration,days,7
12053_Frankfurt (Oder),5.158456802368164,HSx3,year,hot_spell_duration,days,7
12054_12063_12069_11000_12051_Region_um_Potsdam,4.593677997589111,HSx3,year,hot_spell_duration,days,7
12054_Potsdam,4.619388580322266,HSx3,year,hot_spell_duration,days,7
12060_Barnim,4.105294227600098,HSx3,year,hot_spell_duration,days,7
12061_Dahme-Spreewald,5.135729789733887,HSx3,year,hot_spell_duration,days,7
12062_Elbe-Elster,5.064356327056885,HSx3,year,hot_spell_duration,days,7
12063_Havelland,4.857470989227295,HSx3,year,hot_spell_duration,days,7
12064_Märkisch-Oderland,4.417351245880127,HSx3,year,hot_spell_duration,days,7
12065_Oberhavel,4.199458122253418,HSx3,year,hot_spell_duration,days,7
12066_Oberspreewald-Lausitz,5.159733772277832,HSx3,year,hot_spell_duration,days,7
12067_Oder-Spree,4.9308881759643555,HSx3,year,hot_spell_duration,days,7
12068_Ostprignitz-Ruppin,4.074594974517822,HSx3,year,hot_spell_duration,days,7
12069_Potsdam-Mittelmark,4.515111923217773,HSx3,year,hot_spell_duration,days,7
12070_Prignitz,4.077630043029785,HSx3,year,hot_spell_duration,days,7
12071_Spree-Neiße,4.803549766540527,HSx3,year,hot_spell_duration,days,7
12072_Teltow-Fläming,4.909900665283203,HSx3,year,hot_spell_duration,days,7
12073_Uckermark,3.4876790046691895,HSx3,year,hot_spell_duration,days,7
13003_13072_Region_um_Rostock,2.9819369316101074,HSx3,year,hot_spell_duration,days,7
13003_Rostock,2.809817314147949,HSx3,year,hot_spell_duration,days,7
13004_13076_13074_Region_um_Schwerin,3.462308645248413,HSx3,year,hot_spell_duration,days,7
13004_Schwerin,4.005127429962158,HSx3,year,hot_spell_duration,days,7
13071_Mecklenburgische Seenplatte,3.091320037841797,HSx3,year,hot_spell_duration,days,7
13072_Rostock,2.9964821338653564,HSx3,year,hot_spell_duration,days,7
13073_Vorpommern-Rügen,2.237588405609131,HSx3,year,hot_spell_duration,days,7
13074_Nordwestmecklenburg,3.12601637840271,HSx3,year,hot_spell_duration,days,7
13075_Vorpommern-Greifswald,2.409093141555786,HSx3,year,hot_spell_duration,days,7
13076_Ludwigslust-Parchim,3.661024570465088,HSx3,year,hot_spell_duration,days,7
14511_14524_14521_14522_Region_um_Chemnitz,3.1963250637054443,HSx3,year,hot_spell_duration,days,7
14511_Chemnitz,3.2626774311065674,HSx3,year,hot_spell_duration,days,7
14521_Erzgebirgskreis,2.581441879272461,HSx3,year,hot_spell_duration,days,7
14522_Mittelsachsen,3.746760845184326,HSx3,year,hot_spell_duration,days,7
14523_Vogtlandkreis,3.193406343460083,HSx3,year,hot_spell_duration,days,7
14524_Zwickau,3.463120937347412,HSx3,year,hot_spell_duration,days,7
14612_14627_14625_14628_Region_um_Dresden,4.065106391906738,HSx3,year,hot_spell_duration,days,7
14612_Dresden,4.439770698547363,HSx3,year,hot_spell_duration,days,7
14625_Bautzen,4.269008636474609,HSx3,year,hot_spell_duration,days,7
14626_Görlitz,4.239198684692383,HSx3,year,hot_spell_duration,days,7
14627_Meißen,4.470134735107422,HSx3,year,hot_spell_duration,days,7
14628_Sächsische Schweiz-Osterzgebirge,3.909217119216919,HSx3,year,hot_spell_duration,days,7
14713_14729_14730_Region_um_Leipzig,4.447155952453613,HSx3,year,hot_spell_duration,days,7
14713_Leipzig,4.45542573928833,HSx3,year,hot_spell_duration,days,7
14729_Leipzig,4.153805732727051,HSx3,year,hot_spell_duration,days,7
14730_Nordsachsen,4.682382106781006,HSx3,year,hot_spell_duration,days,7
15001_15091_15082_Region_um_Dessau-Rolau,4.837203502655029,HSx3,year,hot_spell_duration,days,7
15001_Dessau-Roßlau,5.04342794418335,HSx3,year,hot_spell_duration,days,7
15002_15088_Region_um_Halle_(Saale),4.71467399597168,HSx3,year,hot_spell_duration,days,7
15002_Halle (Saale),4.932731628417969,HSx3,year,hot_spell_duration,days,7
15003_15083_15089_15086_Region_um_Magdeburg,5.059497356414795,HSx3,year,hot_spell_duration,days,7
15003_Magdeburg,5.294415473937988,HSx3,year,hot_spell_duration,days,7
15081_Altmarkkreis Salzwedel,5.189979553222656,HSx3,year,hot_spell_duration,days,7
15082_Anhalt-Bitterfeld,4.980219841003418,HSx3,year,hot_spell_duration,days,7
15083_Börde,5.138603210449219,HSx3,year,hot_spell_duration,days,7
15084_Burgenlandkreis,4.007152080535889,HSx3,year,hot_spell_duration,days,7
15085_Harz,3.404088020324707,HSx3,year,hot_spell_duration,days,7
15086_Jerichower Land,5.132575988769531,HSx3,year,hot_spell_duration,days,7
15087_Mansfeld-Südharz,4.247174263000488,HSx3,year,hot_spell_duration,days,7
15088_Saalekreis,4.6932878494262695,HSx3,year,hot_spell_duration,days,7
15089_Salzlandkreis,4.817643165588379,HSx3,year,hot_spell_duration,days,7
15090_Stendal,5.273303985595703,HSx3,year,hot_spell_duration,days,7
15091_Wittenberg,5.117650032043457,HSx3,year,hot_spell_duration,days,7
16051_16067_16068_16070_16071_16055_Region_um_Erfurt,3.458284378051758,HSx3,year,hot_spell_duration,days,7
16051_Erfurt,4.120818138122559,HSx3,year,hot_spell_duration,days,7
16052_16076_15084_16074_Region_um_Gera,3.6381168365478516,HSx3,year,hot_spell_duration,days,7
16052_Gera,3.5198378562927246,HSx3,year,hot_spell_duration,days,7
16053_16074_16071_16055_Region_um_Jena,3.7313952445983887,HSx3,year,hot_spell_duration,days,7
16053_Jena,3.6380624771118164,HSx3,year,hot_spell_duration,days,7
16054_16066_16069_16070_Region_um_Suhl,3.720338821411133,HSx3,year,hot_spell_duration,days,7
16054_Suhl,3.763857126235962,HSx3,year,hot_spell_duration,days,7
16055_16071_Region_um_Weimar,3.8827919960021973,HSx3,year,hot_spell_duration,days,7
16055_Weimar,3.9084725379943848,HSx3,year,hot_spell_duration,days,7
16056_16063_06636_Region_um_Eisenach,4.050772190093994,HSx3,year,hot_spell_duration,days,7
16056_Eisenach,4.1698527336120605,HSx3,year,hot_spell_duration,days,7
16061_Eichsfeld,3.496798515319824,HSx3,year,hot_spell_duration,days,7
16062_Nordhausen,3.9111251831054688,HSx3,year,hot_spell_duration,days,7
16063_Wartburgkreis,3.8610997200012207,HSx3,year,hot_spell_duration,days,7
16064_Unstrut-Hainich-Kreis,3.911684989929199,HSx3,year,hot_spell_duration,days,7
16065_Kyffhäuserkreis,4.751120567321777,HSx3,year,hot_spell_duration,days,7
16066_Schmalkalden-Meiningen,3.976696729660034,HSx3,year,hot_spell_duration,days,7
16067_Gotha,3.184291124343872,HSx3,year,hot_spell_duration,days,7
16068_Sömmerda,4.409646987915039,HSx3,year,hot_spell_duration,days,7
16069_Hildburghausen,4.255216121673584,HSx3,year,hot_spell_duration,days,7
16070_Ilm-Kreis,2.978672504425049,HSx3,year,hot_spell_duration,days,7
16071_Weimarer Land,3.8798484802246094,HSx3,year,hot_spell_duration,days,7
16072_Sonneberg,3.8010382652282715,HSx3,year,hot_spell_duration,days,7
16073_Saalfeld-Rudolstadt,2.9792494773864746,HSx3,year,hot_spell_duration,days,7
16074_Saale-Holzland-Kreis,3.5870790481567383,HSx3,year,hot_spell_duration,days,7
16075_Saale-Orla-Kreis,3.1016013622283936,HSx3,year,hot_spell_duration,days,7
16076_Greiz,3.571370840072632,HSx3,year,hot_spell_duration,days,7
16077_Altenburger Land,4.000086307525635,HSx3,year,hot_spell_duration,days,7
