region,ci_name,ci_frequency,standard_name,units,mid_month,SU30_year_1.5C_rcp85_ensemble-robustness
01001_Flensburg,SU30,year,days_with_air_temperature_above_or_equal_threshold,days,7,1
01002_Kiel,SU30,year,days_with_air_temperature_above_or_equal_threshold,days,7,1
01003_Lübeck,SU30,year,days_with_air_temperature_above_or_equal_threshold,days,7,1
01004_Neumünster,SU30,year,days_with_air_temperature_above_or_equal_threshold,days,7,1
01051_Dithmarschen,SU30,year,days_with_air_temperature_above_or_equal_threshold,days,7,1
01053_Herzogtum Lauenburg,SU30,year,days_with_air_temperature_above_or_equal_threshold,days,7,1
01054_Nordfriesland,SU30,year,days_with_air_temperature_above_or_equal_threshold,days,7,1
01055_Ostholstein,SU30,year,days_with_air_temperature_above_or_equal_threshold,days,7,1
01057_Plön,SU30,year,days_with_air_temperature_above_or_equal_threshold,days,7,1
01058_Rendsburg-Eckernförde,SU30,year,days_with_air_temperature_above_or_equal_threshold,days,7,2
01059_Schleswig-Flensburg,SU30,year,days_with_air_temperature_above_or_equal_threshold,days,7,1
01060_Segeberg,SU30,year,days_with_air_temperature_above_or_equal_threshold,days,7,1
01061_Steinburg,SU30,year,days_with_air_temperature_above_or_equal_threshold,days,7,1
01062_Stormarn,SU30,year,days_with_air_temperature_above_or_equal_threshold,days,7,1
02000_Hamburg,SU30,year,days_with_air_temperature_above_or_equal_threshold,days,7,1
03101_Braunschweig,SU30,year,days_with_air_temperature_above_or_equal_threshold,days,7,1
03102_Salzgitter,SU30,year,days_with_air_temperature_above_or_equal_threshold,days,7,1
03103_Wolfsburg,SU30,year,days_with_air_temperature_above_or_equal_threshold,days,7,1
03151_Gifhorn,SU30,year,days_with_air_temperature_above_or_equal_threshold,days,7,1
03159_Göttingen,SU30,year,days_with_air_temperature_above_or_equal_threshold,days,7,1
03153_Goslar,SU30,year,days_with_air_temperature_above_or_equal_threshold,days,7,1
03154_Helmstedt,SU30,year,days_with_air_temperature_above_or_equal_threshold,days,7,1
03155_Northeim,SU30,year,days_with_air_temperature_above_or_equal_threshold,days,7,2
03157_Peine,SU30,year,days_with_air_temperature_above_or_equal_threshold,days,7,2
03158_Wolfenbüttel,SU30,year,days_with_air_temperature_above_or_equal_threshold,days,7,1
03241_Region Hannover,SU30,year,days_with_air_temperature_above_or_equal_threshold,days,7,1
03251_Diepholz,SU30,year,days_with_air_temperature_above_or_equal_threshold,days,7,1
03252_Hameln-Pyrmont,SU30,year,days_with_air_temperature_above_or_equal_threshold,days,7,2
03254_Hildesheim,SU30,year,days_with_air_temperature_above_or_equal_threshold,days,7,1
03255_Holzminden,SU30,year,days_with_air_temperature_above_or_equal_threshold,days,7,2
01056_Pinneberg,SU30,year,days_with_air_temperature_above_or_equal_threshold,days,7,2
03256_Nienburg (Weser),SU30,year,days_with_air_temperature_above_or_equal_threshold,days,7,2
03257_Schaumburg,SU30,year,days_with_air_temperature_above_or_equal_threshold,days,7,1
03351_Celle,SU30,year,days_with_air_temperature_above_or_equal_threshold,days,7,1
03352_Cuxhaven,SU30,year,days_with_air_temperature_above_or_equal_threshold,days,7,2
03353_Harburg,SU30,year,days_with_air_temperature_above_or_equal_threshold,days,7,1
03354_Lüchow-Dannenberg,SU30,year,days_with_air_temperature_above_or_equal_threshold,days,7,2
03355_Lüneburg,SU30,year,days_with_air_temperature_above_or_equal_threshold,days,7,1
03356_Osterholz,SU30,year,days_with_air_temperature_above_or_equal_threshold,days,7,2
03357_Rotenburg (Wümme),SU30,year,days_with_air_temperature_above_or_equal_threshold,days,7,1
03358_Heidekreis,SU30,year,days_with_air_temperature_above_or_equal_threshold,days,7,2
03359_Stade,SU30,year,days_with_air_temperature_above_or_equal_threshold,days,7,1
03360_Uelzen,SU30,year,days_with_air_temperature_above_or_equal_threshold,days,7,1
03361_Verden,SU30,year,days_with_air_temperature_above_or_equal_threshold,days,7,1
03401_Delmenhorst,SU30,year,days_with_air_temperature_above_or_equal_threshold,days,7,1
03402_Emden,SU30,year,days_with_air_temperature_above_or_equal_threshold,days,7,1
03403_Oldenburg (Oldb),SU30,year,days_with_air_temperature_above_or_equal_threshold,days,7,1
03404_Osnabrück,SU30,year,days_with_air_temperature_above_or_equal_threshold,days,7,2
03405_Wilhelmshaven,SU30,year,days_with_air_temperature_above_or_equal_threshold,days,7,1
03451_Ammerland,SU30,year,days_with_air_temperature_above_or_equal_threshold,days,7,1
03452_Aurich,SU30,year,days_with_air_temperature_above_or_equal_threshold,days,7,2
03453_Cloppenburg,SU30,year,days_with_air_temperature_above_or_equal_threshold,days,7,2
03454_Emsland,SU30,year,days_with_air_temperature_above_or_equal_threshold,days,7,1
03455_Friesland,SU30,year,days_with_air_temperature_above_or_equal_threshold,days,7,1
03456_Grafschaft Bentheim,SU30,year,days_with_air_temperature_above_or_equal_threshold,days,7,1
03457_Leer,SU30,year,days_with_air_temperature_above_or_equal_threshold,days,7,1
03458_Oldenburg,SU30,year,days_with_air_temperature_above_or_equal_threshold,days,7,1
03459_Osnabrück,SU30,year,days_with_air_temperature_above_or_equal_threshold,days,7,1
03460_Vechta,SU30,year,days_with_air_temperature_above_or_equal_threshold,days,7,1
03461_Wesermarsch,SU30,year,days_with_air_temperature_above_or_equal_threshold,days,7,1
03462_Wittmund,SU30,year,days_with_air_temperature_above_or_equal_threshold,days,7,1
04011_Bremen,SU30,year,days_with_air_temperature_above_or_equal_threshold,days,7,1
04012_Bremerhaven,SU30,year,days_with_air_temperature_above_or_equal_threshold,days,7,1
05111_Düsseldorf,SU30,year,days_with_air_temperature_above_or_equal_threshold,days,7,1
05112_Duisburg,SU30,year,days_with_air_temperature_above_or_equal_threshold,days,7,1
05113_Essen,SU30,year,days_with_air_temperature_above_or_equal_threshold,days,7,1
05114_Krefeld,SU30,year,days_with_air_temperature_above_or_equal_threshold,days,7,1
05116_Mönchengladbach,SU30,year,days_with_air_temperature_above_or_equal_threshold,days,7,1
05117_Mülheim an der Ruhr,SU30,year,days_with_air_temperature_above_or_equal_threshold,days,7,1
05119_Oberhausen,SU30,year,days_with_air_temperature_above_or_equal_threshold,days,7,1
05120_Remscheid,SU30,year,days_with_air_temperature_above_or_equal_threshold,days,7,1
05122_Solingen,SU30,year,days_with_air_temperature_above_or_equal_threshold,days,7,1
05124_Wuppertal,SU30,year,days_with_air_temperature_above_or_equal_threshold,days,7,1
05154_Kleve,SU30,year,days_with_air_temperature_above_or_equal_threshold,days,7,2
05158_Mettmann,SU30,year,days_with_air_temperature_above_or_equal_threshold,days,7,1
05162_Rhein-Kreis Neuss,SU30,year,days_with_air_temperature_above_or_equal_threshold,days,7,1
05166_Viersen,SU30,year,days_with_air_temperature_above_or_equal_threshold,days,7,1
05170_Wesel,SU30,year,days_with_air_temperature_above_or_equal_threshold,days,7,2
05314_Bonn,SU30,year,days_with_air_temperature_above_or_equal_threshold,days,7,2
05315_Köln,SU30,year,days_with_air_temperature_above_or_equal_threshold,days,7,1
05316_Leverkusen,SU30,year,days_with_air_temperature_above_or_equal_threshold,days,7,2
05334_Städteregion Aachen,SU30,year,days_with_air_temperature_above_or_equal_threshold,days,7,2
05358_Düren,SU30,year,days_with_air_temperature_above_or_equal_threshold,days,7,2
05362_Rhein-Erft-Kreis,SU30,year,days_with_air_temperature_above_or_equal_threshold,days,7,1
05366_Euskirchen,SU30,year,days_with_air_temperature_above_or_equal_threshold,days,7,2
05370_Heinsberg,SU30,year,days_with_air_temperature_above_or_equal_threshold,days,7,1
05374_Oberbergischer Kreis,SU30,year,days_with_air_temperature_above_or_equal_threshold,days,7,2
05378_Rheinisch-Bergischer Kreis,SU30,year,days_with_air_temperature_above_or_equal_threshold,days,7,2
05382_Rhein-Sieg-Kreis,SU30,year,days_with_air_temperature_above_or_equal_threshold,days,7,2
05512_Bottrop,SU30,year,days_with_air_temperature_above_or_equal_threshold,days,7,1
05513_Gelsenkirchen,SU30,year,days_with_air_temperature_above_or_equal_threshold,days,7,2
05515_Münster,SU30,year,days_with_air_temperature_above_or_equal_threshold,days,7,2
05554_Borken,SU30,year,days_with_air_temperature_above_or_equal_threshold,days,7,2
05558_Coesfeld,SU30,year,days_with_air_temperature_above_or_equal_threshold,days,7,2
05562_Recklinghausen,SU30,year,days_with_air_temperature_above_or_equal_threshold,days,7,2
05566_Steinfurt,SU30,year,days_with_air_temperature_above_or_equal_threshold,days,7,2
05570_Warendorf,SU30,year,days_with_air_temperature_above_or_equal_threshold,days,7,2
05711_Bielefeld,SU30,year,days_with_air_temperature_above_or_equal_threshold,days,7,1
05754_Gütersloh,SU30,year,days_with_air_temperature_above_or_equal_threshold,days,7,2
05758_Herford,SU30,year,days_with_air_temperature_above_or_equal_threshold,days,7,2
05762_Höxter,SU30,year,days_with_air_temperature_above_or_equal_threshold,days,7,1
05766_Lippe,SU30,year,days_with_air_temperature_above_or_equal_threshold,days,7,1
05770_Minden-Lübbecke,SU30,year,days_with_air_temperature_above_or_equal_threshold,days,7,2
05774_Paderborn,SU30,year,days_with_air_temperature_above_or_equal_threshold,days,7,2
05911_Bochum,SU30,year,days_with_air_temperature_above_or_equal_threshold,days,7,2
05913_Dortmund,SU30,year,days_with_air_temperature_above_or_equal_threshold,days,7,2
05914_Hagen,SU30,year,days_with_air_temperature_above_or_equal_threshold,days,7,2
05915_Hamm,SU30,year,days_with_air_temperature_above_or_equal_threshold,days,7,2
05916_Herne,SU30,year,days_with_air_temperature_above_or_equal_threshold,days,7,2
05954_Ennepe-Ruhr-Kreis,SU30,year,days_with_air_temperature_above_or_equal_threshold,days,7,2
05958_Hochsauerlandkreis,SU30,year,days_with_air_temperature_above_or_equal_threshold,days,7,2
05962_Märkischer Kreis,SU30,year,days_with_air_temperature_above_or_equal_threshold,days,7,2
05966_Olpe,SU30,year,days_with_air_temperature_above_or_equal_threshold,days,7,2
05970_Siegen-Wittgenstein,SU30,year,days_with_air_temperature_above_or_equal_threshold,days,7,2
05974_Soest,SU30,year,days_with_air_temperature_above_or_equal_threshold,days,7,2
05978_Unna,SU30,year,days_with_air_temperature_above_or_equal_threshold,days,7,2
06411_Darmstadt,SU30,year,days_with_air_temperature_above_or_equal_threshold,days,7,1
06412_Frankfurt am Main,SU30,year,days_with_air_temperature_above_or_equal_threshold,days,7,2
06413_Offenbach am Main,SU30,year,days_with_air_temperature_above_or_equal_threshold,days,7,2
06414_Wiesbaden,SU30,year,days_with_air_temperature_above_or_equal_threshold,days,7,1
06431_Bergstraße,SU30,year,days_with_air_temperature_above_or_equal_threshold,days,7,1
06432_Darmstadt-Dieburg,SU30,year,days_with_air_temperature_above_or_equal_threshold,days,7,1
06433_Groß-Gerau,SU30,year,days_with_air_temperature_above_or_equal_threshold,days,7,1
06434_Hochtaunuskreis,SU30,year,days_with_air_temperature_above_or_equal_threshold,days,7,2
06435_Main-Kinzig-Kreis,SU30,year,days_with_air_temperature_above_or_equal_threshold,days,7,1
06436_Main-Taunus-Kreis,SU30,year,days_with_air_temperature_above_or_equal_threshold,days,7,2
06437_Odenwaldkreis,SU30,year,days_with_air_temperature_above_or_equal_threshold,days,7,2
06438_Offenbach,SU30,year,days_with_air_temperature_above_or_equal_threshold,days,7,1
06439_Rheingau-Taunus-Kreis,SU30,year,days_with_air_temperature_above_or_equal_threshold,days,7,2
06440_Wetteraukreis,SU30,year,days_with_air_temperature_above_or_equal_threshold,days,7,2
06531_Gießen,SU30,year,days_with_air_temperature_above_or_equal_threshold,days,7,1
06532_Lahn-Dill-Kreis,SU30,year,days_with_air_temperature_above_or_equal_threshold,days,7,1
06533_Limburg-Weilburg,SU30,year,days_with_air_temperature_above_or_equal_threshold,days,7,2
06534_Marburg-Biedenkopf,SU30,year,days_with_air_temperature_above_or_equal_threshold,days,7,2
06535_Vogelsbergkreis,SU30,year,days_with_air_temperature_above_or_equal_threshold,days,7,2
06611_Kassel,SU30,year,days_with_air_temperature_above_or_equal_threshold,days,7,2
06631_Fulda,SU30,year,days_with_air_temperature_above_or_equal_threshold,days,7,2
06632_Hersfeld-Rotenburg,SU30,year,days_with_air_temperature_above_or_equal_threshold,days,7,2
06633_Kassel,SU30,year,days_with_air_temperature_above_or_equal_threshold,days,7,2
06634_Schwalm-Eder-Kreis,SU30,year,days_with_air_temperature_above_or_equal_threshold,days,7,1
06635_Waldeck-Frankenberg,SU30,year,days_with_air_temperature_above_or_equal_threshold,days,7,2
06636_Werra-Meißner-Kreis,SU30,year,days_with_air_temperature_above_or_equal_threshold,days,7,2
07111_Koblenz,SU30,year,days_with_air_temperature_above_or_equal_threshold,days,7,2
07131_Ahrweiler,SU30,year,days_with_air_temperature_above_or_equal_threshold,days,7,2
07132_Altenkirchen (Westerwald),SU30,year,days_with_air_temperature_above_or_equal_threshold,days,7,1
07133_Bad Kreuznach,SU30,year,days_with_air_temperature_above_or_equal_threshold,days,7,2
07134_Birkenfeld,SU30,year,days_with_air_temperature_above_or_equal_threshold,days,7,2
07135_Cochem-Zell,SU30,year,days_with_air_temperature_above_or_equal_threshold,days,7,1
07137_Mayen-Koblenz,SU30,year,days_with_air_temperature_above_or_equal_threshold,days,7,2
07138_Neuwied,SU30,year,days_with_air_temperature_above_or_equal_threshold,days,7,2
07140_Rhein-Hunsrück-Kreis,SU30,year,days_with_air_temperature_above_or_equal_threshold,days,7,2
07141_Rhein-Lahn-Kreis,SU30,year,days_with_air_temperature_above_or_equal_threshold,days,7,2
07143_Westerwaldkreis,SU30,year,days_with_air_temperature_above_or_equal_threshold,days,7,2
07211_Trier,SU30,year,days_with_air_temperature_above_or_equal_threshold,days,7,2
07231_Bernkastel-Wittlich,SU30,year,days_with_air_temperature_above_or_equal_threshold,days,7,2
07232_Eifelkreis Bitburg-Prüm,SU30,year,days_with_air_temperature_above_or_equal_threshold,days,7,2
07233_Vulkaneifel,SU30,year,days_with_air_temperature_above_or_equal_threshold,days,7,2
07235_Trier-Saarburg,SU30,year,days_with_air_temperature_above_or_equal_threshold,days,7,2
07311_Frankenthal (Pfalz),SU30,year,days_with_air_temperature_above_or_equal_threshold,days,7,2
07312_Kaiserslautern,SU30,year,days_with_air_temperature_above_or_equal_threshold,days,7,2
07313_Landau in der Pfalz,SU30,year,days_with_air_temperature_above_or_equal_threshold,days,7,2
07314_Ludwigshafen am Rhein,SU30,year,days_with_air_temperature_above_or_equal_threshold,days,7,2
07315_Mainz,SU30,year,days_with_air_temperature_above_or_equal_threshold,days,7,2
07316_Neustadt an der Weinstraße,SU30,year,days_with_air_temperature_above_or_equal_threshold,days,7,2
07317_Pirmasens,SU30,year,days_with_air_temperature_above_or_equal_threshold,days,7,2
07318_Speyer,SU30,year,days_with_air_temperature_above_or_equal_threshold,days,7,2
07319_Worms,SU30,year,days_with_air_temperature_above_or_equal_threshold,days,7,2
07320_Zweibrücken,SU30,year,days_with_air_temperature_above_or_equal_threshold,days,7,2
07331_Alzey-Worms,SU30,year,days_with_air_temperature_above_or_equal_threshold,days,7,2
07332_Bad Dürkheim,SU30,year,days_with_air_temperature_above_or_equal_threshold,days,7,2
07333_Donnersbergkreis,SU30,year,days_with_air_temperature_above_or_equal_threshold,days,7,2
07334_Germersheim,SU30,year,days_with_air_temperature_above_or_equal_threshold,days,7,2
07335_Kaiserslautern,SU30,year,days_with_air_temperature_above_or_equal_threshold,days,7,2
07336_Kusel,SU30,year,days_with_air_temperature_above_or_equal_threshold,days,7,2
07337_Südliche Weinstraße,SU30,year,days_with_air_temperature_above_or_equal_threshold,days,7,2
07338_Rhein-Pfalz-Kreis,SU30,year,days_with_air_temperature_above_or_equal_threshold,days,7,2
07339_Mainz-Bingen,SU30,year,days_with_air_temperature_above_or_equal_threshold,days,7,2
07340_Südwestpfalz,SU30,year,days_with_air_temperature_above_or_equal_threshold,days,7,2
08111_Stuttgart,SU30,year,days_with_air_temperature_above_or_equal_threshold,days,7,2
08115_Böblingen,SU30,year,days_with_air_temperature_above_or_equal_threshold,days,7,2
08116_Esslingen,SU30,year,days_with_air_temperature_above_or_equal_threshold,days,7,2
08117_Göppingen,SU30,year,days_with_air_temperature_above_or_equal_threshold,days,7,2
08118_Ludwigsburg,SU30,year,days_with_air_temperature_above_or_equal_threshold,days,7,2
08119_Rems-Murr-Kreis,SU30,year,days_with_air_temperature_above_or_equal_threshold,days,7,2
08121_Heilbronn,SU30,year,days_with_air_temperature_above_or_equal_threshold,days,7,2
08125_Heilbronn,SU30,year,days_with_air_temperature_above_or_equal_threshold,days,7,2
08126_Hohenlohekreis,SU30,year,days_with_air_temperature_above_or_equal_threshold,days,7,2
08127_Schwäbisch Hall,SU30,year,days_with_air_temperature_above_or_equal_threshold,days,7,2
08128_Main-Tauber-Kreis,SU30,year,days_with_air_temperature_above_or_equal_threshold,days,7,2
08135_Heidenheim,SU30,year,days_with_air_temperature_above_or_equal_threshold,days,7,2
08136_Ostalbkreis,SU30,year,days_with_air_temperature_above_or_equal_threshold,days,7,2
08211_Baden-Baden,SU30,year,days_with_air_temperature_above_or_equal_threshold,days,7,2
08212_Karlsruhe,SU30,year,days_with_air_temperature_above_or_equal_threshold,days,7,2
08215_Karlsruhe,SU30,year,days_with_air_temperature_above_or_equal_threshold,days,7,2
08216_Rastatt,SU30,year,days_with_air_temperature_above_or_equal_threshold,days,7,2
08221_Heidelberg,SU30,year,days_with_air_temperature_above_or_equal_threshold,days,7,2
08222_Mannheim,SU30,year,days_with_air_temperature_above_or_equal_threshold,days,7,2
08225_Neckar-Odenwald-Kreis,SU30,year,days_with_air_temperature_above_or_equal_threshold,days,7,2
08226_Rhein-Neckar-Kreis,SU30,year,days_with_air_temperature_above_or_equal_threshold,days,7,2
08231_Pforzheim,SU30,year,days_with_air_temperature_above_or_equal_threshold,days,7,2
08235_Calw,SU30,year,days_with_air_temperature_above_or_equal_threshold,days,7,2
08236_Enzkreis,SU30,year,days_with_air_temperature_above_or_equal_threshold,days,7,2
08237_Freudenstadt,SU30,year,days_with_air_temperature_above_or_equal_threshold,days,7,2
08311_Freiburg im Breisgau,SU30,year,days_with_air_temperature_above_or_equal_threshold,days,7,2
08315_Breisgau-Hochschwarzwald,SU30,year,days_with_air_temperature_above_or_equal_threshold,days,7,2
08316_Emmendingen,SU30,year,days_with_air_temperature_above_or_equal_threshold,days,7,2
08317_Ortenaukreis,SU30,year,days_with_air_temperature_above_or_equal_threshold,days,7,2
08325_Rottweil,SU30,year,days_with_air_temperature_above_or_equal_threshold,days,7,2
08326_Schwarzwald-Baar-Kreis,SU30,year,days_with_air_temperature_above_or_equal_threshold,days,7,2
08327_Tuttlingen,SU30,year,days_with_air_temperature_above_or_equal_threshold,days,7,2
08335_Konstanz,SU30,year,days_with_air_temperature_above_or_equal_threshold,days,7,2
08336_Lörrach,SU30,year,days_with_air_temperature_above_or_equal_threshold,days,7,2
08337_Waldshut,SU30,year,days_with_air_temperature_above_or_equal_threshold,days,7,2
08415_Reutlingen,SU30,year,days_with_air_temperature_above_or_equal_threshold,days,7,2
08416_Tübingen,SU30,year,days_with_air_temperature_above_or_equal_threshold,days,7,2
08417_Zollernalbkreis,SU30,year,days_with_air_temperature_above_or_equal_threshold,days,7,2
08421_Ulm,SU30,year,days_with_air_temperature_above_or_equal_threshold,days,7,2
08425_Alb-Donau-Kreis,SU30,year,days_with_air_temperature_above_or_equal_threshold,days,7,2
08426_Biberach,SU30,year,days_with_air_temperature_above_or_equal_threshold,days,7,2
08435_Bodenseekreis,SU30,year,days_with_air_temperature_above_or_equal_threshold,days,7,2
08436_Ravensburg,SU30,year,days_with_air_temperature_above_or_equal_threshold,days,7,2
08437_Sigmaringen,SU30,year,days_with_air_temperature_above_or_equal_threshold,days,7,2
09161_Ingolstadt,SU30,year,days_with_air_temperature_above_or_equal_threshold,days,7,2
09162_München,SU30,year,days_with_air_temperature_above_or_equal_threshold,days,7,2
09163_Rosenheim,SU30,year,days_with_air_temperature_above_or_equal_threshold,days,7,2
09171_Altötting,SU30,year,days_with_air_temperature_above_or_equal_threshold,days,7,2
09172_Berchtesgadener Land,SU30,year,days_with_air_temperature_above_or_equal_threshold,days,7,2
09173_Bad Tölz-Wolfratshausen,SU30,year,days_with_air_temperature_above_or_equal_threshold,days,7,2
09174_Dachau,SU30,year,days_with_air_temperature_above_or_equal_threshold,days,7,2
09175_Ebersberg,SU30,year,days_with_air_temperature_above_or_equal_threshold,days,7,2
09176_Eichstätt,SU30,year,days_with_air_temperature_above_or_equal_threshold,days,7,2
09177_Erding,SU30,year,days_with_air_temperature_above_or_equal_threshold,days,7,2
09178_Freising,SU30,year,days_with_air_temperature_above_or_equal_threshold,days,7,2
09179_Fürstenfeldbruck,SU30,year,days_with_air_temperature_above_or_equal_threshold,days,7,2
09180_Garmisch-Partenkirchen,SU30,year,days_with_air_temperature_above_or_equal_threshold,days,7,2
09181_Landsberg am Lech,SU30,year,days_with_air_temperature_above_or_equal_threshold,days,7,2
09182_Miesbach,SU30,year,days_with_air_temperature_above_or_equal_threshold,days,7,2
09183_Mühldorf a. Inn,SU30,year,days_with_air_temperature_above_or_equal_threshold,days,7,2
09184_München,SU30,year,days_with_air_temperature_above_or_equal_threshold,days,7,2
09185_Neuburg-Schrobenhausen,SU30,year,days_with_air_temperature_above_or_equal_threshold,days,7,2
09186_Pfaffenhofen a.d. Ilm,SU30,year,days_with_air_temperature_above_or_equal_threshold,days,7,2
09187_Rosenheim,SU30,year,days_with_air_temperature_above_or_equal_threshold,days,7,2
09188_Starnberg,SU30,year,days_with_air_temperature_above_or_equal_threshold,days,7,2
09189_Traunstein,SU30,year,days_with_air_temperature_above_or_equal_threshold,days,7,2
09190_Weilheim-Schongau,SU30,year,days_with_air_temperature_above_or_equal_threshold,days,7,2
09261_Landshut,SU30,year,days_with_air_temperature_above_or_equal_threshold,days,7,2
09262_Passau,SU30,year,days_with_air_temperature_above_or_equal_threshold,days,7,2
09263_Straubing,SU30,year,days_with_air_temperature_above_or_equal_threshold,days,7,2
09271_Deggendorf,SU30,year,days_with_air_temperature_above_or_equal_threshold,days,7,2
09272_Freyung-Grafenau,SU30,year,days_with_air_temperature_above_or_equal_threshold,days,7,2
09273_Kelheim,SU30,year,days_with_air_temperature_above_or_equal_threshold,days,7,2
09274_Landshut,SU30,year,days_with_air_temperature_above_or_equal_threshold,days,7,2
09275_Passau,SU30,year,days_with_air_temperature_above_or_equal_threshold,days,7,2
09276_Regen,SU30,year,days_with_air_temperature_above_or_equal_threshold,days,7,2
09277_Rottal-Inn,SU30,year,days_with_air_temperature_above_or_equal_threshold,days,7,2
09278_Straubing-Bogen,SU30,year,days_with_air_temperature_above_or_equal_threshold,days,7,2
09279_Dingolfing-Landau,SU30,year,days_with_air_temperature_above_or_equal_threshold,days,7,2
09361_Amberg,SU30,year,days_with_air_temperature_above_or_equal_threshold,days,7,2
09362_Regensburg,SU30,year,days_with_air_temperature_above_or_equal_threshold,days,7,2
09363_Weiden i.d. OPf.,SU30,year,days_with_air_temperature_above_or_equal_threshold,days,7,2
09371_Amberg-Sulzbach,SU30,year,days_with_air_temperature_above_or_equal_threshold,days,7,2
09372_Cham,SU30,year,days_with_air_temperature_above_or_equal_threshold,days,7,2
09373_Neumarkt i.d. OPf.,SU30,year,days_with_air_temperature_above_or_equal_threshold,days,7,2
09374_Neustadt a.d. Waldnaab,SU30,year,days_with_air_temperature_above_or_equal_threshold,days,7,2
09375_Regensburg,SU30,year,days_with_air_temperature_above_or_equal_threshold,days,7,2
09376_Schwandorf,SU30,year,days_with_air_temperature_above_or_equal_threshold,days,7,2
09377_Tirschenreuth,SU30,year,days_with_air_temperature_above_or_equal_threshold,days,7,2
09461_Bamberg,SU30,year,days_with_air_temperature_above_or_equal_threshold,days,7,2
09462_Bayreuth,SU30,year,days_with_air_temperature_above_or_equal_threshold,days,7,2
09463_Coburg,SU30,year,days_with_air_temperature_above_or_equal_threshold,days,7,2
09464_Hof,SU30,year,days_with_air_temperature_above_or_equal_threshold,days,7,2
09471_Bamberg,SU30,year,days_with_air_temperature_above_or_equal_threshold,days,7,2
09472_Bayreuth,SU30,year,days_with_air_temperature_above_or_equal_threshold,days,7,2
09473_Coburg,SU30,year,days_with_air_temperature_above_or_equal_threshold,days,7,2
09474_Forchheim,SU30,year,days_with_air_temperature_above_or_equal_threshold,days,7,2
09475_Hof,SU30,year,days_with_air_temperature_above_or_equal_threshold,days,7,2
09476_Kronach,SU30,year,days_with_air_temperature_above_or_equal_threshold,days,7,2
09477_Kulmbach,SU30,year,days_with_air_temperature_above_or_equal_threshold,days,7,2
09478_Lichtenfels,SU30,year,days_with_air_temperature_above_or_equal_threshold,days,7,2
09479_Wunsiedel i. Fichtelgebirge,SU30,year,days_with_air_temperature_above_or_equal_threshold,days,7,2
09561_Ansbach,SU30,year,days_with_air_temperature_above_or_equal_threshold,days,7,2
09562_Erlangen,SU30,year,days_with_air_temperature_above_or_equal_threshold,days,7,2
09563_Fürth,SU30,year,days_with_air_temperature_above_or_equal_threshold,days,7,2
09564_Nürnberg,SU30,year,days_with_air_temperature_above_or_equal_threshold,days,7,2
09565_Schwabach,SU30,year,days_with_air_temperature_above_or_equal_threshold,days,7,2
09571_Ansbach,SU30,year,days_with_air_temperature_above_or_equal_threshold,days,7,2
09572_Erlangen-Höchstadt,SU30,year,days_with_air_temperature_above_or_equal_threshold,days,7,2
09573_Fürth,SU30,year,days_with_air_temperature_above_or_equal_threshold,days,7,2
09574_Nürnberger Land,SU30,year,days_with_air_temperature_above_or_equal_threshold,days,7,2
09575_Neustadt a.d. Aisch-Bad Windsheim,SU30,year,days_with_air_temperature_above_or_equal_threshold,days,7,2
09576_Roth,SU30,year,days_with_air_temperature_above_or_equal_threshold,days,7,2
09577_Weißenburg-Gunzenhausen,SU30,year,days_with_air_temperature_above_or_equal_threshold,days,7,2
09661_Aschaffenburg,SU30,year,days_with_air_temperature_above_or_equal_threshold,days,7,2
09662_Schweinfurt,SU30,year,days_with_air_temperature_above_or_equal_threshold,days,7,2
09663_Würzburg,SU30,year,days_with_air_temperature_above_or_equal_threshold,days,7,2
09671_Aschaffenburg,SU30,year,days_with_air_temperature_above_or_equal_threshold,days,7,2
09672_Bad Kissingen,SU30,year,days_with_air_temperature_above_or_equal_threshold,days,7,2
09673_Rhön-Grabfeld,SU30,year,days_with_air_temperature_above_or_equal_threshold,days,7,2
09674_Haßberge,SU30,year,days_with_air_temperature_above_or_equal_threshold,days,7,2
09675_Kitzingen,SU30,year,days_with_air_temperature_above_or_equal_threshold,days,7,2
09676_Miltenberg,SU30,year,days_with_air_temperature_above_or_equal_threshold,days,7,2
09677_Main-Spessart,SU30,year,days_with_air_temperature_above_or_equal_threshold,days,7,2
09678_Schweinfurt,SU30,year,days_with_air_temperature_above_or_equal_threshold,days,7,2
09679_Würzburg,SU30,year,days_with_air_temperature_above_or_equal_threshold,days,7,2
09761_Augsburg,SU30,year,days_with_air_temperature_above_or_equal_threshold,days,7,2
09762_Kaufbeuren,SU30,year,days_with_air_temperature_above_or_equal_threshold,days,7,2
09763_Kempten (Allgäu),SU30,year,days_with_air_temperature_above_or_equal_threshold,days,7,2
09764_Memmingen,SU30,year,days_with_air_temperature_above_or_equal_threshold,days,7,2
09771_Aichach-Friedberg,SU30,year,days_with_air_temperature_above_or_equal_threshold,days,7,2
09772_Augsburg,SU30,year,days_with_air_temperature_above_or_equal_threshold,days,7,2
09773_Dillingen a.d. Donau,SU30,year,days_with_air_temperature_above_or_equal_threshold,days,7,2
09774_Günzburg,SU30,year,days_with_air_temperature_above_or_equal_threshold,days,7,2
09775_Neu-Ulm,SU30,year,days_with_air_temperature_above_or_equal_threshold,days,7,2
09776_Lindau (Bodensee),SU30,year,days_with_air_temperature_above_or_equal_threshold,days,7,2
09777_Ostallgäu,SU30,year,days_with_air_temperature_above_or_equal_threshold,days,7,2
09778_Unterallgäu,SU30,year,days_with_air_temperature_above_or_equal_threshold,days,7,2
09779_Donau-Ries,SU30,year,days_with_air_temperature_above_or_equal_threshold,days,7,2
09780_Oberallgäu,SU30,year,days_with_air_temperature_above_or_equal_threshold,days,7,2
10041_Regionalverband Saarbrücken,SU30,year,days_with_air_temperature_above_or_equal_threshold,days,7,2
10042_Merzig-Wadern,SU30,year,days_with_air_temperature_above_or_equal_threshold,days,7,2
10043_Neunkirchen,SU30,year,days_with_air_temperature_above_or_equal_threshold,days,7,2
10044_Saarlouis,SU30,year,days_with_air_temperature_above_or_equal_threshold,days,7,2
10045_Saarpfalz-Kreis,SU30,year,days_with_air_temperature_above_or_equal_threshold,days,7,2
10046_St. Wendel,SU30,year,days_with_air_temperature_above_or_equal_threshold,days,7,2
11000_Berlin,SU30,year,days_with_air_temperature_above_or_equal_threshold,days,7,2
12051_Brandenburg an der Havel,SU30,year,days_with_air_temperature_above_or_equal_threshold,days,7,2
12052_Cottbus,SU30,year,days_with_air_temperature_above_or_equal_threshold,days,7,2
12053_Frankfurt (Oder),SU30,year,days_with_air_temperature_above_or_equal_threshold,days,7,2
12054_Potsdam,SU30,year,days_with_air_temperature_above_or_equal_threshold,days,7,2
12060_Barnim,SU30,year,days_with_air_temperature_above_or_equal_threshold,days,7,2
12061_Dahme-Spreewald,SU30,year,days_with_air_temperature_above_or_equal_threshold,days,7,2
12062_Elbe-Elster,SU30,year,days_with_air_temperature_above_or_equal_threshold,days,7,2
12063_Havelland,SU30,year,days_with_air_temperature_above_or_equal_threshold,days,7,2
12064_Märkisch-Oderland,SU30,year,days_with_air_temperature_above_or_equal_threshold,days,7,2
12065_Oberhavel,SU30,year,days_with_air_temperature_above_or_equal_threshold,days,7,2
12066_Oberspreewald-Lausitz,SU30,year,days_with_air_temperature_above_or_equal_threshold,days,7,2
12067_Oder-Spree,SU30,year,days_with_air_temperature_above_or_equal_threshold,days,7,2
12068_Ostprignitz-Ruppin,SU30,year,days_with_air_temperature_above_or_equal_threshold,days,7,2
12069_Potsdam-Mittelmark,SU30,year,days_with_air_temperature_above_or_equal_threshold,days,7,2
12070_Prignitz,SU30,year,days_with_air_temperature_above_or_equal_threshold,days,7,2
12071_Spree-Neiße,SU30,year,days_with_air_temperature_above_or_equal_threshold,days,7,2
12072_Teltow-Fläming,SU30,year,days_with_air_temperature_above_or_equal_threshold,days,7,2
12073_Uckermark,SU30,year,days_with_air_temperature_above_or_equal_threshold,days,7,2
13003_Rostock,SU30,year,days_with_air_temperature_above_or_equal_threshold,days,7,2
13004_Schwerin,SU30,year,days_with_air_temperature_above_or_equal_threshold,days,7,2
13072_Rostock,SU30,year,days_with_air_temperature_above_or_equal_threshold,days,7,2
13076_Ludwigslust-Parchim,SU30,year,days_with_air_temperature_above_or_equal_threshold,days,7,2
13071_Mecklenburgische Seenplatte,SU30,year,days_with_air_temperature_above_or_equal_threshold,days,7,2
13073_Vorpommern-Rügen,SU30,year,days_with_air_temperature_above_or_equal_threshold,days,7,2
13074_Nordwestmecklenburg,SU30,year,days_with_air_temperature_above_or_equal_threshold,days,7,2
13075_Vorpommern-Greifswald,SU30,year,days_with_air_temperature_above_or_equal_threshold,days,7,2
14511_Chemnitz,SU30,year,days_with_air_temperature_above_or_equal_threshold,days,7,2
14522_Mittelsachsen,SU30,year,days_with_air_temperature_above_or_equal_threshold,days,7,2
14523_Vogtlandkreis,SU30,year,days_with_air_temperature_above_or_equal_threshold,days,7,2
14521_Erzgebirgskreis,SU30,year,days_with_air_temperature_above_or_equal_threshold,days,7,2
14524_Zwickau,SU30,year,days_with_air_temperature_above_or_equal_threshold,days,7,2
14612_Dresden,SU30,year,days_with_air_temperature_above_or_equal_threshold,days,7,2
14626_Görlitz,SU30,year,days_with_air_temperature_above_or_equal_threshold,days,7,2
14625_Bautzen,SU30,year,days_with_air_temperature_above_or_equal_threshold,days,7,2
14627_Meißen,SU30,year,days_with_air_temperature_above_or_equal_threshold,days,7,2
14628_Sächsische Schweiz-Osterzgebirge,SU30,year,days_with_air_temperature_above_or_equal_threshold,days,7,2
14713_Leipzig,SU30,year,days_with_air_temperature_above_or_equal_threshold,days,7,2
14729_Leipzig,SU30,year,days_with_air_temperature_above_or_equal_threshold,days,7,2
14730_Nordsachsen,SU30,year,days_with_air_temperature_above_or_equal_threshold,days,7,2
15001_Dessau-Roßlau,SU30,year,days_with_air_temperature_above_or_equal_threshold,days,7,2
15082_Anhalt-Bitterfeld,SU30,year,days_with_air_temperature_above_or_equal_threshold,days,7,2
15091_Wittenberg,SU30,year,days_with_air_temperature_above_or_equal_threshold,days,7,2
15002_Halle (Saale),SU30,year,days_with_air_temperature_above_or_equal_threshold,days,7,2
15084_Burgenlandkreis,SU30,year,days_with_air_temperature_above_or_equal_threshold,days,7,2
15088_Saalekreis,SU30,year,days_with_air_temperature_above_or_equal_threshold,days,7,2
15087_Mansfeld-Südharz,SU30,year,days_with_air_temperature_above_or_equal_threshold,days,7,2
15003_Magdeburg,SU30,year,days_with_air_temperature_above_or_equal_threshold,days,7,2
15085_Harz,SU30,year,days_with_air_temperature_above_or_equal_threshold,days,7,2
15086_Jerichower Land,SU30,year,days_with_air_temperature_above_or_equal_threshold,days,7,2
15083_Börde,SU30,year,days_with_air_temperature_above_or_equal_threshold,days,7,2
15090_Stendal,SU30,year,days_with_air_temperature_above_or_equal_threshold,days,7,2
15089_Salzlandkreis,SU30,year,days_with_air_temperature_above_or_equal_threshold,days,7,2
15081_Altmarkkreis Salzwedel,SU30,year,days_with_air_temperature_above_or_equal_threshold,days,7,2
16051_Erfurt,SU30,year,days_with_air_temperature_above_or_equal_threshold,days,7,2
16052_Gera,SU30,year,days_with_air_temperature_above_or_equal_threshold,days,7,2
16053_Jena,SU30,year,days_with_air_temperature_above_or_equal_threshold,days,7,2
16054_Suhl,SU30,year,days_with_air_temperature_above_or_equal_threshold,days,7,2
16055_Weimar,SU30,year,days_with_air_temperature_above_or_equal_threshold,days,7,2
16056_Eisenach,SU30,year,days_with_air_temperature_above_or_equal_threshold,days,7,2
16061_Eichsfeld,SU30,year,days_with_air_temperature_above_or_equal_threshold,days,7,2
16062_Nordhausen,SU30,year,days_with_air_temperature_above_or_equal_threshold,days,7,2
16063_Wartburgkreis,SU30,year,days_with_air_temperature_above_or_equal_threshold,days,7,2
16064_Unstrut-Hainich-Kreis,SU30,year,days_with_air_temperature_above_or_equal_threshold,days,7,2
16065_Kyffhäuserkreis,SU30,year,days_with_air_temperature_above_or_equal_threshold,days,7,2
16066_Schmalkalden-Meiningen,SU30,year,days_with_air_temperature_above_or_equal_threshold,days,7,2
16067_Gotha,SU30,year,days_with_air_temperature_above_or_equal_threshold,days,7,2
16068_Sömmerda,SU30,year,days_with_air_temperature_above_or_equal_threshold,days,7,2
16069_Hildburghausen,SU30,year,days_with_air_temperature_above_or_equal_threshold,days,7,2
16070_Ilm-Kreis,SU30,year,days_with_air_temperature_above_or_equal_threshold,days,7,2
16071_Weimarer Land,SU30,year,days_with_air_temperature_above_or_equal_threshold,days,7,2
16072_Sonneberg,SU30,year,days_with_air_temperature_above_or_equal_threshold,days,7,2
16073_Saalfeld-Rudolstadt,SU30,year,days_with_air_temperature_above_or_equal_threshold,days,7,2
16074_Saale-Holzland-Kreis,SU30,year,days_with_air_temperature_above_or_equal_threshold,days,7,2
16075_Saale-Orla-Kreis,SU30,year,days_with_air_temperature_above_or_equal_threshold,days,7,2
16076_Greiz,SU30,year,days_with_air_temperature_above_or_equal_threshold,days,7,2
16077_Altenburger Land,SU30,year,days_with_air_temperature_above_or_equal_threshold,days,7,2
01001_01059_Region_um_Flensburg,SU30,year,days_with_air_temperature_above_or_equal_threshold,days,7,2
01002_01057_01058_Region_um_Kiel,SU30,year,days_with_air_temperature_above_or_equal_threshold,days,7,2
01003_13074_01055_01053_01062_Region_um_Lübeck,SU30,year,days_with_air_temperature_above_or_equal_threshold,days,7,2
01004_01058_01060_01057_01002_Region_um_Neumünster,SU30,year,days_with_air_temperature_above_or_equal_threshold,days,7,2
03101_03157_03154_03151_03102_03158_03103_Region_um_Braunschweig,SU30,year,days_with_air_temperature_above_or_equal_threshold,days,7,2
03102_03254_03157_03158_03153_03101_Region_um_Salzgitter,SU30,year,days_with_air_temperature_above_or_equal_threshold,days,7,2
03103_03154_03151_Region_um_Wolfsburg,SU30,year,days_with_air_temperature_above_or_equal_threshold,days,7,2
03401_03458_04011_03251_03461_Region_um_Delmenhorst,SU30,year,days_with_air_temperature_above_or_equal_threshold,days,7,2
03402_03452_03457_Region_um_Emden,SU30,year,days_with_air_temperature_above_or_equal_threshold,days,7,2
03403_03458_03451_03461_Region_um_Oldenburg_(Oldenburg),SU30,year,days_with_air_temperature_above_or_equal_threshold,days,7,2
03404_03459_05566_Region_um_Osnabrück,SU30,year,days_with_air_temperature_above_or_equal_threshold,days,7,2
03405_03455_Region_um_Wilhelmshaven,SU30,year,days_with_air_temperature_above_or_equal_threshold,days,7,2
04011_03361_03251_03401_03461_03356_03352_04012_Region_um_Bremen,SU30,year,days_with_air_temperature_above_or_equal_threshold,days,7,2
04012_03352_03461_Region_um_Bremerhaven,SU30,year,days_with_air_temperature_above_or_equal_threshold,days,7,2
05111_05162_05158_05112_Region_um_Düsseldorf,SU30,year,days_with_air_temperature_above_or_equal_threshold,days,7,2
05112_05114_05119_05117_05170_05158_05111_Region_um_Duisburg,SU30,year,days_with_air_temperature_above_or_equal_threshold,days,7,2
05113_05119_05117_05513_05512_05158_05911_05954_05562_05513_05916_Region_um_Essen,SU30,year,days_with_air_temperature_above_or_equal_threshold,days,7,2
05114_05112_05162_05166_05170_Region_um_Krefeld,SU30,year,days_with_air_temperature_above_or_equal_threshold,days,7,2
05116_05370_05166_05162_Region_um_Mönchengladbach,SU30,year,days_with_air_temperature_above_or_equal_threshold,days,7,2
05117_05112_05158_05119_05113_Region_um_Mülheim_an_der_Ruhr,SU30,year,days_with_air_temperature_above_or_equal_threshold,days,7,2
05119_05170_05512_05113_05117_05112_Region_um_Oberhausen,SU30,year,days_with_air_temperature_above_or_equal_threshold,days,7,2
05120_05124_05122_05378_05374_Region_um_Remscheid,SU30,year,days_with_air_temperature_above_or_equal_threshold,days,7,2
05122_05158_05124_05378_05120_Region_um_Solingen,SU30,year,days_with_air_temperature_above_or_equal_threshold,days,7,2
05124_05122_05120_05158_05954_05374_Region_um_Wuppertal,SU30,year,days_with_air_temperature_above_or_equal_threshold,days,7,2
05314_05382_Region_um_Bonn,SU30,year,days_with_air_temperature_above_or_equal_threshold,days,7,2
05316_05315_05378_05158_Region_um_Leverkusen,SU30,year,days_with_air_temperature_above_or_equal_threshold,days,7,2
05512_05119_05513_05113_05170_05562_Region_um_Bottrop,SU30,year,days_with_air_temperature_above_or_equal_threshold,days,7,2
05513_05113_05916_05911_05562_05512_Region_um_Gelsenkirchen,SU30,year,days_with_air_temperature_above_or_equal_threshold,days,7,2
05515_05566_05558_05570_Region_um_Münster,SU30,year,days_with_air_temperature_above_or_equal_threshold,days,7,2
05711_05754_05758_05766_Region_um_Bielefeld,SU30,year,days_with_air_temperature_above_or_equal_threshold,days,7,2
05911_05954_05913_05513_05113_05916_05562_Region_um_Bochum,SU30,year,days_with_air_temperature_above_or_equal_threshold,days,7,2
05913_05914_05911_05916_05978_05954_05562_Region_um_Dortmund,SU30,year,days_with_air_temperature_above_or_equal_threshold,days,7,2
05914_05954_05913_05978_05962_Region_um_Hagen,SU30,year,days_with_air_temperature_above_or_equal_threshold,days,7,2
05915_05978_05974_05570_05558_Region_um_Hamm,SU30,year,days_with_air_temperature_above_or_equal_threshold,days,7,2
05916_05513_05562_05911_Region_um_Herne,SU30,year,days_with_air_temperature_above_or_equal_threshold,days,7,1
06411_06432_06438_Region_um_Darmstadt,SU30,year,days_with_air_temperature_above_or_equal_threshold,days,7,2
06412_06413_06436_06434_06440_06435_06438_06433_Region_um_Frankfurt_am_Main,SU30,year,days_with_air_temperature_above_or_equal_threshold,days,7,2
06413_06438_06435_06412_Region_um_Offenbach_am_Main,SU30,year,days_with_air_temperature_above_or_equal_threshold,days,7,2
06414_07315_07339_06439_06436_06433_Region_um_Wiesbaden,SU30,year,days_with_air_temperature_above_or_equal_threshold,days,7,2
06436_06412_06414_06433_06439_06434_Region_um_Main-Taunus-Kreis,SU30,year,days_with_air_temperature_above_or_equal_threshold,days,7,2
06438_06432_06411_06433_06413_06435_06412_09671_Region_um_Offenbach,SU30,year,days_with_air_temperature_above_or_equal_threshold,days,7,2
06611_06633_03159_Region_um_Kassel,SU30,year,days_with_air_temperature_above_or_equal_threshold,days,7,1
07111_07137_07141_07143_Region_um_Koblenz,SU30,year,days_with_air_temperature_above_or_equal_threshold,days,7,1
07211_07235_Region_um_Trier,SU30,year,days_with_air_temperature_above_or_equal_threshold,days,7,2
07311_07318_07314_07338_08222_Region_um_Frankenthal_(Pfalz),SU30,year,days_with_air_temperature_above_or_equal_threshold,days,7,2
07312_07335_07332_Region_um_Kaiserslautern,SU30,year,days_with_air_temperature_above_or_equal_threshold,days,7,1
07313_07337_Region_um_Landau_in_der_Pfalz,SU30,year,days_with_air_temperature_above_or_equal_threshold,days,7,1
07314_07311_07338_08222_Region_um_Ludwigshafen_am_Rhein,SU30,year,days_with_air_temperature_above_or_equal_threshold,days,7,1
07315_07339_06414_06433_Region_um_Mainz,SU30,year,days_with_air_temperature_above_or_equal_threshold,days,7,2
07316_07337_07332_07313_Region_um_Neustadt_an_der_Weinstraße,SU30,year,days_with_air_temperature_above_or_equal_threshold,days,7,2
07317_07340_Region_um_Pirmasens,SU30,year,days_with_air_temperature_above_or_equal_threshold,days,7,2
07318_07311_07314_07338_08215_08226_08212_Region_um_Speyer,SU30,year,days_with_air_temperature_above_or_equal_threshold,days,7,2
07319_07331_07332_06431_07338_07311_07318_07314_Region_um_Worms,SU30,year,days_with_air_temperature_above_or_equal_threshold,days,7,2
07320_07340_10045_07317_Region_um_Zweibrücken,SU30,year,days_with_air_temperature_above_or_equal_threshold,days,7,2
07338_07311_07318_07314_08222_08226_08215_07334_07337_07313_07316_07332_07319_08221_08212_Region_um_Rhein-Pfalz-Kreis,SU30,year,days_with_air_temperature_above_or_equal_threshold,days,7,2
08111_08115_08116_08118_08119_Region_um_Stuttgart,SU30,year,days_with_air_temperature_above_or_equal_threshold,days,7,2
08121_08125_Region_um_Heilbronn,SU30,year,days_with_air_temperature_above_or_equal_threshold,days,7,2
08211_08216_Region_um_Baden-Baden,SU30,year,days_with_air_temperature_above_or_equal_threshold,days,7,2
08212_08215_07334_Region_um_Karlsruhe,SU30,year,days_with_air_temperature_above_or_equal_threshold,days,7,2
08221_08226_08222_Region_um_Heidelberg,SU30,year,days_with_air_temperature_above_or_equal_threshold,days,7,2
08222_08221_08226_06431_07338_07311_07318_07314_Region_um_Mannheim,SU30,year,days_with_air_temperature_above_or_equal_threshold,days,7,2
08231_08236_08235_Region_um_Pforzheim,SU30,year,days_with_air_temperature_above_or_equal_threshold,days,7,2
08311_08316_08315_Region_um_Freiburg_im_Breisgau,SU30,year,days_with_air_temperature_above_or_equal_threshold,days,7,2
08421_08425_09775_Region_um_Ulm,SU30,year,days_with_air_temperature_above_or_equal_threshold,days,7,2
09161_09176_09185_09186_Region_um_Ingolstadt,SU30,year,days_with_air_temperature_above_or_equal_threshold,days,7,2
09162_09184_09179_09174_Region_um_München,SU30,year,days_with_air_temperature_above_or_equal_threshold,days,7,2
09163_09187_Region_um_Rosenheim,SU30,year,days_with_air_temperature_above_or_equal_threshold,days,7,2
09261_09274_Region_um_Landshut,SU30,year,days_with_air_temperature_above_or_equal_threshold,days,7,2
09262_09275_Region_um_Passau,SU30,year,days_with_air_temperature_above_or_equal_threshold,days,7,2
09263_09278_Region_um_Straubing,SU30,year,days_with_air_temperature_above_or_equal_threshold,days,7,2
09361_09371_Region_um_Amberg,SU30,year,days_with_air_temperature_above_or_equal_threshold,days,7,2
09362_09375_Region_um_Regensburg,SU30,year,days_with_air_temperature_above_or_equal_threshold,days,7,2
09363_09374_Region_um_Weiden_in_der_Oberpfalz,SU30,year,days_with_air_temperature_above_or_equal_threshold,days,7,2
09461_09471_Region_um_Bamberg,SU30,year,days_with_air_temperature_above_or_equal_threshold,days,7,2
09462_09472_Region_um_Bayreuth,SU30,year,days_with_air_temperature_above_or_equal_threshold,days,7,1
09463_09473_Region_um_Coburg,SU30,year,days_with_air_temperature_above_or_equal_threshold,days,7,2
09464_09475_Region_um_Hof,SU30,year,days_with_air_temperature_above_or_equal_threshold,days,7,2
09561_09571_Region_um_Ansbach,SU30,year,days_with_air_temperature_above_or_equal_threshold,days,7,2
09562_09572_09564_09563_Region_um_Erlangen,SU30,year,days_with_air_temperature_above_or_equal_threshold,days,7,2
09563_09573_09562_09564_Region_um_Fürth,SU30,year,days_with_air_temperature_above_or_equal_threshold,days,7,2
09564_09563_09574_09565_09573_09572_09576_09562_Region_um_Nürnberg,SU30,year,days_with_air_temperature_above_or_equal_threshold,days,7,2
09565_09576_09564_Region_um_Schwabach,SU30,year,days_with_air_temperature_above_or_equal_threshold,days,7,2
09573_09572_09562_09563_09574_09565_09576_09561_09571_09575_09564_Region_um_Fürth,SU30,year,days_with_air_temperature_above_or_equal_threshold,days,7,2
09661_09671_09676_Region_um_Aschaffenburg,SU30,year,days_with_air_temperature_above_or_equal_threshold,days,7,2
09662_09678_Region_um_Schweinfurt,SU30,year,days_with_air_temperature_above_or_equal_threshold,days,7,2
09663_09679_Region_um_Würzburg,SU30,year,days_with_air_temperature_above_or_equal_threshold,days,7,2
09761_09772_09771_Region_um_Augsburg,SU30,year,days_with_air_temperature_above_or_equal_threshold,days,7,2
09762_09777_Region_um_Kaufbeuren,SU30,year,days_with_air_temperature_above_or_equal_threshold,days,7,2
09763_09780_Region_um_Kempten_(Allgäu),SU30,year,days_with_air_temperature_above_or_equal_threshold,days,7,2
09764_09778_08436_Region_um_Memmingen,SU30,year,days_with_air_temperature_above_or_equal_threshold,days,7,2
09776_08435_08436_09780_09763_Region_um_Lindau_(Bodensee),SU30,year,days_with_air_temperature_above_or_equal_threshold,days,7,2
10043_10044_10045_10041_10046_07336_Region_um_Neunkirchen,SU30,year,days_with_air_temperature_above_or_equal_threshold,days,7,2
12051_12063_12069_Region_um_Brandenburg_an_der_Havel,SU30,year,days_with_air_temperature_above_or_equal_threshold,days,7,2
12052_12071_Region_um_Cottbus,SU30,year,days_with_air_temperature_above_or_equal_threshold,days,7,2
12053_12067_12064_Region_um_Frankfurt_(Oder),SU30,year,days_with_air_temperature_above_or_equal_threshold,days,7,1
12054_12063_12069_11000_12051_Region_um_Potsdam,SU30,year,days_with_air_temperature_above_or_equal_threshold,days,7,2
13003_13072_Region_um_Rostock,SU30,year,days_with_air_temperature_above_or_equal_threshold,days,7,2
13004_13076_13074_Region_um_Schwerin,SU30,year,days_with_air_temperature_above_or_equal_threshold,days,7,2
14511_14524_14521_14522_Region_um_Chemnitz,SU30,year,days_with_air_temperature_above_or_equal_threshold,days,7,2
14612_14627_14625_14628_Region_um_Dresden,SU30,year,days_with_air_temperature_above_or_equal_threshold,days,7,2
14713_14729_14730_Region_um_Leipzig,SU30,year,days_with_air_temperature_above_or_equal_threshold,days,7,2
15001_15091_15082_Region_um_Dessau-Rolau,SU30,year,days_with_air_temperature_above_or_equal_threshold,days,7,2
15002_15088_Region_um_Halle_(Saale),SU30,year,days_with_air_temperature_above_or_equal_threshold,days,7,2
15003_15083_15089_15086_Region_um_Magdeburg,SU30,year,days_with_air_temperature_above_or_equal_threshold,days,7,2
16051_16067_16068_16070_16071_16055_Region_um_Erfurt,SU30,year,days_with_air_temperature_above_or_equal_threshold,days,7,2
16052_16076_15084_16074_Region_um_Gera,SU30,year,days_with_air_temperature_above_or_equal_threshold,days,7,2
16053_16074_16071_16055_Region_um_Jena,SU30,year,days_with_air_temperature_above_or_equal_threshold,days,7,2
16054_16066_16069_16070_Region_um_Suhl,SU30,year,days_with_air_temperature_above_or_equal_threshold,days,7,2
16055_16071_Region_um_Weimar,SU30,year,days_with_air_temperature_above_or_equal_threshold,days,7,2
16056_16063_06636_Region_um_Eisenach,SU30,year,days_with_air_temperature_above_or_equal_threshold,days,7,2
