region,SU30_year_1.5C_rcp85_time-mean_ensemble-diff-mean,ci_name,ci_frequency,standard_name,units,mid_month
01001_Flensburg,0.885918,SU30,year,days_with_air_temperature_above_or_equal_threshold,days,7
01002_Kiel,1.296147,SU30,year,days_with_air_temperature_above_or_equal_threshold,days,7
01003_Lübeck,1.7669616,SU30,year,days_with_air_temperature_above_or_equal_threshold,days,7
01004_Neumünster,1.7465916,SU30,year,days_with_air_temperature_above_or_equal_threshold,days,7
01051_Dithmarschen,1.2695565,SU30,year,days_with_air_temperature_above_or_equal_threshold,days,7
01053_Herzogtum Lauenburg,2.2253578,SU30,year,days_with_air_temperature_above_or_equal_threshold,days,7
01054_Nordfriesland,0.8419953,SU30,year,days_with_air_temperature_above_or_equal_threshold,days,7
01055_Ostholstein,1.0116911,SU30,year,days_with_air_temperature_above_or_equal_threshold,days,7
01057_Plön,1.1939678,SU30,year,days_with_air_temperature_above_or_equal_threshold,days,7
01058_Rendsburg-Eckernförde,1.3713076,SU30,year,days_with_air_temperature_above_or_equal_threshold,days,7
01059_Schleswig-Flensburg,0.9749845,SU30,year,days_with_air_temperature_above_or_equal_threshold,days,7
01060_Segeberg,1.8136669,SU30,year,days_with_air_temperature_above_or_equal_threshold,days,7
01061_Steinburg,1.6912752,SU30,year,days_with_air_temperature_above_or_equal_threshold,days,7
01062_Stormarn,2.0623724,SU30,year,days_with_air_temperature_above_or_equal_threshold,days,7
02000_Hamburg,2.3622663,SU30,year,days_with_air_temperature_above_or_equal_threshold,days,7
03101_Braunschweig,3.191023,SU30,year,days_with_air_temperature_above_or_equal_threshold,days,7
03102_Salzgitter,2.9813006,SU30,year,days_with_air_temperature_above_or_equal_threshold,days,7
03103_Wolfsburg,3.0948527,SU30,year,days_with_air_temperature_above_or_equal_threshold,days,7
03151_Gifhorn,3.070023,SU30,year,days_with_air_temperature_above_or_equal_threshold,days,7
03159_Göttingen,2.4811735,SU30,year,days_with_air_temperature_above_or_equal_threshold,days,7
03153_Goslar,1.7847366,SU30,year,days_with_air_temperature_above_or_equal_threshold,days,7
03154_Helmstedt,3.0294,SU30,year,days_with_air_temperature_above_or_equal_threshold,days,7
03155_Northeim,2.6440794,SU30,year,days_with_air_temperature_above_or_equal_threshold,days,7
03157_Peine,3.1758306,SU30,year,days_with_air_temperature_above_or_equal_threshold,days,7
03158_Wolfenbüttel,2.9841964,SU30,year,days_with_air_temperature_above_or_equal_threshold,days,7
03241_Region Hannover,3.0598578,SU30,year,days_with_air_temperature_above_or_equal_threshold,days,7
03251_Diepholz,2.6566093,SU30,year,days_with_air_temperature_above_or_equal_threshold,days,7
03252_Hameln-Pyrmont,2.5542805,SU30,year,days_with_air_temperature_above_or_equal_threshold,days,7
03254_Hildesheim,2.7775142,SU30,year,days_with_air_temperature_above_or_equal_threshold,days,7
03255_Holzminden,2.4354553,SU30,year,days_with_air_temperature_above_or_equal_threshold,days,7
01056_Pinneberg,2.0375788,SU30,year,days_with_air_temperature_above_or_equal_threshold,days,7
03256_Nienburg (Weser),2.8987246,SU30,year,days_with_air_temperature_above_or_equal_threshold,days,7
03257_Schaumburg,2.6938565,SU30,year,days_with_air_temperature_above_or_equal_threshold,days,7
03351_Celle,2.93781,SU30,year,days_with_air_temperature_above_or_equal_threshold,days,7
03352_Cuxhaven,1.7253561,SU30,year,days_with_air_temperature_above_or_equal_threshold,days,7
03353_Harburg,2.3208294,SU30,year,days_with_air_temperature_above_or_equal_threshold,days,7
03354_Lüchow-Dannenberg,2.9583578,SU30,year,days_with_air_temperature_above_or_equal_threshold,days,7
03355_Lüneburg,2.595124,SU30,year,days_with_air_temperature_above_or_equal_threshold,days,7
03356_Osterholz,2.2936096,SU30,year,days_with_air_temperature_above_or_equal_threshold,days,7
03357_Rotenburg (Wümme),2.2860699,SU30,year,days_with_air_temperature_above_or_equal_threshold,days,7
03358_Heidekreis,2.6233218,SU30,year,days_with_air_temperature_above_or_equal_threshold,days,7
03359_Stade,1.9581928,SU30,year,days_with_air_temperature_above_or_equal_threshold,days,7
03360_Uelzen,2.6671243,SU30,year,days_with_air_temperature_above_or_equal_threshold,days,7
03361_Verden,2.5939357,SU30,year,days_with_air_temperature_above_or_equal_threshold,days,7
03401_Delmenhorst,2.3974535,SU30,year,days_with_air_temperature_above_or_equal_threshold,days,7
03402_Emden,1.2862839,SU30,year,days_with_air_temperature_above_or_equal_threshold,days,7
03403_Oldenburg (Oldb),2.1608777,SU30,year,days_with_air_temperature_above_or_equal_threshold,days,7
03404_Osnabrück,2.640343,SU30,year,days_with_air_temperature_above_or_equal_threshold,days,7
03405_Wilhelmshaven,0.92217547,SU30,year,days_with_air_temperature_above_or_equal_threshold,days,7
03451_Ammerland,2.0465004,SU30,year,days_with_air_temperature_above_or_equal_threshold,days,7
03452_Aurich,1.3574327,SU30,year,days_with_air_temperature_above_or_equal_threshold,days,7
03453_Cloppenburg,2.3035598,SU30,year,days_with_air_temperature_above_or_equal_threshold,days,7
03454_Emsland,2.4174447,SU30,year,days_with_air_temperature_above_or_equal_threshold,days,7
03455_Friesland,1.4695522,SU30,year,days_with_air_temperature_above_or_equal_threshold,days,7
03456_Grafschaft Bentheim,2.6043787,SU30,year,days_with_air_temperature_above_or_equal_threshold,days,7
03457_Leer,1.9025607,SU30,year,days_with_air_temperature_above_or_equal_threshold,days,7
03458_Oldenburg,2.3272126,SU30,year,days_with_air_temperature_above_or_equal_threshold,days,7
03459_Osnabrück,2.6702015,SU30,year,days_with_air_temperature_above_or_equal_threshold,days,7
03460_Vechta,2.5872383,SU30,year,days_with_air_temperature_above_or_equal_threshold,days,7
03461_Wesermarsch,1.8160686,SU30,year,days_with_air_temperature_above_or_equal_threshold,days,7
03462_Wittmund,1.3889235,SU30,year,days_with_air_temperature_above_or_equal_threshold,days,7
04011_Bremen,2.4706247,SU30,year,days_with_air_temperature_above_or_equal_threshold,days,7
04012_Bremerhaven,1.7361286,SU30,year,days_with_air_temperature_above_or_equal_threshold,days,7
05111_Düsseldorf,4.112752,SU30,year,days_with_air_temperature_above_or_equal_threshold,days,7
05112_Duisburg,4.0017557,SU30,year,days_with_air_temperature_above_or_equal_threshold,days,7
05113_Essen,3.5010254,SU30,year,days_with_air_temperature_above_or_equal_threshold,days,7
05114_Krefeld,3.929334,SU30,year,days_with_air_temperature_above_or_equal_threshold,days,7
05116_Mönchengladbach,3.613268,SU30,year,days_with_air_temperature_above_or_equal_threshold,days,7
05117_Mülheim an der Ruhr,3.7057445,SU30,year,days_with_air_temperature_above_or_equal_threshold,days,7
05119_Oberhausen,3.916747,SU30,year,days_with_air_temperature_above_or_equal_threshold,days,7
05120_Remscheid,2.3284273,SU30,year,days_with_air_temperature_above_or_equal_threshold,days,7
05122_Solingen,3.259361,SU30,year,days_with_air_temperature_above_or_equal_threshold,days,7
05124_Wuppertal,2.6442547,SU30,year,days_with_air_temperature_above_or_equal_threshold,days,7
05154_Kleve,3.3295035,SU30,year,days_with_air_temperature_above_or_equal_threshold,days,7
05158_Mettmann,3.611639,SU30,year,days_with_air_temperature_above_or_equal_threshold,days,7
05162_Rhein-Kreis Neuss,4.032929,SU30,year,days_with_air_temperature_above_or_equal_threshold,days,7
05166_Viersen,3.6825135,SU30,year,days_with_air_temperature_above_or_equal_threshold,days,7
05170_Wesel,3.501781,SU30,year,days_with_air_temperature_above_or_equal_threshold,days,7
05314_Bonn,3.8077466,SU30,year,days_with_air_temperature_above_or_equal_threshold,days,7
05315_Köln,4.494347,SU30,year,days_with_air_temperature_above_or_equal_threshold,days,7
05316_Leverkusen,4.0843606,SU30,year,days_with_air_temperature_above_or_equal_threshold,days,7
05334_Städteregion Aachen,2.1162546,SU30,year,days_with_air_temperature_above_or_equal_threshold,days,7
05358_Düren,2.9677715,SU30,year,days_with_air_temperature_above_or_equal_threshold,days,7
05362_Rhein-Erft-Kreis,3.9770517,SU30,year,days_with_air_temperature_above_or_equal_threshold,days,7
05366_Euskirchen,1.9153758,SU30,year,days_with_air_temperature_above_or_equal_threshold,days,7
05370_Heinsberg,3.5326543,SU30,year,days_with_air_temperature_above_or_equal_threshold,days,7
05374_Oberbergischer Kreis,2.3463333,SU30,year,days_with_air_temperature_above_or_equal_threshold,days,7
05378_Rheinisch-Bergischer Kreis,3.3181405,SU30,year,days_with_air_temperature_above_or_equal_threshold,days,7
05382_Rhein-Sieg-Kreis,3.4240859,SU30,year,days_with_air_temperature_above_or_equal_threshold,days,7
05512_Bottrop,3.8104527,SU30,year,days_with_air_temperature_above_or_equal_threshold,days,7
05513_Gelsenkirchen,3.8457012,SU30,year,days_with_air_temperature_above_or_equal_threshold,days,7
05515_Münster,3.2216258,SU30,year,days_with_air_temperature_above_or_equal_threshold,days,7
05554_Borken,2.9741013,SU30,year,days_with_air_temperature_above_or_equal_threshold,days,7
05558_Coesfeld,3.1584291,SU30,year,days_with_air_temperature_above_or_equal_threshold,days,7
05562_Recklinghausen,3.5858746,SU30,year,days_with_air_temperature_above_or_equal_threshold,days,7
05566_Steinfurt,2.8482137,SU30,year,days_with_air_temperature_above_or_equal_threshold,days,7
05570_Warendorf,3.210364,SU30,year,days_with_air_temperature_above_or_equal_threshold,days,7
05711_Bielefeld,2.9214168,SU30,year,days_with_air_temperature_above_or_equal_threshold,days,7
05754_Gütersloh,3.1002612,SU30,year,days_with_air_temperature_above_or_equal_threshold,days,7
05758_Herford,2.7626822,SU30,year,days_with_air_temperature_above_or_equal_threshold,days,7
05762_Höxter,2.4660084,SU30,year,days_with_air_temperature_above_or_equal_threshold,days,7
05766_Lippe,2.4644663,SU30,year,days_with_air_temperature_above_or_equal_threshold,days,7
05770_Minden-Lübbecke,2.8483117,SU30,year,days_with_air_temperature_above_or_equal_threshold,days,7
05774_Paderborn,2.3990057,SU30,year,days_with_air_temperature_above_or_equal_threshold,days,7
05911_Bochum,3.3540812,SU30,year,days_with_air_temperature_above_or_equal_threshold,days,7
05913_Dortmund,3.35084,SU30,year,days_with_air_temperature_above_or_equal_threshold,days,7
05914_Hagen,2.3012955,SU30,year,days_with_air_temperature_above_or_equal_threshold,days,7
05915_Hamm,3.3206954,SU30,year,days_with_air_temperature_above_or_equal_threshold,days,7
05916_Herne,3.7669168,SU30,year,days_with_air_temperature_above_or_equal_threshold,days,7
05954_Ennepe-Ruhr-Kreis,2.4992092,SU30,year,days_with_air_temperature_above_or_equal_threshold,days,7
05958_Hochsauerlandkreis,1.5280082,SU30,year,days_with_air_temperature_above_or_equal_threshold,days,7
05962_Märkischer Kreis,1.9365426,SU30,year,days_with_air_temperature_above_or_equal_threshold,days,7
05966_Olpe,1.792369,SU30,year,days_with_air_temperature_above_or_equal_threshold,days,7
05970_Siegen-Wittgenstein,1.78186,SU30,year,days_with_air_temperature_above_or_equal_threshold,days,7
05974_Soest,2.5555532,SU30,year,days_with_air_temperature_above_or_equal_threshold,days,7
05978_Unna,3.2735732,SU30,year,days_with_air_temperature_above_or_equal_threshold,days,7
06411_Darmstadt,5.533357,SU30,year,days_with_air_temperature_above_or_equal_threshold,days,7
06412_Frankfurt am Main,5.6539865,SU30,year,days_with_air_temperature_above_or_equal_threshold,days,7
06413_Offenbach am Main,5.839483,SU30,year,days_with_air_temperature_above_or_equal_threshold,days,7
06414_Wiesbaden,4.7926426,SU30,year,days_with_air_temperature_above_or_equal_threshold,days,7
06431_Bergstraße,5.0956798,SU30,year,days_with_air_temperature_above_or_equal_threshold,days,7
06432_Darmstadt-Dieburg,5.0400906,SU30,year,days_with_air_temperature_above_or_equal_threshold,days,7
06433_Groß-Gerau,5.943649,SU30,year,days_with_air_temperature_above_or_equal_threshold,days,7
06434_Hochtaunuskreis,3.7259922,SU30,year,days_with_air_temperature_above_or_equal_threshold,days,7
06435_Main-Kinzig-Kreis,3.8457637,SU30,year,days_with_air_temperature_above_or_equal_threshold,days,7
06436_Main-Taunus-Kreis,4.9383383,SU30,year,days_with_air_temperature_above_or_equal_threshold,days,7
06437_Odenwaldkreis,3.715529,SU30,year,days_with_air_temperature_above_or_equal_threshold,days,7
06438_Offenbach,5.7349977,SU30,year,days_with_air_temperature_above_or_equal_threshold,days,7
06439_Rheingau-Taunus-Kreis,3.5231745,SU30,year,days_with_air_temperature_above_or_equal_threshold,days,7
06440_Wetteraukreis,4.2441673,SU30,year,days_with_air_temperature_above_or_equal_threshold,days,7
06531_Gießen,3.7503858,SU30,year,days_with_air_temperature_above_or_equal_threshold,days,7
06532_Lahn-Dill-Kreis,2.9215345,SU30,year,days_with_air_temperature_above_or_equal_threshold,days,7
06533_Limburg-Weilburg,3.4020765,SU30,year,days_with_air_temperature_above_or_equal_threshold,days,7
06534_Marburg-Biedenkopf,3.0363746,SU30,year,days_with_air_temperature_above_or_equal_threshold,days,7
06535_Vogelsbergkreis,2.676385,SU30,year,days_with_air_temperature_above_or_equal_threshold,days,7
06611_Kassel,2.6949878,SU30,year,days_with_air_temperature_above_or_equal_threshold,days,7
06631_Fulda,2.4152632,SU30,year,days_with_air_temperature_above_or_equal_threshold,days,7
06632_Hersfeld-Rotenburg,2.833771,SU30,year,days_with_air_temperature_above_or_equal_threshold,days,7
06633_Kassel,2.6181316,SU30,year,days_with_air_temperature_above_or_equal_threshold,days,7
06634_Schwalm-Eder-Kreis,2.826773,SU30,year,days_with_air_temperature_above_or_equal_threshold,days,7
06635_Waldeck-Frankenberg,2.2222779,SU30,year,days_with_air_temperature_above_or_equal_threshold,days,7
06636_Werra-Meißner-Kreis,2.639886,SU30,year,days_with_air_temperature_above_or_equal_threshold,days,7
07111_Koblenz,3.8148942,SU30,year,days_with_air_temperature_above_or_equal_threshold,days,7
07131_Ahrweiler,2.3425367,SU30,year,days_with_air_temperature_above_or_equal_threshold,days,7
07132_Altenkirchen (Westerwald),2.4624567,SU30,year,days_with_air_temperature_above_or_equal_threshold,days,7
07133_Bad Kreuznach,3.846034,SU30,year,days_with_air_temperature_above_or_equal_threshold,days,7
07134_Birkenfeld,2.5722773,SU30,year,days_with_air_temperature_above_or_equal_threshold,days,7
07135_Cochem-Zell,2.885032,SU30,year,days_with_air_temperature_above_or_equal_threshold,days,7
07137_Mayen-Koblenz,3.1872811,SU30,year,days_with_air_temperature_above_or_equal_threshold,days,7
07138_Neuwied,3.3103151,SU30,year,days_with_air_temperature_above_or_equal_threshold,days,7
07140_Rhein-Hunsrück-Kreis,2.7337532,SU30,year,days_with_air_temperature_above_or_equal_threshold,days,7
07141_Rhein-Lahn-Kreis,3.3124208,SU30,year,days_with_air_temperature_above_or_equal_threshold,days,7
07143_Westerwaldkreis,2.6679277,SU30,year,days_with_air_temperature_above_or_equal_threshold,days,7
07211_Trier,3.3026607,SU30,year,days_with_air_temperature_above_or_equal_threshold,days,7
07231_Bernkastel-Wittlich,2.8363903,SU30,year,days_with_air_temperature_above_or_equal_threshold,days,7
07232_Eifelkreis Bitburg-Prüm,2.2641735,SU30,year,days_with_air_temperature_above_or_equal_threshold,days,7
07233_Vulkaneifel,1.7797523,SU30,year,days_with_air_temperature_above_or_equal_threshold,days,7
07235_Trier-Saarburg,3.0147696,SU30,year,days_with_air_temperature_above_or_equal_threshold,days,7
07311_Frankenthal (Pfalz),6.467805,SU30,year,days_with_air_temperature_above_or_equal_threshold,days,7
07312_Kaiserslautern,3.8063166,SU30,year,days_with_air_temperature_above_or_equal_threshold,days,7
07313_Landau in der Pfalz,5.014246,SU30,year,days_with_air_temperature_above_or_equal_threshold,days,7
07314_Ludwigshafen am Rhein,6.494981,SU30,year,days_with_air_temperature_above_or_equal_threshold,days,7
07315_Mainz,5.380789,SU30,year,days_with_air_temperature_above_or_equal_threshold,days,7
07316_Neustadt an der Weinstraße,5.1297975,SU30,year,days_with_air_temperature_above_or_equal_threshold,days,7
07317_Pirmasens,3.9261065,SU30,year,days_with_air_temperature_above_or_equal_threshold,days,7
07318_Speyer,6.551512,SU30,year,days_with_air_temperature_above_or_equal_threshold,days,7
07319_Worms,6.0703874,SU30,year,days_with_air_temperature_above_or_equal_threshold,days,7
07320_Zweibrücken,4.045874,SU30,year,days_with_air_temperature_above_or_equal_threshold,days,7
07331_Alzey-Worms,5.196631,SU30,year,days_with_air_temperature_above_or_equal_threshold,days,7
07332_Bad Dürkheim,4.791142,SU30,year,days_with_air_temperature_above_or_equal_threshold,days,7
07333_Donnersbergkreis,4.151058,SU30,year,days_with_air_temperature_above_or_equal_threshold,days,7
07334_Germersheim,6.2604146,SU30,year,days_with_air_temperature_above_or_equal_threshold,days,7
07335_Kaiserslautern,3.8316236,SU30,year,days_with_air_temperature_above_or_equal_threshold,days,7
07336_Kusel,3.7666852,SU30,year,days_with_air_temperature_above_or_equal_threshold,days,7
07337_Südliche Weinstraße,5.154906,SU30,year,days_with_air_temperature_above_or_equal_threshold,days,7
07338_Rhein-Pfalz-Kreis,6.4641976,SU30,year,days_with_air_temperature_above_or_equal_threshold,days,7
07339_Mainz-Bingen,4.9153585,SU30,year,days_with_air_temperature_above_or_equal_threshold,days,7
07340_Südwestpfalz,4.0490704,SU30,year,days_with_air_temperature_above_or_equal_threshold,days,7
08111_Stuttgart,5.12113,SU30,year,days_with_air_temperature_above_or_equal_threshold,days,7
08115_Böblingen,4.0812993,SU30,year,days_with_air_temperature_above_or_equal_threshold,days,7
08116_Esslingen,4.2627563,SU30,year,days_with_air_temperature_above_or_equal_threshold,days,7
08117_Göppingen,3.167977,SU30,year,days_with_air_temperature_above_or_equal_threshold,days,7
08118_Ludwigsburg,5.2622786,SU30,year,days_with_air_temperature_above_or_equal_threshold,days,7
08119_Rems-Murr-Kreis,4.548914,SU30,year,days_with_air_temperature_above_or_equal_threshold,days,7
08121_Heilbronn,5.6455,SU30,year,days_with_air_temperature_above_or_equal_threshold,days,7
08125_Heilbronn,5.2929134,SU30,year,days_with_air_temperature_above_or_equal_threshold,days,7
08126_Hohenlohekreis,4.4379244,SU30,year,days_with_air_temperature_above_or_equal_threshold,days,7
08127_Schwäbisch Hall,3.862692,SU30,year,days_with_air_temperature_above_or_equal_threshold,days,7
08128_Main-Tauber-Kreis,4.2624583,SU30,year,days_with_air_temperature_above_or_equal_threshold,days,7
08135_Heidenheim,3.210234,SU30,year,days_with_air_temperature_above_or_equal_threshold,days,7
08136_Ostalbkreis,3.4123247,SU30,year,days_with_air_temperature_above_or_equal_threshold,days,7
08211_Baden-Baden,3.9063635,SU30,year,days_with_air_temperature_above_or_equal_threshold,days,7
08212_Karlsruhe,6.094355,SU30,year,days_with_air_temperature_above_or_equal_threshold,days,7
08215_Karlsruhe,5.693853,SU30,year,days_with_air_temperature_above_or_equal_threshold,days,7
08216_Rastatt,4.1632338,SU30,year,days_with_air_temperature_above_or_equal_threshold,days,7
08221_Heidelberg,5.6125546,SU30,year,days_with_air_temperature_above_or_equal_threshold,days,7
08222_Mannheim,6.4946375,SU30,year,days_with_air_temperature_above_or_equal_threshold,days,7
08225_Neckar-Odenwald-Kreis,4.290156,SU30,year,days_with_air_temperature_above_or_equal_threshold,days,7
08226_Rhein-Neckar-Kreis,5.4602346,SU30,year,days_with_air_temperature_above_or_equal_threshold,days,7
08231_Pforzheim,3.9670637,SU30,year,days_with_air_temperature_above_or_equal_threshold,days,7
08235_Calw,2.7031357,SU30,year,days_with_air_temperature_above_or_equal_threshold,days,7
08236_Enzkreis,4.334237,SU30,year,days_with_air_temperature_above_or_equal_threshold,days,7
08237_Freudenstadt,2.3989503,SU30,year,days_with_air_temperature_above_or_equal_threshold,days,7
08311_Freiburg im Breisgau,4.299656,SU30,year,days_with_air_temperature_above_or_equal_threshold,days,7
08315_Breisgau-Hochschwarzwald,2.868672,SU30,year,days_with_air_temperature_above_or_equal_threshold,days,7
08316_Emmendingen,4.2406125,SU30,year,days_with_air_temperature_above_or_equal_threshold,days,7
08317_Ortenaukreis,4.4093814,SU30,year,days_with_air_temperature_above_or_equal_threshold,days,7
08325_Rottweil,2.564231,SU30,year,days_with_air_temperature_above_or_equal_threshold,days,7
08326_Schwarzwald-Baar-Kreis,1.8137449,SU30,year,days_with_air_temperature_above_or_equal_threshold,days,7
08327_Tuttlingen,2.1950502,SU30,year,days_with_air_temperature_above_or_equal_threshold,days,7
08335_Konstanz,3.7692466,SU30,year,days_with_air_temperature_above_or_equal_threshold,days,7
08336_Lörrach,3.6920545,SU30,year,days_with_air_temperature_above_or_equal_threshold,days,7
08337_Waldshut,3.0725117,SU30,year,days_with_air_temperature_above_or_equal_threshold,days,7
08415_Reutlingen,2.3128812,SU30,year,days_with_air_temperature_above_or_equal_threshold,days,7
08416_Tübingen,3.939477,SU30,year,days_with_air_temperature_above_or_equal_threshold,days,7
08417_Zollernalbkreis,2.2067344,SU30,year,days_with_air_temperature_above_or_equal_threshold,days,7
08421_Ulm,3.4817162,SU30,year,days_with_air_temperature_above_or_equal_threshold,days,7
08425_Alb-Donau-Kreis,2.9050243,SU30,year,days_with_air_temperature_above_or_equal_threshold,days,7
08426_Biberach,3.0458453,SU30,year,days_with_air_temperature_above_or_equal_threshold,days,7
08435_Bodenseekreis,3.183255,SU30,year,days_with_air_temperature_above_or_equal_threshold,days,7
08436_Ravensburg,2.7258172,SU30,year,days_with_air_temperature_above_or_equal_threshold,days,7
08437_Sigmaringen,2.5301747,SU30,year,days_with_air_temperature_above_or_equal_threshold,days,7
09161_Ingolstadt,5.090596,SU30,year,days_with_air_temperature_above_or_equal_threshold,days,7
09162_München,4.3869624,SU30,year,days_with_air_temperature_above_or_equal_threshold,days,7
09163_Rosenheim,3.7701283,SU30,year,days_with_air_temperature_above_or_equal_threshold,days,7
09171_Altötting,4.842966,SU30,year,days_with_air_temperature_above_or_equal_threshold,days,7
09172_Berchtesgadener Land,1.5070343,SU30,year,days_with_air_temperature_above_or_equal_threshold,days,7
09173_Bad Tölz-Wolfratshausen,1.5321729,SU30,year,days_with_air_temperature_above_or_equal_threshold,days,7
09174_Dachau,4.1923385,SU30,year,days_with_air_temperature_above_or_equal_threshold,days,7
09175_Ebersberg,3.8144546,SU30,year,days_with_air_temperature_above_or_equal_threshold,days,7
09176_Eichstätt,4.295499,SU30,year,days_with_air_temperature_above_or_equal_threshold,days,7
09177_Erding,4.2562222,SU30,year,days_with_air_temperature_above_or_equal_threshold,days,7
09178_Freising,4.4788666,SU30,year,days_with_air_temperature_above_or_equal_threshold,days,7
09179_Fürstenfeldbruck,3.5712588,SU30,year,days_with_air_temperature_above_or_equal_threshold,days,7
09180_Garmisch-Partenkirchen,0.6548649,SU30,year,days_with_air_temperature_above_or_equal_threshold,days,7
09181_Landsberg am Lech,2.74394,SU30,year,days_with_air_temperature_above_or_equal_threshold,days,7
09182_Miesbach,1.2340807,SU30,year,days_with_air_temperature_above_or_equal_threshold,days,7
09183_Mühldorf a. Inn,4.4854097,SU30,year,days_with_air_temperature_above_or_equal_threshold,days,7
09184_München,3.5870583,SU30,year,days_with_air_temperature_above_or_equal_threshold,days,7
09185_Neuburg-Schrobenhausen,4.666222,SU30,year,days_with_air_temperature_above_or_equal_threshold,days,7
09186_Pfaffenhofen a.d. Ilm,4.570456,SU30,year,days_with_air_temperature_above_or_equal_threshold,days,7
09187_Rosenheim,3.0906756,SU30,year,days_with_air_temperature_above_or_equal_threshold,days,7
09188_Starnberg,2.8164225,SU30,year,days_with_air_temperature_above_or_equal_threshold,days,7
09189_Traunstein,2.7601583,SU30,year,days_with_air_temperature_above_or_equal_threshold,days,7
09190_Weilheim-Schongau,2.1249912,SU30,year,days_with_air_temperature_above_or_equal_threshold,days,7
09261_Landshut,4.6257358,SU30,year,days_with_air_temperature_above_or_equal_threshold,days,7
09262_Passau,5.393981,SU30,year,days_with_air_temperature_above_or_equal_threshold,days,7
09263_Straubing,5.4660134,SU30,year,days_with_air_temperature_above_or_equal_threshold,days,7
09271_Deggendorf,5.0935445,SU30,year,days_with_air_temperature_above_or_equal_threshold,days,7
09272_Freyung-Grafenau,2.407155,SU30,year,days_with_air_temperature_above_or_equal_threshold,days,7
09273_Kelheim,4.650325,SU30,year,days_with_air_temperature_above_or_equal_threshold,days,7
09274_Landshut,4.582211,SU30,year,days_with_air_temperature_above_or_equal_threshold,days,7
09275_Passau,4.955878,SU30,year,days_with_air_temperature_above_or_equal_threshold,days,7
09276_Regen,2.3364446,SU30,year,days_with_air_temperature_above_or_equal_threshold,days,7
09277_Rottal-Inn,4.881395,SU30,year,days_with_air_temperature_above_or_equal_threshold,days,7
09278_Straubing-Bogen,4.8479476,SU30,year,days_with_air_temperature_above_or_equal_threshold,days,7
09279_Dingolfing-Landau,5.0560884,SU30,year,days_with_air_temperature_above_or_equal_threshold,days,7
09361_Amberg,3.9815915,SU30,year,days_with_air_temperature_above_or_equal_threshold,days,7
09362_Regensburg,5.2952867,SU30,year,days_with_air_temperature_above_or_equal_threshold,days,7
09363_Weiden i.d. OPf.,3.5607948,SU30,year,days_with_air_temperature_above_or_equal_threshold,days,7
09371_Amberg-Sulzbach,3.7703028,SU30,year,days_with_air_temperature_above_or_equal_threshold,days,7
09372_Cham,3.491323,SU30,year,days_with_air_temperature_above_or_equal_threshold,days,7
09373_Neumarkt i.d. OPf.,3.7435222,SU30,year,days_with_air_temperature_above_or_equal_threshold,days,7
09374_Neustadt a.d. Waldnaab,3.2782238,SU30,year,days_with_air_temperature_above_or_equal_threshold,days,7
09375_Regensburg,4.7666564,SU30,year,days_with_air_temperature_above_or_equal_threshold,days,7
09376_Schwandorf,4.0435586,SU30,year,days_with_air_temperature_above_or_equal_threshold,days,7
09377_Tirschenreuth,2.5776172,SU30,year,days_with_air_temperature_above_or_equal_threshold,days,7
09461_Bamberg,4.4246736,SU30,year,days_with_air_temperature_above_or_equal_threshold,days,7
09462_Bayreuth,3.2386417,SU30,year,days_with_air_temperature_above_or_equal_threshold,days,7
09463_Coburg,3.865142,SU30,year,days_with_air_temperature_above_or_equal_threshold,days,7
09464_Hof,2.1118476,SU30,year,days_with_air_temperature_above_or_equal_threshold,days,7
09471_Bamberg,4.0876193,SU30,year,days_with_air_temperature_above_or_equal_threshold,days,7
09472_Bayreuth,3.0135078,SU30,year,days_with_air_temperature_above_or_equal_threshold,days,7
09473_Coburg,3.6603694,SU30,year,days_with_air_temperature_above_or_equal_threshold,days,7
09474_Forchheim,3.9258668,SU30,year,days_with_air_temperature_above_or_equal_threshold,days,7
09475_Hof,1.992966,SU30,year,days_with_air_temperature_above_or_equal_threshold,days,7
09476_Kronach,2.5584512,SU30,year,days_with_air_temperature_above_or_equal_threshold,days,7
09477_Kulmbach,3.042229,SU30,year,days_with_air_temperature_above_or_equal_threshold,days,7
09478_Lichtenfels,3.6985292,SU30,year,days_with_air_temperature_above_or_equal_threshold,days,7
09479_Wunsiedel i. Fichtelgebirge,2.1477225,SU30,year,days_with_air_temperature_above_or_equal_threshold,days,7
09561_Ansbach,3.8564017,SU30,year,days_with_air_temperature_above_or_equal_threshold,days,7
09562_Erlangen,4.973717,SU30,year,days_with_air_temperature_above_or_equal_threshold,days,7
09563_Fürth,4.994528,SU30,year,days_with_air_temperature_above_or_equal_threshold,days,7
09564_Nürnberg,5.133196,SU30,year,days_with_air_temperature_above_or_equal_threshold,days,7
09565_Schwabach,4.8256626,SU30,year,days_with_air_temperature_above_or_equal_threshold,days,7
09571_Ansbach,3.8536575,SU30,year,days_with_air_temperature_above_or_equal_threshold,days,7
09572_Erlangen-Höchstadt,4.735824,SU30,year,days_with_air_temperature_above_or_equal_threshold,days,7
09573_Fürth,4.4956436,SU30,year,days_with_air_temperature_above_or_equal_threshold,days,7
09574_Nürnberger Land,3.8870199,SU30,year,days_with_air_temperature_above_or_equal_threshold,days,7
09575_Neustadt a.d. Aisch-Bad Windsheim,4.276494,SU30,year,days_with_air_temperature_above_or_equal_threshold,days,7
09576_Roth,4.2047873,SU30,year,days_with_air_temperature_above_or_equal_threshold,days,7
09577_Weißenburg-Gunzenhausen,3.7802434,SU30,year,days_with_air_temperature_above_or_equal_threshold,days,7
09661_Aschaffenburg,4.7358847,SU30,year,days_with_air_temperature_above_or_equal_threshold,days,7
09662_Schweinfurt,4.428542,SU30,year,days_with_air_temperature_above_or_equal_threshold,days,7
09663_Würzburg,4.7052803,SU30,year,days_with_air_temperature_above_or_equal_threshold,days,7
09671_Aschaffenburg,4.104789,SU30,year,days_with_air_temperature_above_or_equal_threshold,days,7
09672_Bad Kissingen,3.4956963,SU30,year,days_with_air_temperature_above_or_equal_threshold,days,7
09673_Rhön-Grabfeld,3.1781356,SU30,year,days_with_air_temperature_above_or_equal_threshold,days,7
09674_Haßberge,4.1493363,SU30,year,days_with_air_temperature_above_or_equal_threshold,days,7
09675_Kitzingen,4.6418533,SU30,year,days_with_air_temperature_above_or_equal_threshold,days,7
09676_Miltenberg,3.9546075,SU30,year,days_with_air_temperature_above_or_equal_threshold,days,7
09677_Main-Spessart,4.0142326,SU30,year,days_with_air_temperature_above_or_equal_threshold,days,7
09678_Schweinfurt,4.432791,SU30,year,days_with_air_temperature_above_or_equal_threshold,days,7
09679_Würzburg,4.5677476,SU30,year,days_with_air_temperature_above_or_equal_threshold,days,7
09761_Augsburg,4.112289,SU30,year,days_with_air_temperature_above_or_equal_threshold,days,7
09762_Kaufbeuren,1.9550886,SU30,year,days_with_air_temperature_above_or_equal_threshold,days,7
09763_Kempten (Allgäu),1.5328392,SU30,year,days_with_air_temperature_above_or_equal_threshold,days,7
09764_Memmingen,2.482257,SU30,year,days_with_air_temperature_above_or_equal_threshold,days,7
09771_Aichach-Friedberg,4.110005,SU30,year,days_with_air_temperature_above_or_equal_threshold,days,7
09772_Augsburg,3.8169084,SU30,year,days_with_air_temperature_above_or_equal_threshold,days,7
09773_Dillingen a.d. Donau,4.1363297,SU30,year,days_with_air_temperature_above_or_equal_threshold,days,7
09774_Günzburg,3.739277,SU30,year,days_with_air_temperature_above_or_equal_threshold,days,7
09775_Neu-Ulm,3.631151,SU30,year,days_with_air_temperature_above_or_equal_threshold,days,7
09776_Lindau (Bodensee),2.3780177,SU30,year,days_with_air_temperature_above_or_equal_threshold,days,7
09777_Ostallgäu,1.3592448,SU30,year,days_with_air_temperature_above_or_equal_threshold,days,7
09778_Unterallgäu,2.5622082,SU30,year,days_with_air_temperature_above_or_equal_threshold,days,7
09779_Donau-Ries,4.062789,SU30,year,days_with_air_temperature_above_or_equal_threshold,days,7
09780_Oberallgäu,0.71471006,SU30,year,days_with_air_temperature_above_or_equal_threshold,days,7
10041_Regionalverband Saarbrücken,4.283691,SU30,year,days_with_air_temperature_above_or_equal_threshold,days,7
10042_Merzig-Wadern,3.431065,SU30,year,days_with_air_temperature_above_or_equal_threshold,days,7
10043_Neunkirchen,3.9475503,SU30,year,days_with_air_temperature_above_or_equal_threshold,days,7
10044_Saarlouis,4.162873,SU30,year,days_with_air_temperature_above_or_equal_threshold,days,7
10045_Saarpfalz-Kreis,4.056941,SU30,year,days_with_air_temperature_above_or_equal_threshold,days,7
10046_St. Wendel,3.0876656,SU30,year,days_with_air_temperature_above_or_equal_threshold,days,7
11000_Berlin,4.177638,SU30,year,days_with_air_temperature_above_or_equal_threshold,days,7
12051_Brandenburg an der Havel,3.8084695,SU30,year,days_with_air_temperature_above_or_equal_threshold,days,7
12052_Cottbus,4.5040197,SU30,year,days_with_air_temperature_above_or_equal_threshold,days,7
12053_Frankfurt (Oder),4.0783725,SU30,year,days_with_air_temperature_above_or_equal_threshold,days,7
12054_Potsdam,3.753564,SU30,year,days_with_air_temperature_above_or_equal_threshold,days,7
12060_Barnim,3.3998597,SU30,year,days_with_air_temperature_above_or_equal_threshold,days,7
12061_Dahme-Spreewald,4.309426,SU30,year,days_with_air_temperature_above_or_equal_threshold,days,7
12062_Elbe-Elster,4.404531,SU30,year,days_with_air_temperature_above_or_equal_threshold,days,7
12063_Havelland,3.682006,SU30,year,days_with_air_temperature_above_or_equal_threshold,days,7
12064_Märkisch-Oderland,3.7490382,SU30,year,days_with_air_temperature_above_or_equal_threshold,days,7
12065_Oberhavel,3.3303041,SU30,year,days_with_air_temperature_above_or_equal_threshold,days,7
12066_Oberspreewald-Lausitz,4.3961043,SU30,year,days_with_air_temperature_above_or_equal_threshold,days,7
12067_Oder-Spree,4.063307,SU30,year,days_with_air_temperature_above_or_equal_threshold,days,7
12068_Ostprignitz-Ruppin,3.0885897,SU30,year,days_with_air_temperature_above_or_equal_threshold,days,7
12069_Potsdam-Mittelmark,3.7547674,SU30,year,days_with_air_temperature_above_or_equal_threshold,days,7
12070_Prignitz,2.897358,SU30,year,days_with_air_temperature_above_or_equal_threshold,days,7
12071_Spree-Neiße,4.4416475,SU30,year,days_with_air_temperature_above_or_equal_threshold,days,7
12072_Teltow-Fläming,4.0558596,SU30,year,days_with_air_temperature_above_or_equal_threshold,days,7
12073_Uckermark,2.8896863,SU30,year,days_with_air_temperature_above_or_equal_threshold,days,7
13003_Rostock,1.5802954,SU30,year,days_with_air_temperature_above_or_equal_threshold,days,7
13004_Schwerin,2.163343,SU30,year,days_with_air_temperature_above_or_equal_threshold,days,7
13072_Rostock,1.9160105,SU30,year,days_with_air_temperature_above_or_equal_threshold,days,7
13076_Ludwigslust-Parchim,2.4518213,SU30,year,days_with_air_temperature_above_or_equal_threshold,days,7
13071_Mecklenburgische Seenplatte,2.249159,SU30,year,days_with_air_temperature_above_or_equal_threshold,days,7
13073_Vorpommern-Rügen,1.2842171,SU30,year,days_with_air_temperature_above_or_equal_threshold,days,7
13074_Nordwestmecklenburg,1.78126,SU30,year,days_with_air_temperature_above_or_equal_threshold,days,7
13075_Vorpommern-Greifswald,2.0418158,SU30,year,days_with_air_temperature_above_or_equal_threshold,days,7
14511_Chemnitz,2.8747535,SU30,year,days_with_air_temperature_above_or_equal_threshold,days,7
14522_Mittelsachsen,2.947532,SU30,year,days_with_air_temperature_above_or_equal_threshold,days,7
14523_Vogtlandkreis,2.1763935,SU30,year,days_with_air_temperature_above_or_equal_threshold,days,7
14521_Erzgebirgskreis,1.6197026,SU30,year,days_with_air_temperature_above_or_equal_threshold,days,7
14524_Zwickau,3.0395956,SU30,year,days_with_air_temperature_above_or_equal_threshold,days,7
14612_Dresden,4.242275,SU30,year,days_with_air_temperature_above_or_equal_threshold,days,7
14626_Görlitz,3.8879051,SU30,year,days_with_air_temperature_above_or_equal_threshold,days,7
14625_Bautzen,3.9228463,SU30,year,days_with_air_temperature_above_or_equal_threshold,days,7
14627_Meißen,4.2753205,SU30,year,days_with_air_temperature_above_or_equal_threshold,days,7
14628_Sächsische Schweiz-Osterzgebirge,2.9307468,SU30,year,days_with_air_temperature_above_or_equal_threshold,days,7
14713_Leipzig,4.5225115,SU30,year,days_with_air_temperature_above_or_equal_threshold,days,7
14729_Leipzig,4.14801,SU30,year,days_with_air_temperature_above_or_equal_threshold,days,7
14730_Nordsachsen,4.294308,SU30,year,days_with_air_temperature_above_or_equal_threshold,days,7
15001_Dessau-Roßlau,4.143334,SU30,year,days_with_air_temperature_above_or_equal_threshold,days,7
15082_Anhalt-Bitterfeld,4.150412,SU30,year,days_with_air_temperature_above_or_equal_threshold,days,7
15091_Wittenberg,4.1208177,SU30,year,days_with_air_temperature_above_or_equal_threshold,days,7
15002_Halle (Saale),4.4885154,SU30,year,days_with_air_temperature_above_or_equal_threshold,days,7
15084_Burgenlandkreis,3.9281127,SU30,year,days_with_air_temperature_above_or_equal_threshold,days,7
15088_Saalekreis,4.209201,SU30,year,days_with_air_temperature_above_or_equal_threshold,days,7
15087_Mansfeld-Südharz,3.1980693,SU30,year,days_with_air_temperature_above_or_equal_threshold,days,7
15003_Magdeburg,3.8708184,SU30,year,days_with_air_temperature_above_or_equal_threshold,days,7
15085_Harz,2.489651,SU30,year,days_with_air_temperature_above_or_equal_threshold,days,7
15086_Jerichower Land,3.795833,SU30,year,days_with_air_temperature_above_or_equal_threshold,days,7
15083_Börde,3.3965483,SU30,year,days_with_air_temperature_above_or_equal_threshold,days,7
15090_Stendal,3.4361444,SU30,year,days_with_air_temperature_above_or_equal_threshold,days,7
15089_Salzlandkreis,3.8782167,SU30,year,days_with_air_temperature_above_or_equal_threshold,days,7
15081_Altmarkkreis Salzwedel,3.1805968,SU30,year,days_with_air_temperature_above_or_equal_threshold,days,7
16051_Erfurt,3.5372753,SU30,year,days_with_air_temperature_above_or_equal_threshold,days,7
16052_Gera,3.5344608,SU30,year,days_with_air_temperature_above_or_equal_threshold,days,7
16053_Jena,3.4610443,SU30,year,days_with_air_temperature_above_or_equal_threshold,days,7
16054_Suhl,1.7823344,SU30,year,days_with_air_temperature_above_or_equal_threshold,days,7
16055_Weimar,3.2089062,SU30,year,days_with_air_temperature_above_or_equal_threshold,days,7
16056_Eisenach,2.8148997,SU30,year,days_with_air_temperature_above_or_equal_threshold,days,7
16061_Eichsfeld,2.3955576,SU30,year,days_with_air_temperature_above_or_equal_threshold,days,7
16062_Nordhausen,2.6233995,SU30,year,days_with_air_temperature_above_or_equal_threshold,days,7
16063_Wartburgkreis,2.6446486,SU30,year,days_with_air_temperature_above_or_equal_threshold,days,7
16064_Unstrut-Hainich-Kreis,3.0438828,SU30,year,days_with_air_temperature_above_or_equal_threshold,days,7
16065_Kyffhäuserkreis,3.4022236,SU30,year,days_with_air_temperature_above_or_equal_threshold,days,7
16066_Schmalkalden-Meiningen,2.4057946,SU30,year,days_with_air_temperature_above_or_equal_threshold,days,7
16067_Gotha,2.5923593,SU30,year,days_with_air_temperature_above_or_equal_threshold,days,7
16068_Sömmerda,3.8889306,SU30,year,days_with_air_temperature_above_or_equal_threshold,days,7
16069_Hildburghausen,2.8072374,SU30,year,days_with_air_temperature_above_or_equal_threshold,days,7
16070_Ilm-Kreis,2.159115,SU30,year,days_with_air_temperature_above_or_equal_threshold,days,7
16071_Weimarer Land,3.323528,SU30,year,days_with_air_temperature_above_or_equal_threshold,days,7
16072_Sonneberg,2.2385159,SU30,year,days_with_air_temperature_above_or_equal_threshold,days,7
16073_Saalfeld-Rudolstadt,2.426372,SU30,year,days_with_air_temperature_above_or_equal_threshold,days,7
16074_Saale-Holzland-Kreis,3.3589196,SU30,year,days_with_air_temperature_above_or_equal_threshold,days,7
16075_Saale-Orla-Kreis,2.375623,SU30,year,days_with_air_temperature_above_or_equal_threshold,days,7
16076_Greiz,3.059532,SU30,year,days_with_air_temperature_above_or_equal_threshold,days,7
16077_Altenburger Land,3.7975984,SU30,year,days_with_air_temperature_above_or_equal_threshold,days,7
01001_01059_Region_um_Flensburg,0.97270846,SU30,year,days_with_air_temperature_above_or_equal_threshold,days,7
01002_01057_01058_Region_um_Kiel,1.3117623,SU30,year,days_with_air_temperature_above_or_equal_threshold,days,7
01003_13074_01055_01053_01062_Region_um_Lübeck,1.7309556,SU30,year,days_with_air_temperature_above_or_equal_threshold,days,7
01004_01058_01060_01057_01002_Region_um_Neumünster,1.4590833,SU30,year,days_with_air_temperature_above_or_equal_threshold,days,7
03101_03157_03154_03151_03102_03158_03103_Region_um_Braunschweig,3.0639944,SU30,year,days_with_air_temperature_above_or_equal_threshold,days,7
03102_03254_03157_03158_03153_03101_Region_um_Salzgitter,2.656034,SU30,year,days_with_air_temperature_above_or_equal_threshold,days,7
03103_03154_03151_Region_um_Wolfsburg,3.0609794,SU30,year,days_with_air_temperature_above_or_equal_threshold,days,7
03401_03458_04011_03251_03461_Region_um_Delmenhorst,2.3940458,SU30,year,days_with_air_temperature_above_or_equal_threshold,days,7
03402_03452_03457_Region_um_Emden,1.5881758,SU30,year,days_with_air_temperature_above_or_equal_threshold,days,7
03403_03458_03451_03461_Region_um_Oldenburg_(Oldenburg),2.0884979,SU30,year,days_with_air_temperature_above_or_equal_threshold,days,7
03404_03459_05566_Region_um_Osnabrück,2.7486522,SU30,year,days_with_air_temperature_above_or_equal_threshold,days,7
03405_03455_Region_um_Wilhelmshaven,1.387567,SU30,year,days_with_air_temperature_above_or_equal_threshold,days,7
04011_03361_03251_03401_03461_03356_03352_04012_Region_um_Bremen,2.2075245,SU30,year,days_with_air_temperature_above_or_equal_threshold,days,7
04012_03352_03461_Region_um_Bremerhaven,1.7509696,SU30,year,days_with_air_temperature_above_or_equal_threshold,days,7
05111_05162_05158_05112_Region_um_Düsseldorf,3.9197447,SU30,year,days_with_air_temperature_above_or_equal_threshold,days,7
05112_05114_05119_05117_05170_05158_05111_Region_um_Duisburg,3.6847177,SU30,year,days_with_air_temperature_above_or_equal_threshold,days,7
05113_05119_05117_05513_05512_05158_05911_05954_05562_05513_05916_Region_um_Essen,3.4245548,SU30,year,days_with_air_temperature_above_or_equal_threshold,days,7
05114_05112_05162_05166_05170_Region_um_Krefeld,3.7298658,SU30,year,days_with_air_temperature_above_or_equal_threshold,days,7
05116_05370_05166_05162_Region_um_Mönchengladbach,3.7314918,SU30,year,days_with_air_temperature_above_or_equal_threshold,days,7
05117_05112_05158_05119_05113_Region_um_Mülheim_an_der_Ruhr,3.7101655,SU30,year,days_with_air_temperature_above_or_equal_threshold,days,7
05119_05170_05512_05113_05117_05112_Region_um_Oberhausen,3.6153443,SU30,year,days_with_air_temperature_above_or_equal_threshold,days,7
05120_05124_05122_05378_05374_Region_um_Remscheid,2.6792915,SU30,year,days_with_air_temperature_above_or_equal_threshold,days,7
05122_05158_05124_05378_05120_Region_um_Solingen,3.2574217,SU30,year,days_with_air_temperature_above_or_equal_threshold,days,7
05124_05122_05120_05158_05954_05374_Region_um_Wuppertal,2.6910598,SU30,year,days_with_air_temperature_above_or_equal_threshold,days,7
05314_05382_Region_um_Bonn,3.4668012,SU30,year,days_with_air_temperature_above_or_equal_threshold,days,7
05316_05315_05378_05158_Region_um_Leverkusen,3.8067803,SU30,year,days_with_air_temperature_above_or_equal_threshold,days,7
05512_05119_05513_05113_05170_05562_Region_um_Bottrop,3.5725374,SU30,year,days_with_air_temperature_above_or_equal_threshold,days,7
05513_05113_05916_05911_05562_05512_Region_um_Gelsenkirchen,3.59326,SU30,year,days_with_air_temperature_above_or_equal_threshold,days,7
05515_05566_05558_05570_Region_um_Münster,3.0550992,SU30,year,days_with_air_temperature_above_or_equal_threshold,days,7
05711_05754_05758_05766_Region_um_Bielefeld,2.7613764,SU30,year,days_with_air_temperature_above_or_equal_threshold,days,7
05911_05954_05913_05513_05113_05916_05562_Region_um_Bochum,3.321217,SU30,year,days_with_air_temperature_above_or_equal_threshold,days,7
05913_05914_05911_05916_05978_05954_05562_Region_um_Dortmund,3.1990318,SU30,year,days_with_air_temperature_above_or_equal_threshold,days,7
05914_05954_05913_05978_05962_Region_um_Hagen,2.5063012,SU30,year,days_with_air_temperature_above_or_equal_threshold,days,7
05915_05978_05974_05570_05558_Region_um_Hamm,3.018304,SU30,year,days_with_air_temperature_above_or_equal_threshold,days,7
05916_05513_05562_05911_Region_um_Herne,3.5903652,SU30,year,days_with_air_temperature_above_or_equal_threshold,days,7
06411_06432_06438_Region_um_Darmstadt,5.3050675,SU30,year,days_with_air_temperature_above_or_equal_threshold,days,7
06412_06413_06436_06434_06440_06435_06438_06433_Region_um_Frankfurt_am_Main,4.4887767,SU30,year,days_with_air_temperature_above_or_equal_threshold,days,7
06413_06438_06435_06412_Region_um_Offenbach_am_Main,4.431629,SU30,year,days_with_air_temperature_above_or_equal_threshold,days,7
06414_07315_07339_06439_06436_06433_Region_um_Wiesbaden,4.6432486,SU30,year,days_with_air_temperature_above_or_equal_threshold,days,7
06436_06412_06414_06433_06439_06434_Region_um_Main-Taunus-Kreis,4.4662757,SU30,year,days_with_air_temperature_above_or_equal_threshold,days,7
06438_06432_06411_06433_06413_06435_06412_09671_Region_um_Offenbach,4.683544,SU30,year,days_with_air_temperature_above_or_equal_threshold,days,7
06611_06633_03159_Region_um_Kassel,2.5442274,SU30,year,days_with_air_temperature_above_or_equal_threshold,days,7
07111_07137_07141_07143_Region_um_Koblenz,3.0588598,SU30,year,days_with_air_temperature_above_or_equal_threshold,days,7
07211_07235_Region_um_Trier,3.0439985,SU30,year,days_with_air_temperature_above_or_equal_threshold,days,7
07311_07318_07314_07338_08222_Region_um_Frankenthal_(Pfalz),6.4813676,SU30,year,days_with_air_temperature_above_or_equal_threshold,days,7
07312_07335_07332_Region_um_Kaiserslautern,4.2497506,SU30,year,days_with_air_temperature_above_or_equal_threshold,days,7
07313_07337_Region_um_Landau_in_der_Pfalz,5.137289,SU30,year,days_with_air_temperature_above_or_equal_threshold,days,7
07314_07311_07338_08222_Region_um_Ludwigshafen_am_Rhein,6.4765463,SU30,year,days_with_air_temperature_above_or_equal_threshold,days,7
07315_07339_06414_06433_Region_um_Mainz,5.2700458,SU30,year,days_with_air_temperature_above_or_equal_threshold,days,7
07316_07337_07332_07313_Region_um_Neustadt_an_der_Weinstraße,4.9906645,SU30,year,days_with_air_temperature_above_or_equal_threshold,days,7
07317_07340_Region_um_Pirmasens,4.04109,SU30,year,days_with_air_temperature_above_or_equal_threshold,days,7
07318_07311_07314_07338_08215_08226_08212_Region_um_Speyer,5.7641897,SU30,year,days_with_air_temperature_above_or_equal_threshold,days,7
07319_07331_07332_06431_07338_07311_07318_07314_Region_um_Worms,5.348875,SU30,year,days_with_air_temperature_above_or_equal_threshold,days,7
07320_07340_10045_07317_Region_um_Zweibrücken,4.045729,SU30,year,days_with_air_temperature_above_or_equal_threshold,days,7
07338_07311_07318_07314_08222_08226_08215_07334_07337_07313_07316_07332_07319_08221_08212_Region_um_Rhein-Pfalz-Kreis,5.6131163,SU30,year,days_with_air_temperature_above_or_equal_threshold,days,7
08111_08115_08116_08118_08119_Region_um_Stuttgart,4.596044,SU30,year,days_with_air_temperature_above_or_equal_threshold,days,7
08121_08125_Region_um_Heilbronn,5.32428,SU30,year,days_with_air_temperature_above_or_equal_threshold,days,7
08211_08216_Region_um_Baden-Baden,4.1227784,SU30,year,days_with_air_temperature_above_or_equal_threshold,days,7
08212_08215_07334_Region_um_Karlsruhe,5.8862433,SU30,year,days_with_air_temperature_above_or_equal_threshold,days,7
08221_08226_08222_Region_um_Heidelberg,5.5894294,SU30,year,days_with_air_temperature_above_or_equal_threshold,days,7
08222_08221_08226_06431_07338_07311_07318_07314_Region_um_Mannheim,5.6143336,SU30,year,days_with_air_temperature_above_or_equal_threshold,days,7
08231_08236_08235_Region_um_Pforzheim,3.4269514,SU30,year,days_with_air_temperature_above_or_equal_threshold,days,7
08311_08316_08315_Region_um_Freiburg_im_Breisgau,3.3895226,SU30,year,days_with_air_temperature_above_or_equal_threshold,days,7
08421_08425_09775_Region_um_Ulm,3.1277776,SU30,year,days_with_air_temperature_above_or_equal_threshold,days,7
09161_09176_09185_09186_Region_um_Ingolstadt,4.5031443,SU30,year,days_with_air_temperature_above_or_equal_threshold,days,7
09162_09184_09179_09174_Region_um_München,3.8891907,SU30,year,days_with_air_temperature_above_or_equal_threshold,days,7
09163_09187_Region_um_Rosenheim,3.1090038,SU30,year,days_with_air_temperature_above_or_equal_threshold,days,7
09261_09274_Region_um_Landshut,4.584423,SU30,year,days_with_air_temperature_above_or_equal_threshold,days,7
09262_09275_Region_um_Passau,4.975287,SU30,year,days_with_air_temperature_above_or_equal_threshold,days,7
09263_09278_Region_um_Straubing,4.8824368,SU30,year,days_with_air_temperature_above_or_equal_threshold,days,7
09361_09371_Region_um_Amberg,3.7787664,SU30,year,days_with_air_temperature_above_or_equal_threshold,days,7
09362_09375_Region_um_Regensburg,4.7979283,SU30,year,days_with_air_temperature_above_or_equal_threshold,days,7
09363_09374_Region_um_Weiden_in_der_Oberpfalz,3.291908,SU30,year,days_with_air_temperature_above_or_equal_threshold,days,7
09461_09471_Region_um_Bamberg,4.10347,SU30,year,days_with_air_temperature_above_or_equal_threshold,days,7
09462_09472_Region_um_Bayreuth,3.0253108,SU30,year,days_with_air_temperature_above_or_equal_threshold,days,7
09463_09473_Region_um_Coburg,3.6744444,SU30,year,days_with_air_temperature_above_or_equal_threshold,days,7
09464_09475_Region_um_Hof,2.000128,SU30,year,days_with_air_temperature_above_or_equal_threshold,days,7
09561_09571_Region_um_Ansbach,3.853799,SU30,year,days_with_air_temperature_above_or_equal_threshold,days,7
09562_09572_09564_09563_Region_um_Erlangen,4.854886,SU30,year,days_with_air_temperature_above_or_equal_threshold,days,7
09563_09573_09562_09564_Region_um_Fürth,4.789101,SU30,year,days_with_air_temperature_above_or_equal_threshold,days,7
09564_09563_09574_09565_09573_09572_09576_09562_Region_um_Nürnberg,4.356019,SU30,year,days_with_air_temperature_above_or_equal_threshold,days,7
09565_09576_09564_Region_um_Schwabach,4.37709,SU30,year,days_with_air_temperature_above_or_equal_threshold,days,7
09573_09572_09562_09563_09574_09565_09576_09561_09571_09575_09564_Region_um_Fürth,4.175492,SU30,year,days_with_air_temperature_above_or_equal_threshold,days,7
09661_09671_09676_Region_um_Aschaffenburg,4.0601687,SU30,year,days_with_air_temperature_above_or_equal_threshold,days,7
09662_09678_Region_um_Schweinfurt,4.4326153,SU30,year,days_with_air_temperature_above_or_equal_threshold,days,7
09663_09679_Region_um_Würzburg,4.580455,SU30,year,days_with_air_temperature_above_or_equal_threshold,days,7
09761_09772_09771_Region_um_Augsburg,3.9524698,SU30,year,days_with_air_temperature_above_or_equal_threshold,days,7
09762_09777_Region_um_Kaufbeuren,1.3771222,SU30,year,days_with_air_temperature_above_or_equal_threshold,days,7
09763_09780_Region_um_Kempten_(Allgäu),0.74909604,SU30,year,days_with_air_temperature_above_or_equal_threshold,days,7
09764_09778_08436_Region_um_Memmingen,2.6508179,SU30,year,days_with_air_temperature_above_or_equal_threshold,days,7
09776_08435_08436_09780_09763_Region_um_Lindau_(Bodensee),2.023403,SU30,year,days_with_air_temperature_above_or_equal_threshold,days,7
10043_10044_10045_10041_10046_07336_Region_um_Neunkirchen,3.8605397,SU30,year,days_with_air_temperature_above_or_equal_threshold,days,7
12051_12063_12069_Region_um_Brandenburg_an_der_Havel,3.7299387,SU30,year,days_with_air_temperature_above_or_equal_threshold,days,7
12052_12071_Region_um_Cottbus,4.4474254,SU30,year,days_with_air_temperature_above_or_equal_threshold,days,7
12053_12067_12064_Region_um_Frankfurt_(Oder),3.915601,SU30,year,days_with_air_temperature_above_or_equal_threshold,days,7
12054_12063_12069_11000_12051_Region_um_Potsdam,3.801181,SU30,year,days_with_air_temperature_above_or_equal_threshold,days,7
13003_13072_Region_um_Rostock,1.8994815,SU30,year,days_with_air_temperature_above_or_equal_threshold,days,7
13004_13076_13074_Region_um_Schwerin,2.2432237,SU30,year,days_with_air_temperature_above_or_equal_threshold,days,7
14511_14524_14521_14522_Region_um_Chemnitz,2.4832222,SU30,year,days_with_air_temperature_above_or_equal_threshold,days,7
14612_14627_14625_14628_Region_um_Dresden,3.7469769,SU30,year,days_with_air_temperature_above_or_equal_threshold,days,7
14713_14729_14730_Region_um_Leipzig,4.250867,SU30,year,days_with_air_temperature_above_or_equal_threshold,days,7
15001_15091_15082_Region_um_Dessau-Rolau,4.134128,SU30,year,days_with_air_temperature_above_or_equal_threshold,days,7
15002_15088_Region_um_Halle_(Saale),4.234147,SU30,year,days_with_air_temperature_above_or_equal_threshold,days,7
15003_15083_15089_15086_Region_um_Magdeburg,3.650517,SU30,year,days_with_air_temperature_above_or_equal_threshold,days,7
16051_16067_16068_16070_16071_16055_Region_um_Erfurt,3.022773,SU30,year,days_with_air_temperature_above_or_equal_threshold,days,7
16052_16076_15084_16074_Region_um_Gera,3.5360212,SU30,year,days_with_air_temperature_above_or_equal_threshold,days,7
16053_16074_16071_16055_Region_um_Jena,3.3426836,SU30,year,days_with_air_temperature_above_or_equal_threshold,days,7
16054_16066_16069_16070_Region_um_Suhl,2.432436,SU30,year,days_with_air_temperature_above_or_equal_threshold,days,7
16055_16071_Region_um_Weimar,3.311744,SU30,year,days_with_air_temperature_above_or_equal_threshold,days,7
16056_16063_06636_Region_um_Eisenach,2.6505823,SU30,year,days_with_air_temperature_above_or_equal_threshold,days,7
