region,ci_name,ci_frequency,standard_name,units,mid_month,RRm_year_2C_rcp85_ensemble-robustness
01001_01059_Region_um_Flensburg,RRm,year,precipitation,mm day-1,7,1
01001_Flensburg,RRm,year,precipitation,mm day-1,7,1
01002_01057_01058_Region_um_Kiel,RRm,year,precipitation,mm day-1,7,1
01002_Kiel,RRm,year,precipitation,mm day-1,7,1
01003_13074_01055_01053_01062_Region_um_Lübeck,RRm,year,precipitation,mm day-1,7,1
01003_Lübeck,RRm,year,precipitation,mm day-1,7,1
01004_01058_01060_01057_01002_Region_um_Neumünster,RRm,year,precipitation,mm day-1,7,1
01004_Neumünster,RRm,year,precipitation,mm day-1,7,1
01051_Dithmarschen,RRm,year,precipitation,mm day-1,7,1
01053_Herzogtum Lauenburg,RRm,year,precipitation,mm day-1,7,1
01054_Nordfriesland,RRm,year,precipitation,mm day-1,7,1
01055_Ostholstein,RRm,year,precipitation,mm day-1,7,1
01056_Pinneberg,RRm,year,precipitation,mm day-1,7,1
01057_Plön,RRm,year,precipitation,mm day-1,7,1
01058_Rendsburg-Eckernförde,RRm,year,precipitation,mm day-1,7,1
01059_Schleswig-Flensburg,RRm,year,precipitation,mm day-1,7,1
01060_Segeberg,RRm,year,precipitation,mm day-1,7,1
01061_Steinburg,RRm,year,precipitation,mm day-1,7,1
01062_Stormarn,RRm,year,precipitation,mm day-1,7,1
02000_Hamburg,RRm,year,precipitation,mm day-1,7,1
03101_03157_03154_03151_03102_03158_03103_Region_um_Braunschweig,RRm,year,precipitation,mm day-1,7,1
03101_Braunschweig,RRm,year,precipitation,mm day-1,7,1
03102_03254_03157_03158_03153_03101_Region_um_Salzgitter,RRm,year,precipitation,mm day-1,7,1
03102_Salzgitter,RRm,year,precipitation,mm day-1,7,1
03103_03154_03151_Region_um_Wolfsburg,RRm,year,precipitation,mm day-1,7,1
03103_Wolfsburg,RRm,year,precipitation,mm day-1,7,1
03151_Gifhorn,RRm,year,precipitation,mm day-1,7,1
03153_Goslar,RRm,year,precipitation,mm day-1,7,1
03154_Helmstedt,RRm,year,precipitation,mm day-1,7,1
03155_Northeim,RRm,year,precipitation,mm day-1,7,1
03157_Peine,RRm,year,precipitation,mm day-1,7,1
03158_Wolfenbüttel,RRm,year,precipitation,mm day-1,7,1
03159_Göttingen,RRm,year,precipitation,mm day-1,7,1
03241_Region Hannover,RRm,year,precipitation,mm day-1,7,1
03251_Diepholz,RRm,year,precipitation,mm day-1,7,1
03252_Hameln-Pyrmont,RRm,year,precipitation,mm day-1,7,1
03254_Hildesheim,RRm,year,precipitation,mm day-1,7,1
03255_Holzminden,RRm,year,precipitation,mm day-1,7,1
03256_Nienburg (Weser),RRm,year,precipitation,mm day-1,7,1
03257_Schaumburg,RRm,year,precipitation,mm day-1,7,1
03351_Celle,RRm,year,precipitation,mm day-1,7,1
03352_Cuxhaven,RRm,year,precipitation,mm day-1,7,1
03353_Harburg,RRm,year,precipitation,mm day-1,7,1
03354_Lüchow-Dannenberg,RRm,year,precipitation,mm day-1,7,1
03355_Lüneburg,RRm,year,precipitation,mm day-1,7,1
03356_Osterholz,RRm,year,precipitation,mm day-1,7,1
03357_Rotenburg (Wümme),RRm,year,precipitation,mm day-1,7,1
03358_Heidekreis,RRm,year,precipitation,mm day-1,7,1
03359_Stade,RRm,year,precipitation,mm day-1,7,1
03360_Uelzen,RRm,year,precipitation,mm day-1,7,1
03361_Verden,RRm,year,precipitation,mm day-1,7,1
03401_03458_04011_03251_03461_Region_um_Delmenhorst,RRm,year,precipitation,mm day-1,7,1
03401_Delmenhorst,RRm,year,precipitation,mm day-1,7,1
03402_03452_03457_Region_um_Emden,RRm,year,precipitation,mm day-1,7,1
03402_Emden,RRm,year,precipitation,mm day-1,7,1
03403_03458_03451_03461_Region_um_Oldenburg_(Oldenburg),RRm,year,precipitation,mm day-1,7,1
03403_Oldenburg (Oldb),RRm,year,precipitation,mm day-1,7,1
03404_03459_05566_Region_um_Osnabrück,RRm,year,precipitation,mm day-1,7,1
03404_Osnabrück,RRm,year,precipitation,mm day-1,7,1
03405_03455_Region_um_Wilhelmshaven,RRm,year,precipitation,mm day-1,7,1
03405_Wilhelmshaven,RRm,year,precipitation,mm day-1,7,1
03451_Ammerland,RRm,year,precipitation,mm day-1,7,1
03452_Aurich,RRm,year,precipitation,mm day-1,7,1
03453_Cloppenburg,RRm,year,precipitation,mm day-1,7,1
03454_Emsland,RRm,year,precipitation,mm day-1,7,1
03455_Friesland,RRm,year,precipitation,mm day-1,7,1
03456_Grafschaft Bentheim,RRm,year,precipitation,mm day-1,7,1
03457_Leer,RRm,year,precipitation,mm day-1,7,1
03458_Oldenburg,RRm,year,precipitation,mm day-1,7,1
03459_Osnabrück,RRm,year,precipitation,mm day-1,7,1
03460_Vechta,RRm,year,precipitation,mm day-1,7,1
03461_Wesermarsch,RRm,year,precipitation,mm day-1,7,1
03462_Wittmund,RRm,year,precipitation,mm day-1,7,1
04011_03361_03251_03401_03461_03356_03352_04012_Region_um_Bremen,RRm,year,precipitation,mm day-1,7,1
04011_Bremen,RRm,year,precipitation,mm day-1,7,1
04012_03352_03461_Region_um_Bremerhaven,RRm,year,precipitation,mm day-1,7,1
04012_Bremerhaven,RRm,year,precipitation,mm day-1,7,1
05111_05162_05158_05112_Region_um_Düsseldorf,RRm,year,precipitation,mm day-1,7,1
05111_Düsseldorf,RRm,year,precipitation,mm day-1,7,1
05112_05114_05119_05117_05170_05158_05111_Region_um_Duisburg,RRm,year,precipitation,mm day-1,7,1
05112_Duisburg,RRm,year,precipitation,mm day-1,7,1
05113_05119_05117_05513_05512_05158_05911_05954_05562_05513_05916_Region_um_Essen,RRm,year,precipitation,mm day-1,7,1
05113_Essen,RRm,year,precipitation,mm day-1,7,1
05114_05112_05162_05166_05170_Region_um_Krefeld,RRm,year,precipitation,mm day-1,7,1
05114_Krefeld,RRm,year,precipitation,mm day-1,7,1
05116_05370_05166_05162_Region_um_Mönchengladbach,RRm,year,precipitation,mm day-1,7,1
05116_Mönchengladbach,RRm,year,precipitation,mm day-1,7,1
05117_05112_05158_05119_05113_Region_um_Mülheim_an_der_Ruhr,RRm,year,precipitation,mm day-1,7,1
05117_Mülheim an der Ruhr,RRm,year,precipitation,mm day-1,7,1
05119_05170_05512_05113_05117_05112_Region_um_Oberhausen,RRm,year,precipitation,mm day-1,7,1
05119_Oberhausen,RRm,year,precipitation,mm day-1,7,1
05120_05124_05122_05378_05374_Region_um_Remscheid,RRm,year,precipitation,mm day-1,7,1
05120_Remscheid,RRm,year,precipitation,mm day-1,7,1
05122_05158_05124_05378_05120_Region_um_Solingen,RRm,year,precipitation,mm day-1,7,1
05122_Solingen,RRm,year,precipitation,mm day-1,7,1
05124_05122_05120_05158_05954_05374_Region_um_Wuppertal,RRm,year,precipitation,mm day-1,7,1
05124_Wuppertal,RRm,year,precipitation,mm day-1,7,1
05154_Kleve,RRm,year,precipitation,mm day-1,7,1
05158_Mettmann,RRm,year,precipitation,mm day-1,7,1
05162_Rhein-Kreis Neuss,RRm,year,precipitation,mm day-1,7,1
05166_Viersen,RRm,year,precipitation,mm day-1,7,1
05170_Wesel,RRm,year,precipitation,mm day-1,7,1
05314_05382_Region_um_Bonn,RRm,year,precipitation,mm day-1,7,1
05314_Bonn,RRm,year,precipitation,mm day-1,7,1
05315_Köln,RRm,year,precipitation,mm day-1,7,1
05316_05315_05378_05158_Region_um_Leverkusen,RRm,year,precipitation,mm day-1,7,1
05316_Leverkusen,RRm,year,precipitation,mm day-1,7,1
05334_Städteregion Aachen,RRm,year,precipitation,mm day-1,7,1
05358_Düren,RRm,year,precipitation,mm day-1,7,1
05362_Rhein-Erft-Kreis,RRm,year,precipitation,mm day-1,7,1
05366_Euskirchen,RRm,year,precipitation,mm day-1,7,1
05370_Heinsberg,RRm,year,precipitation,mm day-1,7,1
05374_Oberbergischer Kreis,RRm,year,precipitation,mm day-1,7,1
05378_Rheinisch-Bergischer Kreis,RRm,year,precipitation,mm day-1,7,1
05382_Rhein-Sieg-Kreis,RRm,year,precipitation,mm day-1,7,1
05512_05119_05513_05113_05170_05562_Region_um_Bottrop,RRm,year,precipitation,mm day-1,7,1
05512_Bottrop,RRm,year,precipitation,mm day-1,7,1
05513_05113_05916_05911_05562_05512_Region_um_Gelsenkirchen,RRm,year,precipitation,mm day-1,7,1
05513_Gelsenkirchen,RRm,year,precipitation,mm day-1,7,1
05515_05566_05558_05570_Region_um_Münster,RRm,year,precipitation,mm day-1,7,1
05515_Münster,RRm,year,precipitation,mm day-1,7,1
05554_Borken,RRm,year,precipitation,mm day-1,7,1
05558_Coesfeld,RRm,year,precipitation,mm day-1,7,1
05562_Recklinghausen,RRm,year,precipitation,mm day-1,7,1
05566_Steinfurt,RRm,year,precipitation,mm day-1,7,1
05570_Warendorf,RRm,year,precipitation,mm day-1,7,1
05711_05754_05758_05766_Region_um_Bielefeld,RRm,year,precipitation,mm day-1,7,1
05711_Bielefeld,RRm,year,precipitation,mm day-1,7,1
05754_Gütersloh,RRm,year,precipitation,mm day-1,7,1
05758_Herford,RRm,year,precipitation,mm day-1,7,1
05762_Höxter,RRm,year,precipitation,mm day-1,7,1
05766_Lippe,RRm,year,precipitation,mm day-1,7,1
05770_Minden-Lübbecke,RRm,year,precipitation,mm day-1,7,1
05774_Paderborn,RRm,year,precipitation,mm day-1,7,1
05911_05954_05913_05513_05113_05916_05562_Region_um_Bochum,RRm,year,precipitation,mm day-1,7,1
05911_Bochum,RRm,year,precipitation,mm day-1,7,1
05913_05914_05911_05916_05978_05954_05562_Region_um_Dortmund,RRm,year,precipitation,mm day-1,7,1
05913_Dortmund,RRm,year,precipitation,mm day-1,7,1
05914_05954_05913_05978_05962_Region_um_Hagen,RRm,year,precipitation,mm day-1,7,1
05914_Hagen,RRm,year,precipitation,mm day-1,7,1
05915_05978_05974_05570_05558_Region_um_Hamm,RRm,year,precipitation,mm day-1,7,1
05915_Hamm,RRm,year,precipitation,mm day-1,7,1
05916_05513_05562_05911_Region_um_Herne,RRm,year,precipitation,mm day-1,7,1
05916_Herne,RRm,year,precipitation,mm day-1,7,1
05954_Ennepe-Ruhr-Kreis,RRm,year,precipitation,mm day-1,7,1
05958_Hochsauerlandkreis,RRm,year,precipitation,mm day-1,7,1
05962_Märkischer Kreis,RRm,year,precipitation,mm day-1,7,1
05966_Olpe,RRm,year,precipitation,mm day-1,7,1
05970_Siegen-Wittgenstein,RRm,year,precipitation,mm day-1,7,1
05974_Soest,RRm,year,precipitation,mm day-1,7,1
05978_Unna,RRm,year,precipitation,mm day-1,7,1
06411_06432_06438_Region_um_Darmstadt,RRm,year,precipitation,mm day-1,7,1
06411_Darmstadt,RRm,year,precipitation,mm day-1,7,1
06412_06413_06436_06434_06440_06435_06438_06433_Region_um_Frankfurt_am_Main,RRm,year,precipitation,mm day-1,7,1
06412_Frankfurt am Main,RRm,year,precipitation,mm day-1,7,1
06413_06438_06435_06412_Region_um_Offenbach_am_Main,RRm,year,precipitation,mm day-1,7,1
06413_Offenbach am Main,RRm,year,precipitation,mm day-1,7,1
06414_07315_07339_06439_06436_06433_Region_um_Wiesbaden,RRm,year,precipitation,mm day-1,7,1
06414_Wiesbaden,RRm,year,precipitation,mm day-1,7,1
06431_Bergstraße,RRm,year,precipitation,mm day-1,7,1
06432_Darmstadt-Dieburg,RRm,year,precipitation,mm day-1,7,1
06433_Groß-Gerau,RRm,year,precipitation,mm day-1,7,1
06434_Hochtaunuskreis,RRm,year,precipitation,mm day-1,7,1
06435_Main-Kinzig-Kreis,RRm,year,precipitation,mm day-1,7,1
06436_06412_06414_06433_06439_06434_Region_um_Main-Taunus-Kreis,RRm,year,precipitation,mm day-1,7,1
06436_Main-Taunus-Kreis,RRm,year,precipitation,mm day-1,7,1
06437_Odenwaldkreis,RRm,year,precipitation,mm day-1,7,1
06438_06432_06411_06433_06413_06435_06412_09671_Region_um_Offenbach,RRm,year,precipitation,mm day-1,7,1
06438_Offenbach,RRm,year,precipitation,mm day-1,7,1
06439_Rheingau-Taunus-Kreis,RRm,year,precipitation,mm day-1,7,1
06440_Wetteraukreis,RRm,year,precipitation,mm day-1,7,1
06531_Gießen,RRm,year,precipitation,mm day-1,7,1
06532_Lahn-Dill-Kreis,RRm,year,precipitation,mm day-1,7,1
06533_Limburg-Weilburg,RRm,year,precipitation,mm day-1,7,1
06534_Marburg-Biedenkopf,RRm,year,precipitation,mm day-1,7,1
06535_Vogelsbergkreis,RRm,year,precipitation,mm day-1,7,1
06611_06633_03159_Region_um_Kassel,RRm,year,precipitation,mm day-1,7,1
06611_Kassel,RRm,year,precipitation,mm day-1,7,1
06631_Fulda,RRm,year,precipitation,mm day-1,7,1
06632_Hersfeld-Rotenburg,RRm,year,precipitation,mm day-1,7,1
06633_Kassel,RRm,year,precipitation,mm day-1,7,1
06634_Schwalm-Eder-Kreis,RRm,year,precipitation,mm day-1,7,1
06635_Waldeck-Frankenberg,RRm,year,precipitation,mm day-1,7,1
06636_Werra-Meißner-Kreis,RRm,year,precipitation,mm day-1,7,1
07111_07137_07141_07143_Region_um_Koblenz,RRm,year,precipitation,mm day-1,7,1
07111_Koblenz,RRm,year,precipitation,mm day-1,7,1
07131_Ahrweiler,RRm,year,precipitation,mm day-1,7,1
07132_Altenkirchen (Westerwald),RRm,year,precipitation,mm day-1,7,1
07133_Bad Kreuznach,RRm,year,precipitation,mm day-1,7,1
07134_Birkenfeld,RRm,year,precipitation,mm day-1,7,1
07135_Cochem-Zell,RRm,year,precipitation,mm day-1,7,1
07137_Mayen-Koblenz,RRm,year,precipitation,mm day-1,7,1
07138_Neuwied,RRm,year,precipitation,mm day-1,7,1
07140_Rhein-Hunsrück-Kreis,RRm,year,precipitation,mm day-1,7,1
07141_Rhein-Lahn-Kreis,RRm,year,precipitation,mm day-1,7,1
07143_Westerwaldkreis,RRm,year,precipitation,mm day-1,7,1
07211_07235_Region_um_Trier,RRm,year,precipitation,mm day-1,7,1
07211_Trier,RRm,year,precipitation,mm day-1,7,1
07231_Bernkastel-Wittlich,RRm,year,precipitation,mm day-1,7,1
07232_Eifelkreis Bitburg-Prüm,RRm,year,precipitation,mm day-1,7,1
07233_Vulkaneifel,RRm,year,precipitation,mm day-1,7,1
07235_Trier-Saarburg,RRm,year,precipitation,mm day-1,7,1
07311_07318_07314_07338_08222_Region_um_Frankenthal_(Pfalz),RRm,year,precipitation,mm day-1,7,1
07311_Frankenthal (Pfalz),RRm,year,precipitation,mm day-1,7,1
07312_07335_07332_Region_um_Kaiserslautern,RRm,year,precipitation,mm day-1,7,1
07312_Kaiserslautern,RRm,year,precipitation,mm day-1,7,1
07313_07337_Region_um_Landau_in_der_Pfalz,RRm,year,precipitation,mm day-1,7,1
07313_Landau in der Pfalz,RRm,year,precipitation,mm day-1,7,1
07314_07311_07338_08222_Region_um_Ludwigshafen_am_Rhein,RRm,year,precipitation,mm day-1,7,1
07314_Ludwigshafen am Rhein,RRm,year,precipitation,mm day-1,7,1
07315_07339_06414_06433_Region_um_Mainz,RRm,year,precipitation,mm day-1,7,1
07315_Mainz,RRm,year,precipitation,mm day-1,7,1
07316_07337_07332_07313_Region_um_Neustadt_an_der_Weinstraße,RRm,year,precipitation,mm day-1,7,1
07316_Neustadt an der Weinstraße,RRm,year,precipitation,mm day-1,7,1
07317_07340_Region_um_Pirmasens,RRm,year,precipitation,mm day-1,7,1
07317_Pirmasens,RRm,year,precipitation,mm day-1,7,1
07318_07311_07314_07338_08215_08226_08212_Region_um_Speyer,RRm,year,precipitation,mm day-1,7,1
07318_Speyer,RRm,year,precipitation,mm day-1,7,1
07319_07331_07332_06431_07338_07311_07318_07314_Region_um_Worms,RRm,year,precipitation,mm day-1,7,1
07319_Worms,RRm,year,precipitation,mm day-1,7,1
07320_07340_10045_07317_Region_um_Zweibrücken,RRm,year,precipitation,mm day-1,7,1
07320_Zweibrücken,RRm,year,precipitation,mm day-1,7,1
07331_Alzey-Worms,RRm,year,precipitation,mm day-1,7,1
07332_Bad Dürkheim,RRm,year,precipitation,mm day-1,7,1
07333_Donnersbergkreis,RRm,year,precipitation,mm day-1,7,1
07334_Germersheim,RRm,year,precipitation,mm day-1,7,1
07335_Kaiserslautern,RRm,year,precipitation,mm day-1,7,1
07336_Kusel,RRm,year,precipitation,mm day-1,7,1
07337_Südliche Weinstraße,RRm,year,precipitation,mm day-1,7,1
07338_07311_07318_07314_08222_08226_08215_07334_07337_07313_07316_07332_07319_08221_08212_Region_um_Rhein-Pfalz-Kreis,RRm,year,precipitation,mm day-1,7,1
07338_Rhein-Pfalz-Kreis,RRm,year,precipitation,mm day-1,7,1
07339_Mainz-Bingen,RRm,year,precipitation,mm day-1,7,1
07340_Südwestpfalz,RRm,year,precipitation,mm day-1,7,1
08111_08115_08116_08118_08119_Region_um_Stuttgart,RRm,year,precipitation,mm day-1,7,1
08111_Stuttgart,RRm,year,precipitation,mm day-1,7,1
08115_Böblingen,RRm,year,precipitation,mm day-1,7,1
08116_Esslingen,RRm,year,precipitation,mm day-1,7,1
08117_Göppingen,RRm,year,precipitation,mm day-1,7,1
08118_Ludwigsburg,RRm,year,precipitation,mm day-1,7,1
08119_Rems-Murr-Kreis,RRm,year,precipitation,mm day-1,7,1
08121_08125_Region_um_Heilbronn,RRm,year,precipitation,mm day-1,7,1
08121_Heilbronn,RRm,year,precipitation,mm day-1,7,1
08125_Heilbronn,RRm,year,precipitation,mm day-1,7,1
08126_Hohenlohekreis,RRm,year,precipitation,mm day-1,7,1
08127_Schwäbisch Hall,RRm,year,precipitation,mm day-1,7,1
08128_Main-Tauber-Kreis,RRm,year,precipitation,mm day-1,7,1
08135_Heidenheim,RRm,year,precipitation,mm day-1,7,1
08136_Ostalbkreis,RRm,year,precipitation,mm day-1,7,1
08211_08216_Region_um_Baden-Baden,RRm,year,precipitation,mm day-1,7,1
08211_Baden-Baden,RRm,year,precipitation,mm day-1,7,1
08212_08215_07334_Region_um_Karlsruhe,RRm,year,precipitation,mm day-1,7,1
08212_Karlsruhe,RRm,year,precipitation,mm day-1,7,1
08215_Karlsruhe,RRm,year,precipitation,mm day-1,7,1
08216_Rastatt,RRm,year,precipitation,mm day-1,7,1
08221_08226_08222_Region_um_Heidelberg,RRm,year,precipitation,mm day-1,7,1
08221_Heidelberg,RRm,year,precipitation,mm day-1,7,1
08222_08221_08226_06431_07338_07311_07318_07314_Region_um_Mannheim,RRm,year,precipitation,mm day-1,7,1
08222_Mannheim,RRm,year,precipitation,mm day-1,7,1
08225_Neckar-Odenwald-Kreis,RRm,year,precipitation,mm day-1,7,1
08226_Rhein-Neckar-Kreis,RRm,year,precipitation,mm day-1,7,1
08231_08236_08235_Region_um_Pforzheim,RRm,year,precipitation,mm day-1,7,1
08231_Pforzheim,RRm,year,precipitation,mm day-1,7,1
08235_Calw,RRm,year,precipitation,mm day-1,7,1
08236_Enzkreis,RRm,year,precipitation,mm day-1,7,1
08237_Freudenstadt,RRm,year,precipitation,mm day-1,7,1
08311_08316_08315_Region_um_Freiburg_im_Breisgau,RRm,year,precipitation,mm day-1,7,1
08311_Freiburg im Breisgau,RRm,year,precipitation,mm day-1,7,1
08315_Breisgau-Hochschwarzwald,RRm,year,precipitation,mm day-1,7,1
08316_Emmendingen,RRm,year,precipitation,mm day-1,7,1
08317_Ortenaukreis,RRm,year,precipitation,mm day-1,7,1
08325_Rottweil,RRm,year,precipitation,mm day-1,7,1
08326_Schwarzwald-Baar-Kreis,RRm,year,precipitation,mm day-1,7,1
08327_Tuttlingen,RRm,year,precipitation,mm day-1,7,1
08335_Konstanz,RRm,year,precipitation,mm day-1,7,1
08336_Lörrach,RRm,year,precipitation,mm day-1,7,1
08337_Waldshut,RRm,year,precipitation,mm day-1,7,1
08415_Reutlingen,RRm,year,precipitation,mm day-1,7,1
08416_Tübingen,RRm,year,precipitation,mm day-1,7,1
08417_Zollernalbkreis,RRm,year,precipitation,mm day-1,7,1
08421_08425_09775_Region_um_Ulm,RRm,year,precipitation,mm day-1,7,1
08421_Ulm,RRm,year,precipitation,mm day-1,7,1
08425_Alb-Donau-Kreis,RRm,year,precipitation,mm day-1,7,1
08426_Biberach,RRm,year,precipitation,mm day-1,7,1
08435_Bodenseekreis,RRm,year,precipitation,mm day-1,7,1
08436_Ravensburg,RRm,year,precipitation,mm day-1,7,1
08437_Sigmaringen,RRm,year,precipitation,mm day-1,7,1
09161_09176_09185_09186_Region_um_Ingolstadt,RRm,year,precipitation,mm day-1,7,1
09161_Ingolstadt,RRm,year,precipitation,mm day-1,7,2
09162_09184_09179_09174_Region_um_München,RRm,year,precipitation,mm day-1,7,1
09162_München,RRm,year,precipitation,mm day-1,7,1
09163_09187_Region_um_Rosenheim,RRm,year,precipitation,mm day-1,7,1
09163_Rosenheim,RRm,year,precipitation,mm day-1,7,2
09171_Altötting,RRm,year,precipitation,mm day-1,7,1
09172_Berchtesgadener Land,RRm,year,precipitation,mm day-1,7,1
09173_Bad Tölz-Wolfratshausen,RRm,year,precipitation,mm day-1,7,1
09174_Dachau,RRm,year,precipitation,mm day-1,7,1
09175_Ebersberg,RRm,year,precipitation,mm day-1,7,1
09176_Eichstätt,RRm,year,precipitation,mm day-1,7,1
09177_Erding,RRm,year,precipitation,mm day-1,7,1
09178_Freising,RRm,year,precipitation,mm day-1,7,1
09179_Fürstenfeldbruck,RRm,year,precipitation,mm day-1,7,1
09180_Garmisch-Partenkirchen,RRm,year,precipitation,mm day-1,7,1
09181_Landsberg am Lech,RRm,year,precipitation,mm day-1,7,1
09182_Miesbach,RRm,year,precipitation,mm day-1,7,1
09183_Mühldorf a. Inn,RRm,year,precipitation,mm day-1,7,1
09184_München,RRm,year,precipitation,mm day-1,7,1
09185_Neuburg-Schrobenhausen,RRm,year,precipitation,mm day-1,7,1
09186_Pfaffenhofen a.d. Ilm,RRm,year,precipitation,mm day-1,7,1
09187_Rosenheim,RRm,year,precipitation,mm day-1,7,1
09188_Starnberg,RRm,year,precipitation,mm day-1,7,1
09189_Traunstein,RRm,year,precipitation,mm day-1,7,1
09190_Weilheim-Schongau,RRm,year,precipitation,mm day-1,7,1
09261_09274_Region_um_Landshut,RRm,year,precipitation,mm day-1,7,1
09261_Landshut,RRm,year,precipitation,mm day-1,7,1
09262_09275_Region_um_Passau,RRm,year,precipitation,mm day-1,7,1
09262_Passau,RRm,year,precipitation,mm day-1,7,1
09263_09278_Region_um_Straubing,RRm,year,precipitation,mm day-1,7,1
09263_Straubing,RRm,year,precipitation,mm day-1,7,1
09271_Deggendorf,RRm,year,precipitation,mm day-1,7,1
09272_Freyung-Grafenau,RRm,year,precipitation,mm day-1,7,1
09273_Kelheim,RRm,year,precipitation,mm day-1,7,1
09274_Landshut,RRm,year,precipitation,mm day-1,7,1
09275_Passau,RRm,year,precipitation,mm day-1,7,1
09276_Regen,RRm,year,precipitation,mm day-1,7,1
09277_Rottal-Inn,RRm,year,precipitation,mm day-1,7,1
09278_Straubing-Bogen,RRm,year,precipitation,mm day-1,7,1
09279_Dingolfing-Landau,RRm,year,precipitation,mm day-1,7,1
09361_09371_Region_um_Amberg,RRm,year,precipitation,mm day-1,7,1
09361_Amberg,RRm,year,precipitation,mm day-1,7,1
09362_09375_Region_um_Regensburg,RRm,year,precipitation,mm day-1,7,1
09362_Regensburg,RRm,year,precipitation,mm day-1,7,1
09363_09374_Region_um_Weiden_in_der_Oberpfalz,RRm,year,precipitation,mm day-1,7,1
09363_Weiden i.d. OPf.,RRm,year,precipitation,mm day-1,7,1
09371_Amberg-Sulzbach,RRm,year,precipitation,mm day-1,7,1
09372_Cham,RRm,year,precipitation,mm day-1,7,1
09373_Neumarkt i.d. OPf.,RRm,year,precipitation,mm day-1,7,1
09374_Neustadt a.d. Waldnaab,RRm,year,precipitation,mm day-1,7,1
09375_Regensburg,RRm,year,precipitation,mm day-1,7,1
09376_Schwandorf,RRm,year,precipitation,mm day-1,7,1
09377_Tirschenreuth,RRm,year,precipitation,mm day-1,7,1
09461_09471_Region_um_Bamberg,RRm,year,precipitation,mm day-1,7,1
09461_Bamberg,RRm,year,precipitation,mm day-1,7,1
09462_09472_Region_um_Bayreuth,RRm,year,precipitation,mm day-1,7,1
09462_Bayreuth,RRm,year,precipitation,mm day-1,7,1
09463_09473_Region_um_Coburg,RRm,year,precipitation,mm day-1,7,1
09463_Coburg,RRm,year,precipitation,mm day-1,7,1
09464_09475_Region_um_Hof,RRm,year,precipitation,mm day-1,7,1
09464_Hof,RRm,year,precipitation,mm day-1,7,1
09471_Bamberg,RRm,year,precipitation,mm day-1,7,1
09472_Bayreuth,RRm,year,precipitation,mm day-1,7,1
09473_Coburg,RRm,year,precipitation,mm day-1,7,1
09474_Forchheim,RRm,year,precipitation,mm day-1,7,1
09475_Hof,RRm,year,precipitation,mm day-1,7,1
09476_Kronach,RRm,year,precipitation,mm day-1,7,1
09477_Kulmbach,RRm,year,precipitation,mm day-1,7,1
09478_Lichtenfels,RRm,year,precipitation,mm day-1,7,1
09479_Wunsiedel i. Fichtelgebirge,RRm,year,precipitation,mm day-1,7,1
09561_09571_Region_um_Ansbach,RRm,year,precipitation,mm day-1,7,1
09561_Ansbach,RRm,year,precipitation,mm day-1,7,1
09562_09572_09564_09563_Region_um_Erlangen,RRm,year,precipitation,mm day-1,7,1
09562_Erlangen,RRm,year,precipitation,mm day-1,7,1
09563_09573_09562_09564_Region_um_Fürth,RRm,year,precipitation,mm day-1,7,1
09563_Fürth,RRm,year,precipitation,mm day-1,7,1
09564_09563_09574_09565_09573_09572_09576_09562_Region_um_Nürnberg,RRm,year,precipitation,mm day-1,7,1
09564_Nürnberg,RRm,year,precipitation,mm day-1,7,1
09565_09576_09564_Region_um_Schwabach,RRm,year,precipitation,mm day-1,7,1
09565_Schwabach,RRm,year,precipitation,mm day-1,7,1
09571_Ansbach,RRm,year,precipitation,mm day-1,7,1
09572_Erlangen-Höchstadt,RRm,year,precipitation,mm day-1,7,1
09573_09572_09562_09563_09574_09565_09576_09561_09571_09575_09564_Region_um_Fürth,RRm,year,precipitation,mm day-1,7,1
09573_Fürth,RRm,year,precipitation,mm day-1,7,1
09574_Nürnberger Land,RRm,year,precipitation,mm day-1,7,1
09575_Neustadt a.d. Aisch-Bad Windsheim,RRm,year,precipitation,mm day-1,7,1
09576_Roth,RRm,year,precipitation,mm day-1,7,1
09577_Weißenburg-Gunzenhausen,RRm,year,precipitation,mm day-1,7,1
09661_09671_09676_Region_um_Aschaffenburg,RRm,year,precipitation,mm day-1,7,1
09661_Aschaffenburg,RRm,year,precipitation,mm day-1,7,1
09662_09678_Region_um_Schweinfurt,RRm,year,precipitation,mm day-1,7,1
09662_Schweinfurt,RRm,year,precipitation,mm day-1,7,1
09663_09679_Region_um_Würzburg,RRm,year,precipitation,mm day-1,7,1
09663_Würzburg,RRm,year,precipitation,mm day-1,7,1
09671_Aschaffenburg,RRm,year,precipitation,mm day-1,7,1
09672_Bad Kissingen,RRm,year,precipitation,mm day-1,7,1
09673_Rhön-Grabfeld,RRm,year,precipitation,mm day-1,7,1
09674_Haßberge,RRm,year,precipitation,mm day-1,7,1
09675_Kitzingen,RRm,year,precipitation,mm day-1,7,1
09676_Miltenberg,RRm,year,precipitation,mm day-1,7,1
09677_Main-Spessart,RRm,year,precipitation,mm day-1,7,1
09678_Schweinfurt,RRm,year,precipitation,mm day-1,7,1
09679_Würzburg,RRm,year,precipitation,mm day-1,7,1
09761_09772_09771_Region_um_Augsburg,RRm,year,precipitation,mm day-1,7,1
09761_Augsburg,RRm,year,precipitation,mm day-1,7,1
09762_09777_Region_um_Kaufbeuren,RRm,year,precipitation,mm day-1,7,1
09762_Kaufbeuren,RRm,year,precipitation,mm day-1,7,1
09763_09780_Region_um_Kempten_(Allgäu),RRm,year,precipitation,mm day-1,7,1
09763_Kempten (Allgäu),RRm,year,precipitation,mm day-1,7,1
09764_09778_08436_Region_um_Memmingen,RRm,year,precipitation,mm day-1,7,1
09764_Memmingen,RRm,year,precipitation,mm day-1,7,1
09771_Aichach-Friedberg,RRm,year,precipitation,mm day-1,7,1
09772_Augsburg,RRm,year,precipitation,mm day-1,7,1
09773_Dillingen a.d. Donau,RRm,year,precipitation,mm day-1,7,1
09774_Günzburg,RRm,year,precipitation,mm day-1,7,1
09775_Neu-Ulm,RRm,year,precipitation,mm day-1,7,1
09776_08435_08436_09780_09763_Region_um_Lindau_(Bodensee),RRm,year,precipitation,mm day-1,7,1
09776_Lindau (Bodensee),RRm,year,precipitation,mm day-1,7,1
09777_Ostallgäu,RRm,year,precipitation,mm day-1,7,1
09778_Unterallgäu,RRm,year,precipitation,mm day-1,7,1
09779_Donau-Ries,RRm,year,precipitation,mm day-1,7,1
09780_Oberallgäu,RRm,year,precipitation,mm day-1,7,1
10041_Regionalverband Saarbrücken,RRm,year,precipitation,mm day-1,7,1
10042_Merzig-Wadern,RRm,year,precipitation,mm day-1,7,1
10043_10044_10045_10041_10046_07336_Region_um_Neunkirchen,RRm,year,precipitation,mm day-1,7,1
10043_Neunkirchen,RRm,year,precipitation,mm day-1,7,1
10044_Saarlouis,RRm,year,precipitation,mm day-1,7,1
10045_Saarpfalz-Kreis,RRm,year,precipitation,mm day-1,7,1
10046_St. Wendel,RRm,year,precipitation,mm day-1,7,1
11000_Berlin,RRm,year,precipitation,mm day-1,7,1
12051_12063_12069_Region_um_Brandenburg_an_der_Havel,RRm,year,precipitation,mm day-1,7,1
12051_Brandenburg an der Havel,RRm,year,precipitation,mm day-1,7,1
12052_12071_Region_um_Cottbus,RRm,year,precipitation,mm day-1,7,1
12052_Cottbus,RRm,year,precipitation,mm day-1,7,1
12053_12067_12064_Region_um_Frankfurt_(Oder),RRm,year,precipitation,mm day-1,7,1
12053_Frankfurt (Oder),RRm,year,precipitation,mm day-1,7,1
12054_12063_12069_11000_12051_Region_um_Potsdam,RRm,year,precipitation,mm day-1,7,1
12054_Potsdam,RRm,year,precipitation,mm day-1,7,1
12060_Barnim,RRm,year,precipitation,mm day-1,7,1
12061_Dahme-Spreewald,RRm,year,precipitation,mm day-1,7,1
12062_Elbe-Elster,RRm,year,precipitation,mm day-1,7,1
12063_Havelland,RRm,year,precipitation,mm day-1,7,1
12064_Märkisch-Oderland,RRm,year,precipitation,mm day-1,7,2
12065_Oberhavel,RRm,year,precipitation,mm day-1,7,1
12066_Oberspreewald-Lausitz,RRm,year,precipitation,mm day-1,7,1
12067_Oder-Spree,RRm,year,precipitation,mm day-1,7,1
12068_Ostprignitz-Ruppin,RRm,year,precipitation,mm day-1,7,1
12069_Potsdam-Mittelmark,RRm,year,precipitation,mm day-1,7,1
12070_Prignitz,RRm,year,precipitation,mm day-1,7,1
12071_Spree-Neiße,RRm,year,precipitation,mm day-1,7,1
12072_Teltow-Fläming,RRm,year,precipitation,mm day-1,7,1
12073_Uckermark,RRm,year,precipitation,mm day-1,7,1
13003_13072_Region_um_Rostock,RRm,year,precipitation,mm day-1,7,1
13003_Rostock,RRm,year,precipitation,mm day-1,7,2
13004_13076_13074_Region_um_Schwerin,RRm,year,precipitation,mm day-1,7,1
13004_Schwerin,RRm,year,precipitation,mm day-1,7,1
13071_Mecklenburgische Seenplatte,RRm,year,precipitation,mm day-1,7,1
13072_Rostock,RRm,year,precipitation,mm day-1,7,1
13073_Vorpommern-Rügen,RRm,year,precipitation,mm day-1,7,2
13074_Nordwestmecklenburg,RRm,year,precipitation,mm day-1,7,1
13075_Vorpommern-Greifswald,RRm,year,precipitation,mm day-1,7,1
13076_Ludwigslust-Parchim,RRm,year,precipitation,mm day-1,7,1
14511_14524_14521_14522_Region_um_Chemnitz,RRm,year,precipitation,mm day-1,7,1
14511_Chemnitz,RRm,year,precipitation,mm day-1,7,1
14521_Erzgebirgskreis,RRm,year,precipitation,mm day-1,7,1
14522_Mittelsachsen,RRm,year,precipitation,mm day-1,7,1
14523_Vogtlandkreis,RRm,year,precipitation,mm day-1,7,1
14524_Zwickau,RRm,year,precipitation,mm day-1,7,1
14612_14627_14625_14628_Region_um_Dresden,RRm,year,precipitation,mm day-1,7,1
14612_Dresden,RRm,year,precipitation,mm day-1,7,1
14625_Bautzen,RRm,year,precipitation,mm day-1,7,1
14626_Görlitz,RRm,year,precipitation,mm day-1,7,1
14627_Meißen,RRm,year,precipitation,mm day-1,7,1
14628_Sächsische Schweiz-Osterzgebirge,RRm,year,precipitation,mm day-1,7,1
14713_14729_14730_Region_um_Leipzig,RRm,year,precipitation,mm day-1,7,1
14713_Leipzig,RRm,year,precipitation,mm day-1,7,1
14729_Leipzig,RRm,year,precipitation,mm day-1,7,1
14730_Nordsachsen,RRm,year,precipitation,mm day-1,7,1
15001_15091_15082_Region_um_Dessau-Rolau,RRm,year,precipitation,mm day-1,7,1
15001_Dessau-Roßlau,RRm,year,precipitation,mm day-1,7,1
15002_15088_Region_um_Halle_(Saale),RRm,year,precipitation,mm day-1,7,1
15002_Halle (Saale),RRm,year,precipitation,mm day-1,7,1
15003_15083_15089_15086_Region_um_Magdeburg,RRm,year,precipitation,mm day-1,7,1
15003_Magdeburg,RRm,year,precipitation,mm day-1,7,1
15081_Altmarkkreis Salzwedel,RRm,year,precipitation,mm day-1,7,1
15082_Anhalt-Bitterfeld,RRm,year,precipitation,mm day-1,7,1
15083_Börde,RRm,year,precipitation,mm day-1,7,1
15084_Burgenlandkreis,RRm,year,precipitation,mm day-1,7,1
15085_Harz,RRm,year,precipitation,mm day-1,7,1
15086_Jerichower Land,RRm,year,precipitation,mm day-1,7,1
15087_Mansfeld-Südharz,RRm,year,precipitation,mm day-1,7,1
15088_Saalekreis,RRm,year,precipitation,mm day-1,7,1
15089_Salzlandkreis,RRm,year,precipitation,mm day-1,7,1
15090_Stendal,RRm,year,precipitation,mm day-1,7,1
15091_Wittenberg,RRm,year,precipitation,mm day-1,7,1
16051_16067_16068_16070_16071_16055_Region_um_Erfurt,RRm,year,precipitation,mm day-1,7,1
16051_Erfurt,RRm,year,precipitation,mm day-1,7,1
16052_16076_15084_16074_Region_um_Gera,RRm,year,precipitation,mm day-1,7,1
16052_Gera,RRm,year,precipitation,mm day-1,7,1
16053_16074_16071_16055_Region_um_Jena,RRm,year,precipitation,mm day-1,7,1
16053_Jena,RRm,year,precipitation,mm day-1,7,1
16054_16066_16069_16070_Region_um_Suhl,RRm,year,precipitation,mm day-1,7,1
16054_Suhl,RRm,year,precipitation,mm day-1,7,1
16055_16071_Region_um_Weimar,RRm,year,precipitation,mm day-1,7,1
16055_Weimar,RRm,year,precipitation,mm day-1,7,1
16056_16063_06636_Region_um_Eisenach,RRm,year,precipitation,mm day-1,7,1
16056_Eisenach,RRm,year,precipitation,mm day-1,7,1
16061_Eichsfeld,RRm,year,precipitation,mm day-1,7,1
16062_Nordhausen,RRm,year,precipitation,mm day-1,7,1
16063_Wartburgkreis,RRm,year,precipitation,mm day-1,7,1
16064_Unstrut-Hainich-Kreis,RRm,year,precipitation,mm day-1,7,1
16065_Kyffhäuserkreis,RRm,year,precipitation,mm day-1,7,1
16066_Schmalkalden-Meiningen,RRm,year,precipitation,mm day-1,7,1
16067_Gotha,RRm,year,precipitation,mm day-1,7,1
16068_Sömmerda,RRm,year,precipitation,mm day-1,7,1
16069_Hildburghausen,RRm,year,precipitation,mm day-1,7,1
16070_Ilm-Kreis,RRm,year,precipitation,mm day-1,7,1
16071_Weimarer Land,RRm,year,precipitation,mm day-1,7,1
16072_Sonneberg,RRm,year,precipitation,mm day-1,7,1
16073_Saalfeld-Rudolstadt,RRm,year,precipitation,mm day-1,7,1
16074_Saale-Holzland-Kreis,RRm,year,precipitation,mm day-1,7,1
16075_Saale-Orla-Kreis,RRm,year,precipitation,mm day-1,7,1
16076_Greiz,RRm,year,precipitation,mm day-1,7,1
16077_Altenburger Land,RRm,year,precipitation,mm day-1,7,1
